    8943    2630    3644    1558     600     322     155      32       2       0       0
604 0 1 1 38
660 0 1 1 44
671 0 1 1 452
738 0 1 1 6
740 0 1 1 1
761 0 1 1 19
784 0 1 1 1
787 0 1 1 2
792 0 1 1 18
793 0 1 1 5
798 0 1 1 3
865 0 1 1 11
629 1 1 1 1
660 1 1 1 36
661 1 1 1 18
662 1 1 1 27
663 1 1 1 4
671 1 1 1 467
738 1 1 1 9
739 1 1 1 1
740 1 1 1 1
759 1 1 1 21
760 1 1 1 43
761 1 1 1 43
784 1 1 1 4
785 1 1 1 2
786 1 1 1 1
787 1 1 1 3
792 1 1 1 6
798 1 1 1 2
801 1 1 1 1
865 1 1 1 45
602 2 1 1 32
629 2 1 1 2
671 2 1 1 377
688 2 1 1 418
740 2 1 1 1
758 2 1 1 11
759 2 1 1 87
771 2 1 1 5
798 2 1 1 1
801 2 1 1 2
802 2 1 1 2
664 3 1 1 5
671 3 1 1 275
688 3 1 1 325
689 3 1 1 56
705 3 1 1 22
759 3 1 1 149
771 3 1 1 15
795 3 1 1 2
798 3 1 1 1
800 3 1 1 1
801 3 1 1 3
630 4 1 1 3
631 4 1 1 21
664 4 1 1 22
680 4 1 1 715
681 4 1 1 555
682 4 1 1 472
683 4 1 1 570
690 4 1 1 13
704 4 1 1 4
705 4 1 1 29
738 4 1 1 4
745 4 1 1 2
755 4 1 1 11
756 4 1 1 11
764 4 1 1 67
771 4 1 1 21
800 4 1 1 1
631 5 1 1 12
664 5 1 1 21
671 5 1 1 69
681 5 1 1 85
683 5 1 1 132
690 5 1 1 45
691 5 1 1 21
705 5 1 1 18
738 5 1 1 3
746 5 1 1 1
755 5 1 1 47
756 5 1 1 66
757 5 1 1 69
771 5 1 1 29
800 5 1 1 1
631 6 1 1 5
664 6 1 1 12
685 6 1 1 528
699 6 1 1 24
702 6 1 1 17
705 6 1 1 35
738 6 1 1 2
746 6 1 1 1
771 6 1 1 33
800 6 1 1 1
861 6 1 1 6
631 7 1 1 2
664 7 1 1 17
685 7 1 1 570
697 7 1 1 5
698 7 1 1 38
699 7 1 1 86
702 7 1 1 20
705 7 1 1 64
738 7 1 1 2
746 7 1 1 11
751 7 1 1 16
752 7 1 1 3
753 7 1 1 11
770 7 1 1 17
771 7 1 1 47
800 7 1 1 1
821 7 1 1 1
822 7 1 1 3
823 7 1 1 2
824 7 1 1 1
860 7 1 1 9
861 7 1 1 46
598 8 1 1 222
634 8 1 1 23
635 8 1 1 67
664 8 1 1 12
672 8 1 1 13
673 8 1 1 646
678 8 1 1 630
685 8 1 1 377
697 8 1 1 9
738 8 1 1 4
746 8 1 1 33
769 8 1 1 4
784 8 1 1 2
791 8 1 1 2
815 8 1 1 1
830 8 1 1 2
834 8 1 1 1
857 8 1 1 14
598 9 1 1 189
599 9 1 1 17
635 9 1 1 29
664 9 1 1 8
673 9 1 1 538
678 9 1 1 331
679 9 1 1 16
684 9 1 1 94
685 9 1 1 313
696 9 1 1 10
697 9 1 1 17
738 9 1 1 5
746 9 1 1 22
747 9 1 1 6
748 9 1 1 7
749 9 1 1 20
769 9 1 1 17
791 9 1 1 6
804 9 1 1 1
807 9 1 1 1
812 9 1 1 1
813 9 1 1 1
814 9 1 1 1
815 9 1 1 1
830 9 1 1 5
831 9 1 1 4
832 9 1 1 3
833 9 1 1 4
834 9 1 1 3
835 9 1 1 4
836 9 1 1 2
856 9 1 1 17
857 9 1 1 51
600 10 1 1 1
635 10 1 1 8
673 10 1 1 278
683 10 1 1 34
738 10 1 1 5
760 10 1 1 114
769 10 1 1 37
791 10 1 1 1
811 10 1 1 1
836 10 1 1 2
843 10 1 1 2
855 10 1 1 17
600 11 1 1 3
635 11 1 1 1
673 11 1 1 44
683 11 1 1 94
741 11 1 1 19
742 11 1 1 33
743 11 1 1 2
745 11 1 1 1
760 11 1 1 81
769 11 1 1 19
790 11 1 1 1
791 11 1 1 6
800 11 1 1 1
803 11 1 1 2
809 11 1 1 1
810 11 1 1 1
811 11 1 1 2
837 11 1 1 1
838 11 1 1 3
839 11 1 1 3
840 11 1 1 3
841 11 1 1 2
842 11 1 1 1
843 11 1 1 5
848 11 1 1 1
851 11 1 1 2
852 11 1 1 1
853 11 1 1 2
854 11 1 1 26
855 11 1 1 47
637 12 1 1 13
673 12 1 1 78
678 12 1 1 119
682 12 1 1 16
683 12 1 1 133
741 12 1 1 27
760 12 1 1 13
780 12 1 1 3
791 12 1 1 2
804 12 1 1 2
805 12 1 1 1
809 12 1 1 2
810 12 1 1 2
811 12 1 1 2
846 12 1 1 1
847 12 1 1 1
848 12 1 1 1
637 13 1 1 69
664 13 1 1 34
665 13 1 1 12
672 13 1 1 5
673 13 1 1 28
678 13 1 1 20
683 13 1 1 167
738 13 1 1 18
739 13 1 1 21
740 13 1 1 58
741 13 1 1 75
791 13 1 1 10
804 13 1 1 2
808 13 1 1 2
809 13 1 1 4
811 13 1 1 3
598 14 1 1 38
668 14 1 1 10
678 14 1 1 11
680 14 1 1 17
758 14 1 1 201
767 14 1 1 36
778 14 1 1 9
791 14 1 1 2
806 14 1 1 1
808 14 1 1 1
811 14 1 1 5
845 14 1 1 1
846 14 1 1 1
849 14 1 1 4
598 15 1 1 1
637 15 1 1 3
668 15 1 1 27
669 15 1 1 10
679 15 1 1 23
680 15 1 1 40
681 15 1 1 61
758 15 1 1 202
759 15 1 1 1
764 15 1 1 4
765 15 1 1 16
766 15 1 1 44
767 15 1 1 41
810 15 1 1 1
811 15 1 1 9
845 15 1 1 1
849 15 1 1 21
568 16 1 1 323
571 16 1 1 1
596 16 1 1 97
597 16 1 1 2
637 16 1 1 5
670 16 1 1 3
673 16 1 1 7
679 16 1 1 30
758 16 1 1 224
763 16 1 1 9
776 16 1 1 8
793 16 1 1 2
849 16 1 1 37
568 17 1 1 157
569 17 1 1 7
570 17 1 1 1
571 17 1 1 8
596 17 1 1 2
637 17 1 1 30
670 17 1 1 6
671 17 1 1 10
672 17 1 1 32
673 17 1 1 96
678 17 1 1 59
679 17 1 1 70
758 17 1 1 267
759 17 1 1 47
763 17 1 1 33
793 17 1 1 8
808 17 1 1 2
809 17 1 1 11
846 17 1 1 10
848 17 1 1 15
849 17 1 1 87
592 18 1 1 410
593 18 1 1 234
594 18 1 1 26
637 18 1 1 65
744 18 1 1 291
745 18 1 1 33
747 18 1 1 18
774 18 1 1 58
775 18 1 1 12
793 18 1 1 3
593 19 1 1 56
594 19 1 1 13
595 19 1 1 25
636 19 1 1 34
637 19 1 1 107
747 19 1 1 13
774 19 1 1 44
793 19 1 1 8
635 20 1 1 22
742 20 1 1 310
747 20 1 1 150
774 20 1 1 31
793 20 1 1 3
634 21 1 1 23
635 21 1 1 2
742 21 1 1 110
746 21 1 1 150
747 21 1 1 342
774 21 1 1 23
793 21 1 1 6
590 22 1 1 409
591 22 1 1 17
633 22 1 1 7
666 22 1 1 49
667 22 1 1 32
745 22 1 1 134
774 22 1 1 17
793 22 1 1 1
590 23 1 1 275
633 23 1 1 9
666 23 1 1 1
742 23 1 1 7
744 23 1 1 101
745 23 1 1 324
774 23 1 1 13
590 24 1 1 22
633 24 1 1 6
664 24 1 1 234
669 24 1 1 30
740 24 1 1 136
741 24 1 1 32
743 24 1 1 41
774 24 1 1 7
590 25 1 1 8
633 25 1 1 5
664 25 1 1 269
665 25 1 1 164
669 25 1 1 1
742 25 1 1 24
743 25 1 1 74
774 25 1 1 1
588 26 1 1 514
668 26 1 1 44
736 26 1 1 153
738 26 1 1 27
768 26 1 1 35
769 26 1 1 23
588 27 1 1 290
589 27 1 1 26
668 27 1 1 81
669 27 1 1 71
741 27 1 1 4
769 27 1 1 1
773 27 1 1 2
774 27 1 1 1
588 28 1 1 191
590 28 1 1 1
664 28 1 1 286
665 28 1 1 270
734 28 1 1 131
741 28 1 1 16
762 28 1 1 44
763 28 1 1 16
764 28 1 1 16
765 28 1 1 6
766 28 1 1 5
767 28 1 1 3
773 28 1 1 1
774 28 1 1 1
775 28 1 1 1
779 28 1 1 2
780 28 1 1 2
793 28 1 1 1
588 29 1 1 148
589 29 1 1 19
590 29 1 1 3
665 29 1 1 197
734 29 1 1 3
741 29 1 1 23
762 29 1 1 8
764 29 1 1 2
775 29 1 1 1
776 29 1 1 1
779 29 1 1 4
780 29 1 1 5
781 29 1 1 2
782 29 1 1 2
783 29 1 1 2
784 29 1 1 2
793 29 1 1 6
590 30 1 1 6
646 30 1 1 6
648 30 1 1 104
649 30 1 1 242
668 30 1 1 37
669 30 1 1 124
732 30 1 1 20
760 30 1 1 4
764 30 1 1 1
776 30 1 1 1
777 30 1 1 1
590 31 1 1 7
649 31 1 1 209
736 31 1 1 11
737 31 1 1 17
738 31 1 1 17
739 31 1 1 17
777 31 1 1 1
590 32 1 1 6
644 32 1 1 144
649 32 1 1 162
671 32 1 1 253
730 32 1 1 22
735 32 1 1 21
756 32 1 1 29
757 32 1 1 26
786 32 1 1 3
793 32 1 1 14
590 33 1 1 2
644 33 1 1 127
647 33 1 1 19
649 33 1 1 174
666 33 1 1 13
670 33 1 1 17
671 33 1 1 187
734 33 1 1 13
735 33 1 1 41
757 33 1 1 1
793 33 1 1 8
671 34 1 1 111
728 34 1 1 14
754 34 1 1 19
778 34 1 1 1
779 34 1 1 2
785 34 1 1 2
793 34 1 1 4
670 35 1 1 87
671 35 1 1 129
733 35 1 1 8
793 35 1 1 4
660 36 1 1 12
661 36 1 1 281
722 36 1 1 252
724 36 1 1 21
725 36 1 1 7
733 36 1 1 18
744 36 1 1 87
745 36 1 1 126
794 36 1 1 5
795 36 1 1 15
661 37 1 1 259
722 37 1 1 8
732 37 1 1 2
733 37 1 1 23
745 37 1 1 12
789 37 1 1 3
795 37 1 1 1
588 38 1 1 2
634 38 1 1 18
635 38 1 1 121
661 38 1 1 155
720 38 1 1 40
742 38 1 1 7
747 38 1 1 5
748 38 1 1 8
749 38 1 1 11
588 39 1 1 2
635 39 1 1 50
660 39 1 1 142
661 39 1 1 188
720 39 1 1 21
731 39 1 1 8
786 39 1 1 1
787 39 1 1 31
790 39 1 1 7
586 40 1 1 8
587 40 1 1 2
636 40 1 1 20
637 40 1 1 161
720 40 1 1 21
771 40 1 1 1
772 40 1 1 1
790 40 1 1 41
797 40 1 1 38
586 41 1 1 7
637 41 1 1 13
720 41 1 1 16
771 41 1 1 1
772 41 1 1 1
773 41 1 1 1
785 41 1 1 1
790 41 1 1 107
791 41 1 1 59
792 41 1 1 23
793 41 1 1 20
794 41 1 1 25
795 41 1 1 31
796 41 1 1 34
797 41 1 1 47
586 42 1 1 3
729 42 1 1 8
785 42 1 1 24
728 43 1 1 4
729 43 1 1 13
774 43 1 1 4
775 43 1 1 1
781 43 1 1 13
782 43 1 1 26
783 43 1 1 51
784 43 1 1 58
785 43 1 1 72
584 44 1 1 24
585 44 1 1 3
637 44 1 1 41
716 44 1 1 18
717 44 1 1 9
718 44 1 1 9
719 44 1 1 5
720 44 1 1 2
727 44 1 1 2
771 44 1 1 6
779 44 1 1 40
584 45 1 1 9
631 45 1 1 3
632 45 1 1 8
633 45 1 1 3
635 45 1 1 6
636 45 1 1 52
637 45 1 1 116
719 45 1 1 5
720 45 1 1 1
721 45 1 1 1
725 45 1 1 4
726 45 1 1 6
727 45 1 1 12
770 45 1 1 6
771 45 1 1 27
776 45 1 1 20
777 45 1 1 31
778 45 1 1 17
779 45 1 1 41
631 46 1 1 8
664 46 1 1 411
665 46 1 1 568
698 46 1 1 338
699 46 1 1 29
717 46 1 1 3
742 46 1 1 1
790 46 1 1 250
791 46 1 1 220
792 46 1 1 216
793 46 1 1 205
794 46 1 1 118
795 46 1 1 32
631 47 1 1 2
665 47 1 1 535
716 47 1 1 7
717 47 1 1 10
791 47 1 1 33
792 47 1 1 10
797 47 1 1 40
580 48 1 1 10
631 48 1 1 4
652 48 1 1 335
653 48 1 1 382
662 48 1 1 254
667 48 1 1 335
696 48 1 1 348
704 48 1 1 14
705 48 1 1 17
742 48 1 1 2
770 48 1 1 3
771 48 1 1 20
784 48 1 1 243
785 48 1 1 238
788 48 1 1 32
797 48 1 1 1
631 49 1 1 21
653 49 1 1 221
663 49 1 1 14
667 49 1 1 223
705 49 1 1 5
742 49 1 1 2
771 49 1 1 9
785 49 1 1 27
797 49 1 1 47
653 50 1 1 7
655 50 1 1 220
656 50 1 1 252
657 50 1 1 257
660 50 1 1 203
667 50 1 1 11
694 50 1 1 379
707 50 1 1 9
742 50 1 1 1
778 50 1 1 14
779 50 1 1 46
780 50 1 1 67
781 50 1 1 8
789 50 1 1 1
796 50 1 1 15
797 50 1 1 45
627 51 1 1 1
628 51 1 1 9
629 51 1 1 24
652 51 1 1 317
653 51 1 1 303
654 51 1 1 119
655 51 1 1 95
657 51 1 1 53
661 51 1 1 63
695 51 1 1 18
707 51 1 1 18
779 51 1 1 102
792 51 1 1 7
793 51 1 1 24
797 51 1 1 7
574 52 1 1 4
627 52 1 1 21
656 52 1 1 1
657 52 1 1 2
658 52 1 1 5
667 52 1 1 1
694 52 1 1 25
738 52 1 1 45
739 52 1 1 16
794 52 1 1 17
626 53 1 1 17
627 53 1 1 47
694 53 1 1 21
738 53 1 1 32
774 53 1 1 1
778 53 1 1 1
786 53 1 1 8
787 53 1 1 14
788 53 1 1 2
789 53 1 1 6
794 53 1 1 52
795 53 1 1 51
572 54 1 1 29
625 54 1 1 11
654 54 1 1 19
655 54 1 1 3
669 54 1 1 212
694 54 1 1 17
738 54 1 1 5
773 54 1 1 3
774 54 1 1 3
783 54 1 1 12
572 55 1 1 16
624 55 1 1 9
625 55 1 1 42
654 55 1 1 10
669 55 1 1 20
694 55 1 1 24
695 55 1 1 3
771 55 1 1 2
772 55 1 1 5
773 55 1 1 8
774 55 1 1 3
781 55 1 1 5
782 55 1 1 24
783 55 1 1 16
572 56 1 1 9
623 56 1 1 12
654 56 1 1 2
694 56 1 1 29
695 56 1 1 2
705 56 1 1 1
706 56 1 1 1
736 56 1 1 78
737 56 1 1 9
769 56 1 1 3
774 56 1 1 2
572 57 1 1 5
623 57 1 1 43
694 57 1 1 25
705 57 1 1 2
706 57 1 1 1
707 57 1 1 1
769 57 1 1 4
777 57 1 1 1
778 57 1 1 3
779 57 1 1 19
564 58 1 1 701
565 58 1 1 442
566 58 1 1 275
567 58 1 1 160
568 58 1 1 34
569 58 1 1 22
621 58 1 1 22
673 58 1 1 41
705 58 1 1 2
736 58 1 1 35
769 58 1 1 2
770 58 1 1 3
771 58 1 1 3
775 58 1 1 1
565 59 1 1 25
569 59 1 1 12
619 59 1 1 8
620 59 1 1 39
621 59 1 1 14
673 59 1 1 9
705 59 1 1 9
736 59 1 1 17
768 59 1 1 2
769 59 1 1 8
774 59 1 1 25
775 59 1 1 14
562 60 1 1 1061
568 60 1 1 7
569 60 1 1 10
673 60 1 1 3
692 60 1 1 72
693 60 1 1 17
705 60 1 1 22
736 60 1 1 7
562 61 1 1 569
607 61 1 1 5
608 61 1 1 31
609 61 1 1 6
612 61 1 1 3
613 61 1 1 2
673 61 1 1 8
692 61 1 1 28
704 61 1 1 4
705 61 1 1 37
767 61 1 1 8
770 61 1 1 38
771 61 1 1 20
617 62 1 1 5
652 62 1 1 104
690 62 1 1 155
691 62 1 1 31
732 62 1 1 265
733 62 1 1 190
734 62 1 1 106
735 62 1 1 10
767 62 1 1 29
562 63 1 1 24
605 63 1 1 20
616 63 1 1 1
617 63 1 1 9
652 63 1 1 96
690 63 1 1 31
703 63 1 1 5
733 63 1 1 56
766 63 1 1 8
767 63 1 1 30
562 64 1 1 168
615 64 1 1 1
652 64 1 1 103
688 64 1 1 154
689 64 1 1 27
703 64 1 1 22
730 64 1 1 164
562 65 1 1 208
563 65 1 1 19
589 65 1 1 17
590 65 1 1 33
591 65 1 1 20
593 65 1 1 15
603 65 1 1 47
615 65 1 1 20
652 65 1 1 125
653 65 1 1 4
671 65 1 1 2
688 65 1 1 28
702 65 1 1 9
703 65 1 1 35
764 65 1 1 7
582 66 1 1 58
585 66 1 1 33
596 66 1 1 30
603 66 1 1 28
654 66 1 1 17
671 66 1 1 2
672 66 1 1 2
673 66 1 1 2
674 66 1 1 3
675 66 1 1 5
688 66 1 1 5
701 66 1 1 2
702 66 1 1 11
703 66 1 1 48
722 66 1 1 320
723 66 1 1 286
727 66 1 1 12
796 66 1 1 12
797 66 1 1 1
564 67 1 1 24
573 67 1 1 19
576 67 1 1 11
577 67 1 1 12
578 67 1 1 45
579 67 1 1 119
582 67 1 1 259
583 67 1 1 221
584 67 1 1 210
585 67 1 1 193
596 67 1 1 65
597 67 1 1 23
599 67 1 1 20
600 67 1 1 15
654 67 1 1 45
670 67 1 1 1
671 67 1 1 2
673 67 1 1 5
703 67 1 1 22
723 67 1 1 48
762 67 1 1 21
763 67 1 1 19
797 67 1 1 18
569 68 1 1 22
571 68 1 1 55
608 68 1 1 7
659 68 1 1 2
663 68 1 1 2
667 68 1 1 3
670 68 1 1 2
673 68 1 1 1
686 68 1 1 14
703 68 1 1 31
720 68 1 1 343
721 68 1 1 224
761 68 1 1 19
794 68 1 1 1
804 68 1 1 16
805 68 1 1 25
568 69 1 1 234
569 69 1 1 250
570 69 1 1 234
571 69 1 1 199
658 69 1 1 42
659 69 1 1 45
660 69 1 1 16
661 69 1 1 8
662 69 1 1 4
663 69 1 1 7
664 69 1 1 2
666 69 1 1 5
667 69 1 1 6
670 69 1 1 4
671 69 1 1 3
672 69 1 1 3
673 69 1 1 3
701 69 1 1 8
702 69 1 1 33
703 69 1 1 58
721 69 1 1 14
761 69 1 1 51
797 69 1 1 3
805 69 1 1 10
606 70 1 1 168
611 70 1 1 134
657 70 1 1 39
680 70 1 1 29
681 70 1 1 27
757 70 1 1 7
759 70 1 1 41
792 70 1 1 11
798 70 1 1 3
799 70 1 1 2
802 70 1 1 2
805 70 1 1 2
606 71 1 1 192
607 71 1 1 24
608 71 1 1 11
609 71 1 1 4
610 71 1 1 68
611 71 1 1 148
656 71 1 1 11
657 71 1 1 58
681 71 1 1 5
698 71 1 1 1
699 71 1 1 9
799 71 1 1 3
802 71 1 1 2
618 72 1 1 224
623 72 1 1 239
676 72 1 1 2
677 72 1 1 1
697 72 1 1 1
714 72 1 1 408
715 72 1 1 235
716 72 1 1 18
786 72 1 1 173
788 72 1 1 12
789 72 1 1 3
619 73 1 1 2
623 73 1 1 105
696 73 1 1 1
697 73 1 1 9
714 73 1 1 211
757 73 1 1 28
786 73 1 1 109
787 73 1 1 19
566 74 1 1 313
594 74 1 1 338
595 74 1 1 223
601 74 1 1 14
606 74 1 1 10
612 74 1 1 9
614 74 1 1 107
615 74 1 1 137
625 74 1 1 232
626 74 1 1 348
627 74 1 1 501
630 74 1 1 429
631 74 1 1 660
712 74 1 1 308
713 74 1 1 186
757 74 1 1 38
786 74 1 1 31
806 74 1 1 3
807 74 1 1 1
808 74 1 1 6
809 74 1 1 13
566 75 1 1 4
595 75 1 1 44
601 75 1 1 49
606 75 1 1 30
627 75 1 1 406
631 75 1 1 556
695 75 1 1 6
713 75 1 1 57
757 75 1 1 26
806 75 1 1 1
809 75 1 1 14
561 76 1 1 236
562 76 1 1 235
567 76 1 1 1
594 76 1 1 30
597 76 1 1 1
606 76 1 1 175
627 76 1 1 1
628 76 1 1 18
632 76 1 1 235
633 76 1 1 496
674 76 1 1 2
710 76 1 1 214
712 76 1 1 1
757 76 1 1 5
772 76 1 1 335
773 76 1 1 396
784 76 1 1 199
809 76 1 1 1
561 77 1 1 24
563 77 1 1 14
565 77 1 1 3
566 77 1 1 2
567 77 1 1 11
596 77 1 1 1
597 77 1 1 2
606 77 1 1 162
633 77 1 1 394
710 77 1 1 34
711 77 1 1 23
712 77 1 1 1
713 77 1 1 1
714 77 1 1 4
757 77 1 1 1
773 77 1 1 87
784 77 1 1 155
785 77 1 1 60
786 77 1 1 24
809 77 1 1 4
556 78 1 1 494
557 78 1 1 225
558 78 1 1 5
563 78 1 1 1
596 78 1 1 9
600 78 1 1 97
601 78 1 1 265
606 78 1 1 32
672 78 1 1 7
673 78 1 1 3
714 78 1 1 1
758 78 1 1 8
759 78 1 1 42
762 78 1 1 46
763 78 1 1 22
764 78 1 1 95
765 78 1 1 130
766 78 1 1 112
767 78 1 1 89
768 78 1 1 35
769 78 1 1 34
776 78 1 1 254
777 78 1 1 496
780 78 1 1 282
781 78 1 1 274
782 78 1 1 192
783 78 1 1 142
784 78 1 1 79
785 78 1 1 43
809 78 1 1 6
556 79 1 1 202
560 79 1 1 1
561 79 1 1 1
562 79 1 1 1
563 79 1 1 3
596 79 1 1 23
601 79 1 1 306
606 79 1 1 42
607 79 1 1 11
631 79 1 1 10
672 79 1 1 3
714 79 1 1 1
759 79 1 1 15
765 79 1 1 25
777 79 1 1 386
781 79 1 1 167
783 79 1 1 29
785 79 1 1 10
788 79 1 1 1
789 79 1 1 2
808 79 1 1 1
809 79 1 1 11
555 80 1 1 25
596 80 1 1 92
631 80 1 1 37
712 80 1 1 1
713 80 1 1 1
735 80 1 1 1
809 80 1 1 7
561 81 1 1 1
596 81 1 1 180
597 81 1 1 64
601 81 1 1 4
631 81 1 1 46
730 81 1 1 2
731 81 1 1 3
732 81 1 1 3
733 81 1 1 3
734 81 1 1 3
735 81 1 1 3
738 81 1 1 3
739 81 1 1 1
783 81 1 1 5
790 81 1 1 1
809 81 1 1 9
550 82 1 1 514
561 82 1 1 2
562 82 1 1 2
563 82 1 1 4
585 82 1 1 161
602 82 1 1 6
603 82 1 1 22
604 82 1 1 23
605 82 1 1 11
631 82 1 1 37
666 82 1 1 15
667 82 1 1 11
668 82 1 1 10
669 82 1 1 8
670 82 1 1 2
708 82 1 1 18
709 82 1 1 11
710 82 1 1 3
740 82 1 1 1
809 82 1 1 3
550 83 1 1 19
551 83 1 1 25
585 83 1 1 100
603 83 1 1 9
605 83 1 1 7
631 83 1 1 26
666 83 1 1 5
669 83 1 1 1
695 83 1 1 1
709 83 1 1 4
740 83 1 1 2
741 83 1 1 1
559 84 1 1 2
565 84 1 1 23
585 84 1 1 109
598 84 1 1 60
631 84 1 1 6
662 84 1 1 14
663 84 1 1 3
664 84 1 1 3
665 84 1 1 1
704 84 1 1 19
705 84 1 1 14
706 84 1 1 8
707 84 1 1 2
779 84 1 1 1
781 84 1 1 3
559 85 1 1 2
564 85 1 1 2
565 85 1 1 23
584 85 1 1 15
585 85 1 1 157
598 85 1 1 14
662 85 1 1 6
705 85 1 1 2
707 85 1 1 2
777 85 1 1 3
778 85 1 1 2
779 85 1 1 6
780 85 1 1 5
781 85 1 1 4
548 86 1 1 30
560 86 1 1 7
563 86 1 1 2
586 86 1 1 44
598 86 1 1 34
633 86 1 1 16
660 86 1 1 13
661 86 1 1 9
662 86 1 1 2
695 86 1 1 2
702 86 1 1 3
728 86 1 1 2
729 86 1 1 3
742 86 1 1 6
774 86 1 1 1
548 87 1 1 66
560 87 1 1 20
561 87 1 1 15
562 87 1 1 12
563 87 1 1 9
598 87 1 1 37
633 87 1 1 3
661 87 1 1 1
694 87 1 1 1
695 87 1 1 3
702 87 1 1 2
729 87 1 1 3
742 87 1 1 4
772 87 1 1 1
773 87 1 1 4
774 87 1 1 1
775 87 1 1 1
547 88 1 1 10
551 88 1 1 10
580 88 1 1 73
581 88 1 1 2
598 88 1 1 27
637 88 1 1 9
638 88 1 1 37
639 88 1 1 106
650 88 1 1 24
651 88 1 1 20
693 88 1 1 1
702 88 1 1 1
729 88 1 1 1
730 88 1 1 2
731 88 1 1 3
771 88 1 1 1
550 89 1 1 44
551 89 1 1 8
580 89 1 1 69
587 89 1 1 21
598 89 1 1 7
639 89 1 1 14
650 89 1 1 4
693 89 1 1 2
731 89 1 1 3
770 89 1 1 2
771 89 1 1 1
809 89 1 1 2
544 90 1 1 582
587 90 1 1 21
594 90 1 1 42
595 90 1 1 26
596 90 1 1 10
597 90 1 1 1
642 90 1 1 10
643 90 1 1 17
644 90 1 1 23
645 90 1 1 24
648 90 1 1 4
731 90 1 1 1
740 90 1 1 5
760 90 1 1 1
761 90 1 1 1
763 90 1 1 1
769 90 1 1 2
772 90 1 1 1
773 90 1 1 1
775 90 1 1 1
807 90 1 1 1
809 90 1 1 1
544 91 1 1 735
545 91 1 1 325
546 91 1 1 126
547 91 1 1 108
587 91 1 1 17
645 91 1 1 4
648 91 1 1 2
652 91 1 1 1
676 91 1 1 1
677 91 1 1 1
678 91 1 1 1
691 91 1 1 1
730 91 1 1 1
731 91 1 1 3
740 91 1 1 5
741 91 1 1 2
769 91 1 1 2
772 91 1 1 1
775 91 1 1 3
792 91 1 1 1
806 91 1 1 2
807 91 1 1 1
808 91 1 1 1
809 91 1 1 6
647 92 1 1 3
648 92 1 1 2
652 92 1 1 1
671 92 1 1 1
676 92 1 1 1
677 92 1 1 1
678 92 1 1 1
690 92 1 1 1
697 92 1 1 1
740 92 1 1 4
750 92 1 1 1
756 92 1 1 1
765 92 1 1 1
766 92 1 1 1
772 92 1 1 1
775 92 1 1 2
776 92 1 1 2
777 92 1 1 2
792 92 1 1 1
647 93 1 1 1
648 93 1 1 2
649 93 1 1 1
668 93 1 1 2
669 93 1 1 2
670 93 1 1 2
671 93 1 1 2
676 93 1 1 1
750 93 1 1 3
754 93 1 1 1
756 93 1 1 1
757 93 1 1 1
766 93 1 1 1
767 93 1 1 2
772 93 1 1 1
775 93 1 1 2
777 93 1 1 5
803 93 1 1 1
580 94 1 1 4
665 94 1 1 1
674 94 1 1 1
675 94 1 1 1
681 94 1 1 2
750 94 1 1 1
753 94 1 1 2
754 94 1 1 2
756 94 1 1 1
765 94 1 1 1
772 94 1 1 2
777 94 1 1 2
580 95 1 1 3
581 95 1 1 4
664 95 1 1 1
665 95 1 1 2
674 95 1 1 1
679 95 1 1 3
680 95 1 1 5
681 95 1 1 5
750 95 1 1 2
751 95 1 1 2
752 95 1 1 2
753 95 1 1 3
754 95 1 1 2
756 95 1 1 1
764 95 1 1 2
765 95 1 1 2
772 95 1 1 2
773 95 1 1 1
774 95 1 1 1
775 95 1 1 3
776 95 1 1 2
777 95 1 1 5
802 95 1 1 1
804 95 1 1 1
805 95 1 1 4
580 96 1 1 8
581 96 1 1 2
661 96 1 1 2
672 96 1 1 1
673 96 1 1 1
677 96 1 1 1
749 96 1 1 2
786 96 1 1 1
787 96 1 1 1
788 96 1 1 1
789 96 1 1 1
580 97 1 1 8
659 97 1 1 1
660 97 1 1 2
661 97 1 1 4
676 97 1 1 1
677 97 1 1 5
727 97 1 1 2
738 97 1 1 2
749 97 1 1 3
787 97 1 1 1
789 97 1 1 5
801 97 1 1 3
580 98 1 1 8
670 98 1 1 1
680 98 1 1 3
727 98 1 1 5
736 98 1 1 1
789 98 1 1 1
801 98 1 1 2
580 99 1 1 9
581 99 1 1 3
675 99 1 1 2
726 99 1 1 1
727 99 1 1 5
730 99 1 1 1
731 99 1 1 2
736 99 1 1 2
737 99 1 1 2
738 99 1 1 2
739 99 1 1 2
740 99 1 1 1
746 99 1 1 1
747 99 1 1 3
786 99 1 1 2
787 99 1 1 2
788 99 1 1 2
789 99 1 1 3
800 99 1 1 2
801 99 1 1 6
580 100 1 1 8
581 100 1 1 3
666 100 1 1 1
667 100 1 1 1
678 100 1 1 1
727 100 1 1 2
730 100 1 1 2
731 100 1 1 2
742 100 1 1 1
793 100 1 1 1
794 100 1 1 1
799 100 1 1 2
580 101 1 1 6
655 101 1 1 1
666 101 1 1 1
673 101 1 1 2
727 101 1 1 1
740 101 1 1 1
741 101 1 1 2
742 101 1 1 3
743 101 1 1 1
792 101 1 1 2
793 101 1 1 2
794 101 1 1 2
798 101 1 1 2
799 101 1 1 3
580 102 1 1 4
664 102 1 1 1
727 102 1 1 1
729 102 1 1 1
742 102 1 1 2
797 102 1 1 1
652 103 1 1 1
653 103 1 1 1
670 103 1 1 1
671 103 1 1 1
683 103 1 1 1
684 103 1 1 1
725 103 1 1 1
726 103 1 1 1
729 103 1 1 2
744 103 1 1 1
745 103 1 1 2
796 103 1 1 3
797 103 1 1 4
578 104 1 1 1
651 104 1 1 1
660 104 1 1 1
661 104 1 1 1
669 104 1 1 1
681 104 1 1 2
683 104 1 1 1
684 104 1 1 1
726 104 1 1 3
729 104 1 1 1
743 104 1 1 1
578 105 1 1 2
579 105 1 1 1
650 105 1 1 1
651 105 1 1 2
660 105 1 1 2
667 105 1 1 1
668 105 1 1 2
669 105 1 1 6
675 105 1 1 1
681 105 1 1 3
682 105 1 1 2
683 105 1 1 1
684 105 1 1 1
723 105 1 1 2
726 105 1 1 3
727 105 1 1 2
728 105 1 1 1
729 105 1 1 3
742 105 1 1 1
743 105 1 1 2
578 106 1 1 3
649 106 1 1 1
674 106 1 1 1
681 106 1 1 2
578 107 1 1 7
579 107 1 1 1
649 107 1 1 2
665 107 1 1 2
674 107 1 1 3
675 107 1 1 4
676 107 1 1 1
681 107 1 1 2
721 107 1 1 2
578 108 1 1 7
658 108 1 1 2
663 108 1 1 2
678 108 1 1 1
681 108 1 1 1
578 109 1 1 13
658 109 1 1 2
659 109 1 1 5
662 109 1 1 1
663 109 1 1 2
678 109 1 1 3
681 109 1 1 2
684 109 1 1 1
661 110 1 1 1
678 110 1 1 3
681 110 1 1 1
580 111 1 1 6
660 111 1 1 2
661 111 1 1 4
678 111 1 1 3
679 111 1 1 2
681 111 1 1 2
717 111 1 1 1
580 112 1 1 9
649 112 1 1 1
652 112 1 1 2
655 112 1 1 3
686 112 1 1 1
717 112 1 1 3
580 113 1 1 13
581 113 1 1 5
582 113 1 1 1
649 113 1 1 3
652 113 1 1 1
655 113 1 1 3
686 113 1 1 2
713 113 1 1 1
716 113 1 1 3
717 113 1 1 4
586 114 1 1 3
649 114 1 1 3
652 114 1 1 1
688 114 1 1 1
701 114 1 1 1
586 115 1 1 6
587 115 1 1 4
649 115 1 1 9
652 115 1 1 4
653 115 1 1 3
654 115 1 1 2
655 115 1 1 3
688 115 1 1 1
689 115 1 1 1
701 115 1 1 1
708 116 1 1 1
590 117 1 1 3
647 117 1 1 2
692 117 1 1 1
693 117 1 1 2
694 117 1 1 2
696 117 1 1 2
697 117 1 1 2
698 117 1 1 2
699 117 1 1 2
704 117 1 1 2
705 117 1 1 1
706 117 1 1 2
707 117 1 1 2
708 117 1 1 2
709 117 1 1 2
578 118 1 1 7
579 118 1 1 3
580 118 1 1 4
647 118 1 1 2
712 118 1 1 2
713 118 1 1 2
720 118 1 1 2
723 118 1 1 1
581 119 1 1 4
592 119 1 1 1
646 119 1 1 2
647 119 1 1 10
712 119 1 1 2
720 119 1 1 2
721 119 1 1 4
722 119 1 1 1
723 119 1 1 4
572 120 1 1 33
573 120 1 1 19
574 120 1 1 8
575 120 1 1 1
576 120 1 1 1
577 120 1 1 1
594 120 1 1 1
645 120 1 1 2
667 120 1 1 2
720 120 1 1 2
721 120 1 1 2
723 120 1 1 1
575 121 1 1 20
577 121 1 1 4
594 121 1 1 4
644 121 1 1 2
645 121 1 1 5
667 121 1 1 6
713 121 1 1 1
723 121 1 1 3
570 122 1 1 14
571 122 1 1 3
667 122 1 1 1
718 122 1 1 1
719 122 1 1 1
722 122 1 1 1
596 123 1 1 2
666 123 1 1 1
667 123 1 1 5
721 123 1 1 3
723 123 1 1 2
724 123 1 1 1
725 123 1 1 6
566 124 1 1 14
581 124 1 1 2
596 124 1 1 3
598 124 1 1 1
599 124 1 1 1
600 124 1 1 1
714 124 1 1 2
715 124 1 1 2
718 124 1 1 1
566 125 1 1 10
581 125 1 1 5
596 125 1 1 3
597 125 1 1 2
600 125 1 1 3
601 125 1 1 4
602 125 1 1 2
643 125 1 1 1
715 125 1 1 4
718 125 1 1 2
719 125 1 1 2
566 126 1 1 7
581 126 1 1 1
598 126 1 1 2
602 126 1 1 5
643 126 1 1 2
719 126 1 1 2
566 127 1 1 5
581 127 1 1 2
598 127 1 1 3
599 127 1 1 4
602 127 1 1 7
603 127 1 1 1
643 127 1 1 5
718 127 1 1 2
719 127 1 1 5
720 127 1 1 3
721 127 1 1 4
566 128 1 1 4
581 128 1 1 3
602 128 1 1 7
603 128 1 1 1
643 128 1 1 1
566 129 1 1 4
581 129 1 1 4
602 129 1 1 6
643 129 1 1 17
566 130 1 1 3
581 130 1 1 4
602 130 1 1 4
566 131 1 1 1
567 131 1 1 1
580 131 1 1 2
581 131 1 1 6
566 132 1 1 1
562 134 1 1 2
600 134 1 1 4
601 134 1 1 1
641 134 1 1 3
658 134 1 1 3
662 134 1 1 1
663 134 1 1 1
579 135 1 1 1
600 135 1 1 3
641 135 1 1 5
658 135 1 1 2
560 136 1 1 4
579 136 1 1 5
641 136 1 1 1
643 136 1 1 3
658 136 1 1 1
665 136 1 1 2
684 136 1 1 2
685 136 1 1 3
686 136 1 1 4
687 136 1 1 5
688 136 1 1 7
689 136 1 1 8
579 137 1 1 9
641 137 1 1 6
643 137 1 1 2
685 137 1 1 6
689 137 1 1 2
558 138 1 1 20
598 138 1 1 2
646 138 1 1 1
666 138 1 1 1
667 138 1 1 2
682 138 1 1 2
691 138 1 1 4
558 139 1 1 12
577 139 1 1 1
645 139 1 1 1
658 139 1 1 1
667 139 1 1 4
682 139 1 1 5
683 139 1 1 5
684 139 1 1 1
685 139 1 1 1
690 139 1 1 1
691 139 1 1 5
552 140 1 1 6
553 140 1 1 8
554 140 1 1 10
555 140 1 1 15
558 140 1 1 7
577 140 1 1 1
594 140 1 1 4
595 140 1 1 1
647 140 1 1 13
667 140 1 1 2
678 140 1 1 2
689 140 1 1 3
558 141 1 1 4
594 141 1 1 1
646 141 1 1 13
647 141 1 1 26
667 141 1 1 4
688 141 1 1 8
689 141 1 1 8
548 142 1 1 33
549 142 1 1 5
557 142 1 1 1
582 142 1 1 5
583 142 1 1 1
584 142 1 1 1
585 142 1 1 1
586 142 1 1 1
645 142 1 1 15
658 142 1 1 1
674 142 1 1 2
548 143 1 1 28
557 143 1 1 6
558 143 1 1 1
559 143 1 1 1
577 143 1 1 1
582 143 1 1 2
643 143 1 1 2
644 143 1 1 14
645 143 1 1 26
658 143 1 1 2
548 144 1 1 20
557 144 1 1 2
578 144 1 1 1
579 144 1 1 4
580 144 1 1 4
581 144 1 1 2
658 144 1 1 1
670 144 1 1 3
678 144 1 1 2
679 144 1 1 1
548 145 1 1 3
557 145 1 1 3
560 145 1 1 1
579 145 1 1 1
641 145 1 1 1
677 145 1 1 4
678 145 1 1 4
548 146 1 1 11
558 146 1 1 1
559 146 1 1 1
641 146 1 1 4
656 146 1 1 25
665 146 1 1 1
666 146 1 1 3
667 146 1 1 3
668 146 1 1 2
669 146 1 1 1
677 146 1 1 1
548 147 1 1 6
558 147 1 1 1
641 147 1 1 1
656 147 1 1 21
664 147 1 1 1
665 147 1 1 1
669 147 1 1 2
670 147 1 1 1
671 147 1 1 1
673 147 1 1 1
674 147 1 1 1
675 147 1 1 1
676 147 1 1 1
677 147 1 1 3
557 148 1 1 1
641 148 1 1 10
656 148 1 1 10
663 148 1 1 1
664 148 1 1 3
669 148 1 1 1
674 148 1 1 1
675 148 1 1 1
640 149 1 1 5
641 149 1 1 14
663 149 1 1 2
666 149 1 1 1
667 149 1 1 1
668 149 1 1 1
669 149 1 1 3
675 149 1 1 1
664 150 1 1 1
666 150 1 1 2
667 150 1 1 5
672 150 1 1 2
639 151 1 1 1
665 151 1 1 2
667 151 1 1 13
672 151 1 1 26
639 152 1 1 1
652 152 1 1 11
672 152 1 1 49
639 153 1 1 3
652 153 1 1 27
672 153 1 1 78
673 153 1 1 2
674 153 1 1 22
675 153 1 1 91
639 154 1 1 1
652 154 1 1 80
638 155 1 1 8
639 155 1 1 17
652 155 1 1 102
665 155 1 1 2
652 156 1 1 89
667 156 1 1 17
637 157 1 1 18
652 157 1 1 78
653 157 1 1 34
666 157 1 1 30
667 157 1 1 24
656 158 1 1 2
665 158 1 1 9
635 159 1 1 7
654 159 1 1 24
655 159 1 1 49
656 159 1 1 40
657 159 1 1 46
658 159 1 1 25
659 159 1 1 3
663 159 1 1 16
664 159 1 1 34
665 159 1 1 10
412 160 1 1 1218
413 160 1 1 1394
635 160 1 1 31
413 161 1 1 798
635 161 1 1 6
406 162 1 1 652
409 162 1 1 1
413 162 1 1 1
546 162 1 1 6
406 163 1 1 305
407 163 1 1 21
408 163 1 1 1
409 163 1 1 1
412 163 1 1 1
413 163 1 1 2
546 163 1 1 7
414 164 1 1 1
415 164 1 1 16
546 164 1 1 5
415 165 1 1 26
546 165 1 1 2
407 166 1 1 1
412 166 1 1 7
415 166 1 1 4
407 167 1 1 6
413 167 1 1 3
415 167 1 1 77
633 167 1 1 6
407 168 1 1 42
408 168 1 1 1
544 168 1 1 19
545 168 1 1 5
633 168 1 1 36
407 169 1 1 35
408 169 1 1 16
409 169 1 1 4
411 169 1 1 10
412 169 1 1 41
413 169 1 1 150
544 169 1 1 14
630 169 1 1 4
631 169 1 1 16
632 169 1 1 30
633 169 1 1 48
407 170 1 1 3
411 170 1 1 100
544 170 1 1 9
629 170 1 1 4
407 171 1 1 28
408 171 1 1 1
409 171 1 1 19
410 171 1 1 129
411 171 1 1 346
544 171 1 1 9
629 171 1 1 11
544 172 1 1 6
542 174 1 1 14
543 174 1 1 2
627 174 1 1 2
542 175 1 1 3
627 175 1 1 4
627 176 1 1 3
540 178 1 1 4
628 178 1 1 1
631 178 1 1 21
631 179 1 1 12
538 180 1 1 5
632 180 1 1 18
633 180 1 1 46
633 181 1 1 34
633 182 1 1 3
538 183 1 1 1
538 184 1 1 2
540 186 1 1 1
538 187 1 1 7
540 187 1 1 1
541 187 1 1 1
538 188 1 1 12
540 188 1 1 1
635 188 1 1 14
636 188 1 1 36
637 188 1 1 77
538 189 1 1 29
539 189 1 1 5
637 189 1 1 40
538 190 1 1 26
637 190 1 1 14
538 191 1 1 21
538 192 1 1 15
639 192 1 1 13
538 193 1 1 6
639 193 1 1 9
538 194 1 1 7
640 194 1 1 7
641 194 1 1 46
538 195 1 1 9
539 195 1 1 2
538 198 1 1 1
642 198 1 1 6
643 198 1 1 104
643 199 1 1 45
532 200 1 1 1
643 200 1 1 27
532 201 1 1 1
533 201 1 1 30
536 201 1 1 2
643 201 1 1 27
532 202 1 1 1
533 202 1 1 1
538 202 1 1 1
639 202 1 1 4
641 202 1 1 4
533 203 1 1 3
638 203 1 1 4
639 203 1 1 9
640 203 1 1 11
641 203 1 1 14
181 204 1 1 14
533 204 1 1 1
181 205 1 1 17
533 205 1 1 2
538 206 1 1 1
538 207 1 1 2
637 207 1 1 1
532 210 1 1 1
533 210 1 1 1
536 210 1 1 2
638 210 1 1 2
639 210 1 1 6
533 211 1 1 3
536 211 1 1 1
639 211 1 1 6
533 212 1 1 2
641 212 1 1 11
533 213 1 1 2
528 214 1 1 648
643 214 1 1 2
528 215 1 1 611
529 215 1 1 42
644 216 1 1 4
645 216 1 1 24
647 218 1 1 10
662 218 1 1 23
666 218 1 1 559
667 218 1 1 1245
553 219 1 1 2
554 219 1 1 2
555 219 1 1 2
556 219 1 1 2
557 219 1 1 3
558 219 1 1 3
559 219 1 1 3
560 219 1 1 1
662 219 1 1 38
663 219 1 1 10
667 219 1 1 808
52 220 1 1 24
53 220 1 1 48
100 220 1 1 1
101 220 1 1 1
551 220 1 1 2
562 220 1 1 3
649 220 1 1 5
650 220 1 1 8
652 220 1 1 18
653 220 1 1 76
668 220 1 1 474
669 220 1 1 1121
53 221 1 1 7
101 221 1 1 8
551 221 1 1 1
562 221 1 1 7
563 221 1 1 6
564 221 1 1 2
653 221 1 1 2
664 221 1 1 15
669 221 1 1 793
53 222 1 1 6
103 222 1 1 14
551 222 1 1 2
656 222 1 1 33
657 222 1 1 48
669 222 1 1 343
52 223 1 1 35
53 223 1 1 35
102 223 1 1 41
103 223 1 1 22
566 223 1 1 4
657 223 1 1 20
666 223 1 1 1
669 223 1 1 48
530 224 1 1 40
551 224 1 1 1
662 224 1 1 2
663 224 1 1 9
666 224 1 1 9
670 224 1 1 1
671 224 1 1 345
530 225 1 1 13
551 225 1 1 1
568 225 1 1 3
663 225 1 1 6
666 225 1 1 8
667 225 1 1 6
668 225 1 1 1
671 225 1 1 67
528 226 1 1 697
568 226 1 1 5
569 226 1 1 2
665 226 1 1 3
666 226 1 1 5
667 226 1 1 6
668 226 1 1 5
673 226 1 1 374
528 227 1 1 715
529 227 1 1 91
545 227 1 1 2
548 227 1 1 1
549 227 1 1 2
568 227 1 1 5
667 227 1 1 4
668 227 1 1 1
669 227 1 1 2
673 227 1 1 54
545 228 1 1 4
547 228 1 1 1
568 228 1 1 5
669 228 1 1 2
675 228 1 1 412
543 229 1 1 5
544 229 1 1 1
545 229 1 1 13
546 229 1 1 1
547 229 1 1 4
568 229 1 1 3
669 229 1 1 6
670 229 1 1 4
675 229 1 1 64
530 230 1 1 70
542 230 1 1 1
545 230 1 1 1
568 230 1 1 1
669 230 1 1 5
677 230 1 1 354
540 231 1 1 1
541 231 1 1 4
542 231 1 1 1
545 231 1 1 1
677 231 1 1 127
540 232 1 1 1
545 232 1 1 2
564 232 1 1 3
565 232 1 1 2
677 232 1 1 8
678 232 1 1 152
679 232 1 1 381
545 233 1 1 9
564 233 1 1 3
679 233 1 1 239
530 234 1 1 196
545 234 1 1 1
564 234 1 1 2
530 235 1 1 270
545 235 1 1 2
564 235 1 1 2
676 235 1 1 1
677 235 1 1 1
89 236 1 1 8
545 236 1 1 4
564 236 1 1 2
677 236 1 1 1
86 237 1 1 7
87 237 1 1 14
88 237 1 1 3
89 237 1 1 11
544 237 1 1 2
545 237 1 1 5
564 237 1 1 1
677 237 1 1 1
64 238 1 1 7
543 238 1 1 2
679 238 1 1 1
64 239 1 1 25
65 239 1 1 18
66 239 1 1 24
67 239 1 1 35
218 239 1 1 32
219 239 1 1 33
534 239 1 1 46
535 239 1 1 24
543 239 1 1 4
679 239 1 1 5
538 240 1 1 1
679 240 1 1 1
538 241 1 1 2
541 241 1 1 1
677 241 1 1 3
679 241 1 1 5
677 242 1 1 5
49 244 1 1 2
679 244 1 1 1
48 245 1 1 1
49 245 1 1 2
679 245 1 1 4
38 246 1 1 1
679 246 1 1 3
38 247 1 1 27
39 247 1 1 8
562 247 1 1 2
562 248 1 1 4
682 248 1 1 26
683 248 1 1 296
562 249 1 1 4
683 249 1 1 175
38 250 1 1 18
562 250 1 1 2
683 250 1 1 52
38 251 1 1 56
39 251 1 1 22
683 251 1 1 6
560 252 1 1 16
561 252 1 1 2
560 253 1 1 24
562 254 1 1 3
685 254 1 1 134
562 255 1 1 10
685 255 1 1 34
109 256 1 1 16
109 257 1 1 9
564 257 1 1 2
564 258 1 1 1
564 259 1 1 5
564 260 1 1 9
688 260 1 1 15
689 260 1 1 196
689 261 1 1 29
691 264 1 1 47
691 265 1 1 35
85 266 1 1 24
691 266 1 1 22
84 267 1 1 7
85 267 1 1 29
564 267 1 1 45
565 267 1 1 2
691 267 1 1 2
566 268 1 1 34
692 268 1 1 27
693 268 1 1 75
566 269 1 1 39
567 269 1 1 34
693 269 1 1 44
568 270 1 1 6
692 270 1 1 2
693 270 1 1 21
568 271 1 1 21
693 271 1 1 10
568 272 1 1 31
693 272 1 1 1
568 273 1 1 63
569 273 1 1 38
693 273 1 1 6
570 274 1 1 10
693 274 1 1 7
570 275 1 1 31
693 275 1 1 10
570 276 1 1 34
694 276 1 1 14
695 276 1 1 40
78 277 1 1 62
79 277 1 1 57
570 277 1 1 31
695 277 1 1 25
570 278 1 1 32
695 278 1 1 5
570 279 1 1 39
695 279 1 1 3
570 280 1 1 37
570 281 1 1 13
35 282 1 1 9
36 282 1 1 20
37 282 1 1 56
570 282 1 1 7
32 283 1 1 16
33 283 1 1 11
34 283 1 1 8
35 283 1 1 14
37 283 1 1 10
570 283 1 1 5
689 285 1 1 4
694 285 1 1 15
689 286 1 1 9
568 288 1 1 130
569 288 1 1 12
568 290 1 1 35
569 290 1 1 10
690 290 1 1 12
691 290 1 1 80
568 291 1 1 59
691 291 1 1 15
691 293 1 1 25
568 294 1 1 195
691 294 1 1 57
568 295 1 1 238
569 295 1 1 12
690 295 1 1 32
691 295 1 1 35
689 296 1 1 6
570 297 1 1 37
682 297 1 1 2
683 297 1 1 3
684 297 1 1 1
685 297 1 1 1
688 297 1 1 1
689 297 1 1 13
570 298 1 1 49
680 298 1 1 1
570 299 1 1 70
571 299 1 1 4
679 299 1 1 2
680 299 1 1 1
681 299 1 1 6
679 300 1 1 2
679 301 1 1 10
570 302 1 1 59
677 305 1 1 12
568 306 1 1 1
677 306 1 1 22
676 307 1 1 7
677 307 1 1 30
564 310 1 1 10
564 311 1 1 22
565 311 1 1 6
675 311 1 1 5
564 312 1 1 25
675 312 1 1 14
564 313 1 1 17
675 313 1 1 21
564 314 1 1 30
675 314 1 1 33
564 315 1 1 57
565 315 1 1 16
675 315 1 1 42
675 316 1 1 56
674 317 1 1 9
675 317 1 1 76
675 318 1 1 71
568 319 1 1 11
569 319 1 1 1
674 319 1 1 20
675 319 1 1 48
673 321 1 1 6
568 322 1 1 8
673 322 1 1 11
568 323 1 1 2
673 323 1 1 20
568 324 1 1 1
673 324 1 1 17
568 325 1 1 15
569 325 1 1 7
570 326 1 1 5
570 327 1 1 7
570 328 1 1 7
674 328 1 1 3
675 328 1 1 72
570 329 1 1 8
675 329 1 1 37
570 330 1 1 3
570 332 1 1 4
675 332 1 1 3
570 333 1 1 26
571 333 1 1 12
572 333 1 1 1
675 333 1 1 6
572 334 1 1 3
675 334 1 1 15
572 335 1 1 12
572 336 1 1 19
573 336 1 1 5
572 337 1 1 17
572 338 1 1 9
675 338 1 1 20
572 339 1 1 13
675 339 1 1 29
572 340 1 1 12
675 340 1 1 18
572 341 1 1 8
675 341 1 1 33
572 342 1 1 18
675 342 1 1 16
572 343 1 1 33
573 343 1 1 12
574 344 1 1 7
677 344 1 1 33
574 345 1 1 17
680 346 1 1 12
681 346 1 1 227
681 347 1 1 52
576 350 1 1 17
683 350 1 1 45
576 351 1 1 38
577 351 1 1 8
684 352 1 1 6
685 352 1 1 131
578 353 1 1 3
657 353 1 1 3
658 353 1 1 6
659 353 1 1 7
660 353 1 1 8
661 353 1 1 6
662 353 1 1 2
685 353 1 1 66
578 354 1 1 23
653 354 1 1 1
685 354 1 1 53
578 355 1 1 37
579 355 1 1 10
647 355 1 1 3
649 355 1 1 35
651 355 1 1 7
652 355 1 1 8
653 355 1 1 11
666 355 1 1 2
685 355 1 1 60
642 356 1 1 1
642 357 1 1 1
645 357 1 1 3
646 357 1 1 8
647 357 1 1 13
668 357 1 1 3
641 358 1 1 11
685 358 1 1 81
640 359 1 1 29
641 359 1 1 3
671 359 1 1 1
684 359 1 1 28
685 359 1 1 117
636 361 1 1 27
637 361 1 1 3
683 361 1 1 27
578 362 1 1 15
578 363 1 1 12
632 363 1 1 3
633 363 1 1 31
578 364 1 1 2
631 364 1 1 16
672 364 1 1 5
679 364 1 1 4
629 365 1 1 4
630 365 1 1 38
631 365 1 1 1
672 365 1 1 6
679 365 1 1 16
670 366 1 1 48
672 366 1 1 1
679 366 1 1 29
578 367 1 1 26
579 367 1 1 1
624 367 1 1 9
625 367 1 1 28
670 367 1 1 49
679 367 1 1 26
580 368 1 1 9
588 368 1 1 1
670 368 1 1 38
580 369 1 1 40
581 369 1 1 10
582 369 1 1 5
583 369 1 1 30
584 369 1 1 16
585 369 1 1 29
588 369 1 1 29
589 369 1 1 26
590 369 1 1 4
621 369 1 1 10
670 369 1 1 34
590 370 1 1 26
670 370 1 1 50
590 371 1 1 40
598 371 1 1 14
599 371 1 1 42
619 371 1 1 21
670 371 1 1 99
671 371 1 1 38
590 372 1 1 45
617 372 1 1 3
590 373 1 1 49
597 373 1 1 79
604 373 1 1 42
605 373 1 1 17
608 373 1 1 5
609 373 1 1 1
615 373 1 1 1
616 373 1 1 13
617 373 1 1 35
592 375 1 1 16
593 375 1 1 9
594 375 1 1 2
654 384 1 1 581
655 384 1 1 562
656 384 1 1 648
657 384 1 1 1000
655 385 1 1 22
657 385 1 1 778
622 386 1 1 42
623 386 1 1 34
624 386 1 1 40
625 386 1 1 133
626 386 1 1 171
627 386 1 1 201
628 386 1 1 213
629 386 1 1 229
627 387 1 1 5
629 387 1 1 36
657 387 1 1 3
618 388 1 1 23
632 388 1 1 9
659 388 1 1 226
660 388 1 1 404
661 388 1 1 675
618 389 1 1 31
619 389 1 1 4
633 389 1 1 34
654 389 1 1 19
661 389 1 1 476
626 390 1 1 3
655 390 1 1 1
626 391 1 1 73
627 391 1 1 50
628 391 1 1 44
629 391 1 1 18
654 391 1 1 26
662 392 1 1 4
656 395 1 1 10
663 395 1 1 12
618 396 1 1 34
619 396 1 1 80
661 396 1 1 9
619 397 1 1 10
658 397 1 1 44
659 397 1 1 46
660 397 1 1 50
661 397 1 1 60
616 398 1 1 1
677 400 1 1 447
677 401 1 1 227
619 402 1 1 22
616 404 1 1 9
619 404 1 1 23
616 405 1 1 15
618 405 1 1 2
619 405 1 1 54
616 406 1 1 36
619 406 1 1 40
616 407 1 1 78
617 407 1 1 25
618 407 1 1 19
619 407 1 1 63
62 410 1 1 2
62 411 1 1 8
63 411 1 1 2
628 412 1 1 310
629 412 1 1 225
630 412 1 1 114
631 412 1 1 10
637 412 1 1 71
629 413 1 1 14
637 413 1 1 102
626 414 1 1 182
637 414 1 1 129
626 415 1 1 100
627 415 1 1 38
637 415 1 1 170
637 416 1 1 186
637 417 1 1 200
624 418 1 1 98
637 418 1 1 144
624 419 1 1 69
625 419 1 1 16
626 419 1 1 16
627 419 1 1 10
631 419 1 1 12
633 419 1 1 21
634 419 1 1 21
636 419 1 1 17
637 419 1 1 105
628 421 1 1 18
629 421 1 1 25
635 422 1 1 8
635 423 1 1 25
660 424 1 1 453
661 424 1 1 383
662 424 1 1 375
663 424 1 1 532
661 425 1 1 10
663 425 1 1 105
658 426 1 1 190
659 426 1 1 23
664 426 1 1 103
665 426 1 1 360
665 427 1 1 186
665 428 1 1 130
665 429 1 1 66
658 430 1 1 37
658 431 1 1 107
659 431 1 1 15
662 431 1 1 17
663 431 1 1 46
1 432 1 1 1
3 434 1 1 1
4 434 1 1 4
5 434 1 1 4
7 434 1 1 11
7 435 1 1 8
7 436 1 1 13
6 437 1 1 8
7 437 1 1 18
5 438 1 1 8
5 439 1 1 14
5 440 1 1 15
5 441 1 1 15
5 442 1 1 13
5 443 1 1 13
5 444 1 1 11
4 445 1 1 1
5 445 1 1 9
3 449 1 1 4
3 450 1 1 9
3 451 1 1 8
672 452 1 1 8
673 452 1 1 1
673 453 1 1 9
675 454 1 1 198
672 455 1 1 246
673 455 1 1 23
674 455 1 1 160
675 455 1 1 314
1 456 1 1 6
0 457 1 1 1
1 457 1 1 11
654 472 1 1 187
656 472 1 1 3
657 472 1 1 95
657 473 1 1 12
654 474 1 1 1
653 475 1 1 6
650 476 1 1 201
653 476 1 1 1
657 476 1 1 16
660 476 1 1 90
661 476 1 1 205
650 477 1 1 164
651 477 1 1 46
652 477 1 1 6
653 477 1 1 17
654 477 1 1 37
657 477 1 1 14
661 477 1 1 10
658 478 1 1 56
663 478 1 1 244
658 479 1 1 100
663 479 1 1 12
658 480 1 1 115
658 481 1 1 184
659 481 1 1 5
660 481 1 1 25
663 481 1 1 31
664 482 1 1 57
665 482 1 1 235
666 482 1 1 395
667 482 1 1 755
667 483 1 1 566
660 484 1 1 225
667 484 1 1 334
660 485 1 1 370
661 485 1 1 118
662 485 1 1 21
663 485 1 1 5
667 485 1 1 184
350 494 1 1 1
353 494 1 1 3
350 495 1 1 4
351 495 1 1 6
352 495 1 1 4
353 495 1 1 6
652 496 1 1 616
653 496 1 1 672
653 497 1 1 330
650 498 1 1 590
655 498 1 1 373
658 498 1 1 416
661 498 1 1 392
650 499 1 1 435
651 499 1 1 59
655 499 1 1 34
658 499 1 1 243
659 499 1 1 169
660 499 1 1 12
661 499 1 1 236
353 502 1 1 1
652 502 1 1 2
350 503 1 1 7
351 503 1 1 6
352 503 1 1 5
353 503 1 1 5
652 503 1 1 116
653 503 1 1 20
657 503 1 1 76
657 504 1 1 7
657 505 1 1 17
657 506 1 1 13
654 507 1 1 171
655 507 1 1 104
656 507 1 1 72
657 507 1 1 67
659 510 1 1 88
658 511 1 1 139
659 511 1 1 151
536 0 2 2 5
538 0 2 2 9
540 0 2 2 10
542 0 2 2 6
600 0 2 2 629
602 0 2 2 222
630 0 2 2 22
632 0 2 2 182
634 0 2 2 456
656 0 2 2 447
658 0 2 2 183
672 0 2 2 1054
674 0 2 2 1337
676 0 2 2 1360
678 0 2 2 1333
680 0 2 2 1236
682 0 2 2 1180
684 0 2 2 1173
686 0 2 2 1036
688 0 2 2 669
706 0 2 2 103
736 0 2 2 30
762 0 2 2 63
764 0 2 2 88
766 0 2 2 71
772 0 2 2 15
774 0 2 2 19
780 0 2 2 17
782 0 2 2 11
788 0 2 2 5
790 0 2 2 15
796 0 2 2 6
802 0 2 2 2
866 0 2 2 114
536 2 2 2 20
538 2 2 2 26
540 2 2 2 27
542 2 2 2 16
600 2 2 2 297
630 2 2 2 26
632 2 2 2 209
634 2 2 2 394
656 2 2 2 424
658 2 2 2 157
660 2 2 2 41
662 2 2 2 26
672 2 2 2 958
674 2 2 2 1334
676 2 2 2 1362
678 2 2 2 1334
680 2 2 2 1191
682 2 2 2 1050
684 2 2 2 1030
686 2 2 2 802
706 2 2 2 149
736 2 2 2 28
738 2 2 2 5
760 2 2 2 173
762 2 2 2 170
764 2 2 2 127
772 2 2 2 28
774 2 2 2 32
780 2 2 2 18
782 2 2 2 12
784 2 2 2 7
786 2 2 2 6
788 2 2 2 7
790 2 2 2 6
796 2 2 2 5
862 2 2 2 18
864 2 2 2 40
866 2 2 2 349
596 4 2 2 703
598 4 2 2 556
600 4 2 2 57
632 4 2 2 104
634 4 2 2 286
636 4 2 2 384
638 4 2 2 415
660 4 2 2 122
662 4 2 2 73
672 4 2 2 884
674 4 2 2 1348
676 4 2 2 1355
678 4 2 2 1315
684 4 2 2 698
686 4 2 2 635
688 4 2 2 183
706 4 2 2 227
736 4 2 2 21
758 4 2 2 88
760 4 2 2 174
762 4 2 2 173
772 4 2 2 41
774 4 2 2 44
780 4 2 2 20
782 4 2 2 13
784 4 2 2 9
786 4 2 2 7
788 4 2 2 5
790 4 2 2 5
794 4 2 2 4
796 4 2 2 5
798 4 2 2 2
862 4 2 2 34
596 6 2 2 666
598 6 2 2 187
632 6 2 2 24
634 6 2 2 129
636 6 2 2 187
638 6 2 2 267
660 6 2 2 297
662 6 2 2 149
672 6 2 2 722
674 6 2 2 1278
676 6 2 2 1370
678 6 2 2 1025
686 6 2 2 597
688 6 2 2 302
690 6 2 2 75
692 6 2 2 29
694 6 2 2 11
700 6 2 2 54
706 6 2 2 407
736 6 2 2 20
754 6 2 2 119
756 6 2 2 183
758 6 2 2 125
760 6 2 2 120
762 6 2 2 70
772 6 2 2 95
774 6 2 2 124
780 6 2 2 21
782 6 2 2 12
784 6 2 2 8
786 6 2 2 5
788 6 2 2 4
790 6 2 2 5
792 6 2 2 3
794 6 2 2 5
796 6 2 2 4
798 6 2 2 2
862 6 2 2 172
596 8 2 2 532
636 8 2 2 86
638 8 2 2 241
660 8 2 2 409
662 8 2 2 196
674 8 2 2 1024
676 8 2 2 1072
686 8 2 2 444
692 8 2 2 85
694 8 2 2 32
698 8 2 2 79
700 8 2 2 89
702 8 2 2 38
704 8 2 2 168
706 8 2 2 677
736 8 2 2 38
750 8 2 2 36
752 8 2 2 155
754 8 2 2 344
756 8 2 2 344
758 8 2 2 199
760 8 2 2 120
770 8 2 2 68
772 8 2 2 140
774 8 2 2 162
776 8 2 2 136
778 8 2 2 38
780 8 2 2 19
782 8 2 2 7
792 8 2 2 6
794 8 2 2 5
796 8 2 2 5
798 8 2 2 3
816 8 2 2 5
818 8 2 2 8
820 8 2 2 12
822 8 2 2 12
824 8 2 2 5
826 8 2 2 4
828 8 2 2 5
858 8 2 2 26
860 8 2 2 160
862 8 2 2 583
596 10 2 2 413
598 10 2 2 105
636 10 2 2 103
638 10 2 2 324
660 10 2 2 452
662 10 2 2 137
674 10 2 2 753
676 10 2 2 777
684 10 2 2 204
686 10 2 2 276
692 10 2 2 227
694 10 2 2 153
696 10 2 2 143
698 10 2 2 215
700 10 2 2 227
702 10 2 2 255
704 10 2 2 487
706 10 2 2 910
736 10 2 2 54
746 10 2 2 31
748 10 2 2 127
750 10 2 2 286
752 10 2 2 568
754 10 2 2 702
756 10 2 2 522
758 10 2 2 263
770 10 2 2 107
772 10 2 2 161
774 10 2 2 166
776 10 2 2 162
778 10 2 2 35
780 10 2 2 9
792 10 2 2 5
794 10 2 2 6
796 10 2 2 5
798 10 2 2 4
804 10 2 2 2
812 10 2 2 4
814 10 2 2 4
816 10 2 2 11
818 10 2 2 18
820 10 2 2 22
822 10 2 2 23
824 10 2 2 17
826 10 2 2 12
828 10 2 2 8
830 10 2 2 4
832 10 2 2 3
834 10 2 2 3
856 10 2 2 48
858 10 2 2 103
860 10 2 2 468
862 10 2 2 1171
564 12 2 2 1092
566 12 2 2 1165
568 12 2 2 1015
570 12 2 2 714
572 12 2 2 98
574 12 2 2 73
592 12 2 2 788
594 12 2 2 619
596 12 2 2 350
598 12 2 2 80
638 12 2 2 272
660 12 2 2 476
662 12 2 2 157
674 12 2 2 363
676 12 2 2 515
684 12 2 2 307
686 12 2 2 378
736 12 2 2 69
742 12 2 2 43
744 12 2 2 92
746 12 2 2 243
756 12 2 2 616
758 12 2 2 191
768 12 2 2 42
770 12 2 2 149
772 12 2 2 187
774 12 2 2 174
776 12 2 2 101
778 12 2 2 18
792 12 2 2 4
794 12 2 2 5
796 12 2 2 6
798 12 2 2 4
800 12 2 2 1
802 12 2 2 3
812 12 2 2 6
814 12 2 2 12
832 12 2 2 2
834 12 2 2 3
836 12 2 2 5
838 12 2 2 7
840 12 2 2 7
842 12 2 2 3
850 12 2 2 7
852 12 2 2 20
854 12 2 2 32
856 12 2 2 60
858 12 2 2 243
564 14 2 2 1038
566 14 2 2 1017
568 14 2 2 655
570 14 2 2 89
572 14 2 2 3
574 14 2 2 3
592 14 2 2 779
594 14 2 2 533
596 14 2 2 183
638 14 2 2 161
660 14 2 2 506
662 14 2 2 225
664 14 2 2 56
666 14 2 2 32
674 14 2 2 88
676 14 2 2 156
682 14 2 2 234
684 14 2 2 577
686 14 2 2 737
736 14 2 2 97
738 14 2 2 132
740 14 2 2 346
742 14 2 2 440
744 14 2 2 498
746 14 2 2 565
756 14 2 2 596
768 14 2 2 113
770 14 2 2 182
772 14 2 2 170
774 14 2 2 113
776 14 2 2 34
792 14 2 2 4
794 14 2 2 4
796 14 2 2 5
798 14 2 2 4
800 14 2 2 3
802 14 2 2 3
804 14 2 2 2
812 14 2 2 14
814 14 2 2 22
832 14 2 2 7
834 14 2 2 19
836 14 2 2 25
838 14 2 2 31
840 14 2 2 31
842 14 2 2 11
850 14 2 2 33
852 14 2 2 47
854 14 2 2 121
856 14 2 2 297
858 14 2 2 607
564 16 2 2 758
566 16 2 2 551
572 16 2 2 2
574 16 2 2 3
588 16 2 2 904
590 16 2 2 881
592 16 2 2 687
594 16 2 2 259
638 16 2 2 152
664 16 2 2 117
666 16 2 2 69
668 16 2 2 41
674 16 2 2 110
676 16 2 2 114
680 16 2 2 241
682 16 2 2 522
740 16 2 2 729
742 16 2 2 726
744 16 2 2 616
746 16 2 2 524
748 16 2 2 720
750 16 2 2 939
756 16 2 2 624
764 16 2 2 58
766 16 2 2 124
768 16 2 2 187
770 16 2 2 201
772 16 2 2 138
774 16 2 2 60
794 16 2 2 5
804 16 2 2 2
810 16 2 2 17
812 16 2 2 29
814 16 2 2 36
840 16 2 2 49
842 16 2 2 38
844 16 2 2 16
850 16 2 2 140
564 18 2 2 648
566 18 2 2 415
568 18 2 2 162
570 18 2 2 2
572 18 2 2 8
574 18 2 2 25
588 18 2 2 994
590 18 2 2 776
638 18 2 2 214
664 18 2 2 194
666 18 2 2 105
668 18 2 2 87
670 18 2 2 87
672 18 2 2 136
674 18 2 2 187
676 18 2 2 212
678 18 2 2 219
680 18 2 2 386
682 18 2 2 655
740 18 2 2 827
742 18 2 2 619
748 18 2 2 472
750 18 2 2 827
756 18 2 2 627
758 18 2 2 174
760 18 2 2 20
762 18 2 2 70
764 18 2 2 116
766 18 2 2 166
768 18 2 2 204
770 18 2 2 178
772 18 2 2 130
794 18 2 2 7
804 18 2 2 12
806 18 2 2 18
808 18 2 2 33
810 18 2 2 47
812 18 2 2 43
814 18 2 2 53
840 18 2 2 126
842 18 2 2 126
844 18 2 2 106
846 18 2 2 53
848 18 2 2 122
850 18 2 2 375
588 20 2 2 1009
590 20 2 2 410
636 20 2 2 86
638 20 2 2 254
660 20 2 2 581
662 20 2 2 479
664 20 2 2 269
666 20 2 2 146
668 20 2 2 135
670 20 2 2 160
736 20 2 2 885
738 20 2 2 855
740 20 2 2 547
748 20 2 2 405
750 20 2 2 515
772 20 2 2 68
794 20 2 2 10
588 22 2 2 1002
634 22 2 2 32
636 22 2 2 128
638 22 2 2 289
660 22 2 2 595
662 22 2 2 520
664 22 2 2 294
668 22 2 2 81
670 22 2 2 177
736 22 2 2 710
738 22 2 2 553
740 22 2 2 239
746 22 2 2 454
748 22 2 2 471
750 22 2 2 413
772 22 2 2 43
794 22 2 2 16
584 24 2 2 1390
586 24 2 2 1400
588 24 2 2 811
634 24 2 2 103
660 24 2 2 600
662 24 2 2 442
670 24 2 2 137
732 24 2 2 552
734 24 2 2 618
736 24 2 2 477
738 24 2 2 359
744 24 2 2 331
746 24 2 2 518
760 24 2 2 262
762 24 2 2 215
764 24 2 2 168
766 24 2 2 135
768 24 2 2 76
770 24 2 2 38
772 24 2 2 17
794 24 2 2 21
584 26 2 2 1483
586 26 2 2 1009
634 26 2 2 110
660 26 2 2 583
662 26 2 2 539
664 26 2 2 358
666 26 2 2 72
670 26 2 2 97
732 26 2 2 509
734 26 2 2 324
742 26 2 2 184
744 26 2 2 392
746 26 2 2 460
760 26 2 2 239
762 26 2 2 168
764 26 2 2 94
766 26 2 2 46
770 26 2 2 5
794 26 2 2 31
584 28 2 2 1150
586 28 2 2 625
634 28 2 2 117
640 28 2 2 468
642 28 2 2 461
644 28 2 2 378
646 28 2 2 309
648 28 2 2 333
650 28 2 2 386
660 28 2 2 556
662 28 2 2 531
666 28 2 2 363
668 28 2 2 248
670 28 2 2 218
672 28 2 2 257
674 28 2 2 256
728 28 2 2 636
730 28 2 2 549
732 28 2 2 248
742 28 2 2 224
752 28 2 2 508
754 28 2 2 437
756 28 2 2 326
758 28 2 2 262
760 28 2 2 87
794 28 2 2 45
584 30 2 2 728
586 30 2 2 342
588 30 2 2 49
634 30 2 2 109
640 30 2 2 487
642 30 2 2 442
644 30 2 2 127
650 30 2 2 317
660 30 2 2 506
662 30 2 2 345
664 30 2 2 200
666 30 2 2 176
670 30 2 2 274
672 30 2 2 350
674 30 2 2 277
728 30 2 2 444
730 30 2 2 208
740 30 2 2 36
742 30 2 2 216
752 30 2 2 373
754 30 2 2 262
756 30 2 2 178
758 30 2 2 48
778 30 2 2 3
780 30 2 2 6
782 30 2 2 7
784 30 2 2 7
792 30 2 2 9
794 30 2 2 62
588 32 2 2 21
634 32 2 2 102
640 32 2 2 488
642 32 2 2 362
650 32 2 2 251
656 32 2 2 471
658 32 2 2 532
660 32 2 2 483
662 32 2 2 450
664 32 2 2 400
672 32 2 2 297
674 32 2 2 301
720 32 2 2 908
722 32 2 2 746
724 32 2 2 569
726 32 2 2 342
728 32 2 2 135
736 32 2 2 34
738 32 2 2 31
740 32 2 2 125
742 32 2 2 300
744 32 2 2 350
746 32 2 2 334
748 32 2 2 337
750 32 2 2 350
752 32 2 2 303
754 32 2 2 111
778 32 2 2 3
780 32 2 2 4
782 32 2 2 5
784 32 2 2 9
794 32 2 2 65
796 32 2 2 149
798 32 2 2 206
588 34 2 2 6
634 34 2 2 92
640 34 2 2 484
642 34 2 2 327
644 34 2 2 116
646 34 2 2 44
648 34 2 2 171
650 34 2 2 231
656 34 2 2 415
658 34 2 2 473
660 34 2 2 459
662 34 2 2 447
664 34 2 2 320
666 34 2 2 98
668 34 2 2 57
672 34 2 2 234
674 34 2 2 382
720 34 2 2 792
722 34 2 2 600
724 34 2 2 363
726 34 2 2 94
734 34 2 2 35
736 34 2 2 52
738 34 2 2 151
740 34 2 2 248
742 34 2 2 309
744 34 2 2 287
746 34 2 2 268
748 34 2 2 273
750 34 2 2 286
752 34 2 2 139
794 34 2 2 39
796 34 2 2 123
798 34 2 2 194
584 36 2 2 303
586 36 2 2 14
588 36 2 2 2
634 36 2 2 103
636 36 2 2 289
638 36 2 2 417
656 36 2 2 130
658 36 2 2 34
662 36 2 2 298
668 36 2 2 177
670 36 2 2 237
672 36 2 2 301
674 36 2 2 410
716 36 2 2 749
718 36 2 2 685
720 36 2 2 488
734 36 2 2 75
740 36 2 2 189
742 36 2 2 55
746 36 2 2 95
748 36 2 2 115
750 36 2 2 57
796 36 2 2 65
798 36 2 2 184
584 38 2 2 119
586 38 2 2 11
636 38 2 2 258
638 38 2 2 383
656 38 2 2 110
658 38 2 2 72
662 38 2 2 251
668 38 2 2 411
670 38 2 2 455
672 38 2 2 427
674 38 2 2 400
716 38 2 2 555
718 38 2 2 393
732 38 2 2 23
734 38 2 2 96
740 38 2 2 50
788 38 2 2 15
796 38 2 2 40
798 38 2 2 224
580 40 2 2 560
582 40 2 2 319
584 40 2 2 81
638 40 2 2 294
656 40 2 2 140
658 40 2 2 188
660 40 2 2 302
662 40 2 2 392
712 40 2 2 380
714 40 2 2 323
716 40 2 2 360
718 40 2 2 171
730 40 2 2 11
732 40 2 2 28
734 40 2 2 45
740 40 2 2 10
786 40 2 2 48
788 40 2 2 97
798 40 2 2 263
580 42 2 2 449
582 42 2 2 206
584 42 2 2 41
638 42 2 2 241
656 42 2 2 312
658 42 2 2 381
660 42 2 2 493
662 42 2 2 544
712 42 2 2 189
714 42 2 2 191
716 42 2 2 131
718 42 2 2 39
730 42 2 2 21
732 42 2 2 33
734 42 2 2 40
740 42 2 2 8
772 42 2 2 4
786 42 2 2 141
788 42 2 2 252
790 42 2 2 178
792 42 2 2 112
794 42 2 2 141
796 42 2 2 271
798 42 2 2 492
576 44 2 2 740
578 44 2 2 510
580 44 2 2 265
582 44 2 2 82
638 44 2 2 237
648 44 2 2 465
650 44 2 2 470
652 44 2 2 494
654 44 2 2 491
660 44 2 2 520
662 44 2 2 568
664 44 2 2 583
666 44 2 2 597
668 44 2 2 601
670 44 2 2 611
692 44 2 2 1197
694 44 2 2 1025
696 44 2 2 943
698 44 2 2 781
700 44 2 2 607
702 44 2 2 594
704 44 2 2 623
706 44 2 2 444
712 44 2 2 22
714 44 2 2 33
728 44 2 2 20
730 44 2 2 33
740 44 2 2 9
772 44 2 2 43
774 44 2 2 34
780 44 2 2 33
782 44 2 2 78
784 44 2 2 189
786 44 2 2 307
788 44 2 2 379
790 44 2 2 324
792 44 2 2 295
794 44 2 2 246
796 44 2 2 327
798 44 2 2 701
576 46 2 2 512
578 46 2 2 311
580 46 2 2 80
582 46 2 2 14
632 46 2 2 37
634 46 2 2 84
636 46 2 2 149
638 46 2 2 314
648 46 2 2 499
650 46 2 2 514
652 46 2 2 525
654 46 2 2 521
660 46 2 2 504
662 46 2 2 532
666 46 2 2 578
668 46 2 2 614
670 46 2 2 637
692 46 2 2 1179
694 46 2 2 966
696 46 2 2 697
702 46 2 2 117
704 46 2 2 162
706 46 2 2 73
712 46 2 2 5
714 46 2 2 10
718 46 2 2 6
720 46 2 2 5
722 46 2 2 11
724 46 2 2 17
726 46 2 2 28
728 46 2 2 40
730 46 2 2 78
740 46 2 2 12
770 46 2 2 24
772 46 2 2 67
774 46 2 2 66
776 46 2 2 33
778 46 2 2 49
780 46 2 2 108
782 46 2 2 247
784 46 2 2 348
786 46 2 2 406
788 46 2 2 404
798 46 2 2 726
572 48 2 2 666
574 48 2 2 430
576 48 2 2 250
578 48 2 2 60
632 48 2 2 64
634 48 2 2 137
648 48 2 2 539
650 48 2 2 567
654 48 2 2 467
656 48 2 2 515
658 48 2 2 502
660 48 2 2 534
668 48 2 2 596
670 48 2 2 717
692 48 2 2 1133
694 48 2 2 865
706 48 2 2 14
708 48 2 2 19
710 48 2 2 21
712 48 2 2 24
714 48 2 2 26
716 48 2 2 28
718 48 2 2 30
736 48 2 2 85
738 48 2 2 34
740 48 2 2 12
772 48 2 2 39
774 48 2 2 90
776 48 2 2 170
778 48 2 2 140
780 48 2 2 203
782 48 2 2 300
786 48 2 2 116
798 48 2 2 518
572 50 2 2 410
574 50 2 2 145
630 50 2 2 23
632 50 2 2 85
634 50 2 2 187
648 50 2 2 572
650 50 2 2 519
658 50 2 2 157
668 50 2 2 469
670 50 2 2 706
692 50 2 2 910
708 50 2 2 25
710 50 2 2 49
712 50 2 2 85
714 50 2 2 97
716 50 2 2 128
718 50 2 2 125
736 50 2 2 90
738 50 2 2 37
740 50 2 2 10
790 50 2 2 1
794 50 2 2 23
798 50 2 2 346
568 52 2 2 1159
570 52 2 2 604
572 52 2 2 164
628 52 2 2 56
630 52 2 2 72
648 52 2 2 563
650 52 2 2 480
652 52 2 2 343
654 52 2 2 52
668 52 2 2 270
670 52 2 2 785
672 52 2 2 1076
674 52 2 2 1222
692 52 2 2 452
706 52 2 2 12
708 52 2 2 37
710 52 2 2 115
732 52 2 2 104
734 52 2 2 96
736 52 2 2 82
790 52 2 2 30
792 52 2 2 41
796 52 2 2 82
798 52 2 2 364
568 54 2 2 931
570 54 2 2 420
626 54 2 2 83
628 54 2 2 131
630 54 2 2 155
648 54 2 2 543
650 54 2 2 469
652 54 2 2 185
670 54 2 2 554
672 54 2 2 998
674 54 2 2 1116
692 54 2 2 142
706 54 2 2 7
708 54 2 2 73
710 54 2 2 164
732 54 2 2 122
734 54 2 2 137
736 54 2 2 115
784 54 2 2 24
786 54 2 2 38
788 54 2 2 83
790 54 2 2 115
792 54 2 2 187
794 54 2 2 324
796 54 2 2 424
798 54 2 2 519
560 56 2 2 2224
562 56 2 2 1800
564 56 2 2 1264
566 56 2 2 803
568 56 2 2 308
570 56 2 2 30
624 56 2 2 67
626 56 2 2 123
652 56 2 2 95
672 56 2 2 432
674 56 2 2 785
688 56 2 2 373
690 56 2 2 134
692 56 2 2 46
708 56 2 2 77
710 56 2 2 168
732 56 2 2 186
734 56 2 2 197
770 56 2 2 7
772 56 2 2 4
780 56 2 2 26
782 56 2 2 85
784 56 2 2 120
786 56 2 2 127
560 58 2 2 2336
562 58 2 2 1502
570 58 2 2 8
622 58 2 2 64
624 58 2 2 133
626 58 2 2 171
652 58 2 2 69
674 58 2 2 344
688 58 2 2 432
690 58 2 2 166
692 58 2 2 51
706 58 2 2 18
708 58 2 2 95
710 58 2 2 180
732 58 2 2 274
734 58 2 2 206
776 58 2 2 18
778 58 2 2 37
780 58 2 2 49
782 58 2 2 149
784 58 2 2 225
786 58 2 2 225
560 60 2 2 2112
570 60 2 2 5
618 60 2 2 36
620 60 2 2 79
622 60 2 2 135
648 60 2 2 416
650 60 2 2 286
652 60 2 2 68
674 60 2 2 113
684 60 2 2 913
686 60 2 2 751
688 60 2 2 434
690 60 2 2 195
706 60 2 2 50
728 60 2 2 501
730 60 2 2 465
732 60 2 2 347
734 60 2 2 205
768 60 2 2 22
772 60 2 2 22
774 60 2 2 27
776 60 2 2 37
778 60 2 2 111
560 62 2 2 1545
606 62 2 2 35
608 62 2 2 46
610 62 2 2 50
612 62 2 2 37
614 62 2 2 2
618 62 2 2 78
620 62 2 2 146
622 62 2 2 189
648 62 2 2 418
650 62 2 2 273
672 62 2 2 7
674 62 2 2 47
684 62 2 2 725
686 62 2 2 551
688 62 2 2 320
704 62 2 2 31
706 62 2 2 63
728 62 2 2 532
730 62 2 2 511
768 62 2 2 35
770 62 2 2 79
772 62 2 2 118
774 62 2 2 191
776 62 2 2 265
778 62 2 2 334
560 64 2 2 1271
604 64 2 2 64
606 64 2 2 123
608 64 2 2 154
610 64 2 2 148
612 64 2 2 91
616 64 2 2 74
618 64 2 2 162
648 64 2 2 445
650 64 2 2 301
672 64 2 2 6
674 64 2 2 23
676 64 2 2 112
678 64 2 2 234
684 64 2 2 493
686 64 2 2 299
704 64 2 2 24
706 64 2 2 127
716 64 2 2 440
718 64 2 2 507
720 64 2 2 524
722 64 2 2 518
724 64 2 2 563
726 64 2 2 472
728 64 2 2 241
766 64 2 2 33
768 64 2 2 76
770 64 2 2 196
792 64 2 2 129
794 64 2 2 135
796 64 2 2 85
798 64 2 2 8
800 64 2 2 7
802 64 2 2 246
804 64 2 2 333
806 64 2 2 302
560 66 2 2 1248
562 66 2 2 232
580 66 2 2 130
586 66 2 2 64
588 66 2 2 67
590 66 2 2 140
592 66 2 2 115
594 66 2 2 49
604 66 2 2 189
606 66 2 2 323
608 66 2 2 313
610 66 2 2 232
612 66 2 2 159
614 66 2 2 63
616 66 2 2 144
618 66 2 2 166
648 66 2 2 481
650 66 2 2 331
652 66 2 2 119
676 66 2 2 80
678 66 2 2 193
684 66 2 2 288
686 66 2 2 56
704 66 2 2 51
706 66 2 2 221
716 66 2 2 521
718 66 2 2 578
720 66 2 2 570
724 66 2 2 135
764 66 2 2 55
766 66 2 2 112
768 66 2 2 233
770 66 2 2 380
792 66 2 2 56
794 66 2 2 27
798 66 2 2 3
800 66 2 2 3
802 66 2 2 19
804 66 2 2 72
806 66 2 2 68
560 68 2 2 1539
562 68 2 2 797
564 68 2 2 267
566 68 2 2 165
572 68 2 2 283
574 68 2 2 355
576 68 2 2 260
578 68 2 2 302
580 68 2 2 553
582 68 2 2 511
584 68 2 2 419
586 68 2 2 362
592 68 2 2 319
594 68 2 2 258
596 68 2 2 200
598 68 2 2 98
600 68 2 2 34
602 68 2 2 70
604 68 2 2 295
606 68 2 2 196
610 68 2 2 105
612 68 2 2 212
614 68 2 2 326
616 68 2 2 294
618 68 2 2 263
620 68 2 2 298
622 68 2 2 384
624 68 2 2 452
626 68 2 2 434
652 68 2 2 201
654 68 2 2 34
668 68 2 2 4
674 68 2 2 4
676 68 2 2 28
678 68 2 2 99
680 68 2 2 167
682 68 2 2 162
684 68 2 2 53
704 68 2 2 145
706 68 2 2 311
712 68 2 2 464
714 68 2 2 489
716 68 2 2 552
718 68 2 2 387
762 68 2 2 148
764 68 2 2 250
766 68 2 2 299
784 68 2 2 630
786 68 2 2 421
788 68 2 2 196
790 68 2 2 68
792 68 2 2 25
798 68 2 2 2
800 68 2 2 2
802 68 2 2 4
806 68 2 2 33
560 70 2 2 1801
562 70 2 2 1436
564 70 2 2 972
566 70 2 2 603
568 70 2 2 514
570 70 2 2 712
572 70 2 2 860
574 70 2 2 823
576 70 2 2 736
578 70 2 2 709
580 70 2 2 761
582 70 2 2 735
584 70 2 2 683
586 70 2 2 648
592 70 2 2 515
594 70 2 2 480
596 70 2 2 434
598 70 2 2 362
600 70 2 2 303
602 70 2 2 301
604 70 2 2 340
612 70 2 2 249
614 70 2 2 373
616 70 2 2 453
618 70 2 2 453
620 70 2 2 444
622 70 2 2 437
624 70 2 2 422
626 70 2 2 408
652 70 2 2 235
654 70 2 2 32
658 70 2 2 60
660 70 2 2 33
662 70 2 2 34
664 70 2 2 22
666 70 2 2 15
668 70 2 2 12
670 70 2 2 8
672 70 2 2 6
674 70 2 2 6
676 70 2 2 12
678 70 2 2 18
682 70 2 2 11
700 70 2 2 21
702 70 2 2 92
704 70 2 2 235
706 70 2 2 376
712 70 2 2 525
714 70 2 2 532
716 70 2 2 290
760 70 2 2 74
762 70 2 2 210
764 70 2 2 326
766 70 2 2 386
784 70 2 2 531
786 70 2 2 296
788 70 2 2 99
790 70 2 2 28
800 70 2 2 3
806 70 2 2 13
556 72 2 2 2696
558 72 2 2 2202
560 72 2 2 1780
562 72 2 2 1488
564 72 2 2 1184
566 72 2 2 885
568 72 2 2 696
570 72 2 2 708
592 72 2 2 596
594 72 2 2 579
596 72 2 2 533
598 72 2 2 514
600 72 2 2 478
602 72 2 2 434
604 72 2 2 404
606 72 2 2 213
608 72 2 2 60
610 72 2 2 233
612 72 2 2 319
614 72 2 2 367
616 72 2 2 402
624 72 2 2 407
626 72 2 2 516
628 72 2 2 603
630 72 2 2 709
632 72 2 2 750
634 72 2 2 721
652 72 2 2 280
654 72 2 2 161
656 72 2 2 117
658 72 2 2 97
672 72 2 2 7
674 72 2 2 4
698 72 2 2 18
700 72 2 2 49
702 72 2 2 115
708 72 2 2 488
710 72 2 2 537
712 72 2 2 511
758 72 2 2 35
760 72 2 2 103
762 72 2 2 211
768 72 2 2 457
770 72 2 2 601
772 72 2 2 804
774 72 2 2 1000
780 72 2 2 925
782 72 2 2 675
784 72 2 2 386
806 72 2 2 8
808 72 2 2 16
810 72 2 2 31
556 74 2 2 1951
558 74 2 2 1494
560 74 2 2 1154
562 74 2 2 949
564 74 2 2 512
570 74 2 2 267
592 74 2 2 567
602 74 2 2 173
604 74 2 2 385
628 74 2 2 372
632 74 2 2 674
634 74 2 2 670
652 74 2 2 283
654 74 2 2 251
656 74 2 2 211
658 74 2 2 167
672 74 2 2 8
674 74 2 2 3
696 74 2 2 16
698 74 2 2 41
700 74 2 2 81
702 74 2 2 119
708 74 2 2 496
710 74 2 2 489
758 74 2 2 86
760 74 2 2 171
762 74 2 2 227
768 74 2 2 381
770 74 2 2 504
772 74 2 2 667
774 74 2 2 843
780 74 2 2 784
782 74 2 2 553
784 74 2 2 249
810 74 2 2 29
552 76 2 2 2387
554 76 2 2 1644
556 76 2 2 985
558 76 2 2 535
568 76 2 2 17
570 76 2 2 183
592 76 2 2 404
598 76 2 2 23
600 76 2 2 82
602 76 2 2 329
604 76 2 2 437
634 76 2 2 594
668 76 2 2 26
670 76 2 2 16
672 76 2 2 8
694 76 2 2 6
696 76 2 2 25
698 76 2 2 52
708 76 2 2 434
758 76 2 2 114
760 76 2 2 240
762 76 2 2 222
764 76 2 2 208
766 76 2 2 215
768 76 2 2 276
770 76 2 2 360
774 76 2 2 517
776 76 2 2 693
778 76 2 2 684
780 76 2 2 558
782 76 2 2 392
810 76 2 2 26
552 78 2 2 1475
554 78 2 2 699
564 78 2 2 4
566 78 2 2 24
568 78 2 2 132
570 78 2 2 356
592 78 2 2 227
594 78 2 2 45
602 78 2 2 377
604 78 2 2 327
632 78 2 2 102
634 78 2 2 376
668 78 2 2 23
670 78 2 2 13
694 78 2 2 7
696 78 2 2 26
698 78 2 2 48
708 78 2 2 245
710 78 2 2 9
712 78 2 2 2
760 78 2 2 76
778 78 2 2 324
786 78 2 2 6
810 78 2 2 25
548 80 2 2 2218
550 80 2 2 1439
552 80 2 2 511
562 80 2 2 4
564 80 2 2 13
566 80 2 2 50
580 80 2 2 431
582 80 2 2 392
584 80 2 2 367
586 80 2 2 419
592 80 2 2 226
594 80 2 2 192
602 80 2 2 198
604 80 2 2 163
606 80 2 2 14
632 80 2 2 114
634 80 2 2 271
660 80 2 2 88
662 80 2 2 58
664 80 2 2 36
666 80 2 2 25
668 80 2 2 17
670 80 2 2 8
696 80 2 2 20
698 80 2 2 49
700 80 2 2 94
702 80 2 2 182
704 80 2 2 227
706 80 2 2 163
708 80 2 2 54
710 80 2 2 8
736 80 2 2 3
784 80 2 2 4
786 80 2 2 3
788 80 2 2 3
810 80 2 2 23
548 82 2 2 1280
564 82 2 2 16
566 82 2 2 51
580 82 2 2 241
582 82 2 2 78
586 82 2 2 317
592 82 2 2 308
594 82 2 2 326
596 82 2 2 198
598 82 2 2 43
632 82 2 2 150
634 82 2 2 283
660 82 2 2 55
662 82 2 2 30
664 82 2 2 18
696 82 2 2 15
698 82 2 2 36
700 82 2 2 59
702 82 2 2 92
704 82 2 2 66
706 82 2 2 28
728 82 2 2 5
730 82 2 2 6
732 82 2 2 5
734 82 2 2 5
736 82 2 2 5
738 82 2 2 5
782 82 2 2 4
784 82 2 2 4
786 82 2 2 4
788 82 2 2 3
790 82 2 2 1
810 82 2 2 24
544 84 2 2 1580
546 84 2 2 1552
548 84 2 2 637
566 84 2 2 48
576 84 2 2 342
578 84 2 2 249
580 84 2 2 109
586 84 2 2 251
588 84 2 2 319
590 84 2 2 341
596 84 2 2 277
632 84 2 2 53
634 84 2 2 223
636 84 2 2 344
638 84 2 2 399
640 84 2 2 386
642 84 2 2 323
648 84 2 2 188
650 84 2 2 167
652 84 2 2 137
654 84 2 2 113
656 84 2 2 90
658 84 2 2 47
660 84 2 2 26
696 84 2 2 10
698 84 2 2 20
700 84 2 2 26
702 84 2 2 20
728 84 2 2 4
730 84 2 2 5
732 84 2 2 5
734 84 2 2 5
736 84 2 2 6
738 84 2 2 6
740 84 2 2 4
742 84 2 2 2
782 84 2 2 5
788 84 2 2 3
790 84 2 2 2
810 84 2 2 25
544 86 2 2 1201
546 86 2 2 801
554 86 2 2 17
556 86 2 2 22
558 86 2 2 20
564 86 2 2 13
566 86 2 2 72
576 86 2 2 336
578 86 2 2 220
580 86 2 2 54
584 86 2 2 40
588 86 2 2 209
590 86 2 2 312
596 86 2 2 278
634 86 2 2 49
636 86 2 2 179
638 86 2 2 283
640 86 2 2 285
642 86 2 2 238
648 86 2 2 117
650 86 2 2 83
652 86 2 2 61
654 86 2 2 46
656 86 2 2 29
658 86 2 2 13
696 86 2 2 6
698 86 2 2 10
700 86 2 2 10
730 86 2 2 4
732 86 2 2 5
734 86 2 2 6
736 86 2 2 6
738 86 2 2 7
740 86 2 2 8
776 86 2 2 4
778 86 2 2 7
780 86 2 2 6
782 86 2 2 4
788 86 2 2 3
790 86 2 2 2
810 86 2 2 20
540 88 2 2 1102
542 88 2 2 1085
544 88 2 2 556
548 88 2 2 25
552 88 2 2 39
554 88 2 2 32
556 88 2 2 40
558 88 2 2 50
560 88 2 2 36
562 88 2 2 34
564 88 2 2 30
566 88 2 2 66
576 88 2 2 224
578 88 2 2 160
588 88 2 2 170
590 88 2 2 269
592 88 2 2 289
594 88 2 2 279
596 88 2 2 144
640 88 2 2 77
642 88 2 2 85
644 88 2 2 68
646 88 2 2 53
648 88 2 2 24
652 88 2 2 13
654 88 2 2 13
656 88 2 2 5
694 88 2 2 4
696 88 2 2 4
698 88 2 2 5
700 88 2 2 5
732 88 2 2 4
734 88 2 2 5
736 88 2 2 6
738 88 2 2 7
740 88 2 2 6
772 88 2 2 2
776 88 2 2 3
778 88 2 2 5
788 88 2 2 3
790 88 2 2 3
810 88 2 2 10
540 90 2 2 1099
542 90 2 2 1122
548 90 2 2 171
550 90 2 2 169
552 90 2 2 120
554 90 2 2 104
556 90 2 2 104
558 90 2 2 60
560 90 2 2 23
562 90 2 2 39
564 90 2 2 61
566 90 2 2 79
576 90 2 2 168
578 90 2 2 77
580 90 2 2 28
588 90 2 2 66
590 90 2 2 86
592 90 2 2 75
646 90 2 2 11
692 90 2 2 3
694 90 2 2 3
696 90 2 2 3
732 90 2 2 3
734 90 2 2 5
736 90 2 2 5
738 90 2 2 6
764 90 2 2 2
770 90 2 2 2
776 90 2 2 3
778 90 2 2 4
788 90 2 2 3
790 90 2 2 3
810 90 2 2 4
540 92 2 2 1181
542 92 2 2 1167
544 92 2 2 815
546 92 2 2 391
548 92 2 2 270
550 92 2 2 264
576 92 2 2 175
578 92 2 2 65
580 92 2 2 13
672 92 2 2 3
674 92 2 2 2
730 92 2 2 3
732 92 2 2 4
734 92 2 2 4
736 92 2 2 4
738 92 2 2 4
768 92 2 2 3
770 92 2 2 2
778 92 2 2 3
784 92 2 2 2
786 92 2 2 3
788 92 2 2 3
790 92 2 2 3
806 92 2 2 3
808 92 2 2 3
810 92 2 2 4
540 94 2 2 1339
542 94 2 2 1313
544 94 2 2 1361
546 94 2 2 1064
548 94 2 2 651
550 94 2 2 381
576 94 2 2 198
578 94 2 2 48
666 94 2 2 4
668 94 2 2 5
670 94 2 2 4
672 94 2 2 3
730 94 2 2 4
732 94 2 2 4
734 94 2 2 4
736 94 2 2 3
760 94 2 2 2
766 94 2 2 3
768 94 2 2 3
770 94 2 2 3
778 94 2 2 3
784 94 2 2 2
786 94 2 2 2
788 94 2 2 3
790 94 2 2 2
806 94 2 2 5
808 94 2 2 5
810 94 2 2 14
576 96 2 2 87
578 96 2 2 28
662 96 2 2 4
664 96 2 2 3
666 96 2 2 4
668 96 2 2 4
670 96 2 2 4
678 96 2 2 5
680 96 2 2 6
728 96 2 2 4
730 96 2 2 4
732 96 2 2 3
734 96 2 2 3
736 96 2 2 2
750 96 2 2 3
752 96 2 2 3
754 96 2 2 2
756 96 2 2 2
758 96 2 2 3
760 96 2 2 3
762 96 2 2 3
764 96 2 2 3
766 96 2 2 3
768 96 2 2 3
770 96 2 2 3
772 96 2 2 3
774 96 2 2 3
776 96 2 2 3
778 96 2 2 3
784 96 2 2 3
790 96 2 2 2
802 96 2 2 4
804 96 2 2 6
806 96 2 2 10
576 98 2 2 23
578 98 2 2 16
658 98 2 2 2
660 98 2 2 4
662 98 2 2 4
664 98 2 2 4
666 98 2 2 3
668 98 2 2 2
676 98 2 2 4
678 98 2 2 4
728 98 2 2 4
732 98 2 2 3
734 98 2 2 3
748 98 2 2 4
750 98 2 2 4
752 98 2 2 3
754 98 2 2 3
756 98 2 2 3
758 98 2 2 3
760 98 2 2 3
762 98 2 2 3
764 98 2 2 3
766 98 2 2 3
768 98 2 2 3
770 98 2 2 3
772 98 2 2 3
774 98 2 2 4
776 98 2 2 4
778 98 2 2 4
784 98 2 2 3
790 98 2 2 2
802 98 2 2 6
804 98 2 2 11
806 98 2 2 17
576 100 2 2 9
578 100 2 2 10
656 100 2 2 2
658 100 2 2 3
660 100 2 2 4
662 100 2 2 4
664 100 2 2 3
674 100 2 2 6
676 100 2 2 4
728 100 2 2 1
732 100 2 2 3
734 100 2 2 3
736 100 2 2 3
738 100 2 2 2
746 100 2 2 4
748 100 2 2 4
750 100 2 2 4
784 100 2 2 5
786 100 2 2 4
788 100 2 2 4
790 100 2 2 3
800 100 2 2 4
802 100 2 2 8
576 102 2 2 10
578 102 2 2 4
654 102 2 2 4
656 102 2 2 4
658 102 2 2 3
660 102 2 2 4
662 102 2 2 3
672 102 2 2 6
674 102 2 2 6
730 102 2 2 2
732 102 2 2 3
734 102 2 2 3
736 102 2 2 3
738 102 2 2 3
740 102 2 2 3
746 102 2 2 4
748 102 2 2 4
750 102 2 2 4
784 102 2 2 8
786 102 2 2 7
788 102 2 2 6
790 102 2 2 5
792 102 2 2 3
794 102 2 2 3
798 102 2 2 6
800 102 2 2 5
802 102 2 2 10
576 104 2 2 15
652 104 2 2 3
654 104 2 2 4
656 104 2 2 4
658 104 2 2 4
670 104 2 2 4
672 104 2 2 5
724 104 2 2 4
730 104 2 2 2
740 104 2 2 3
744 104 2 2 3
746 104 2 2 4
792 104 2 2 5
794 104 2 2 6
796 104 2 2 10
798 104 2 2 13
576 106 2 2 23
650 106 2 2 3
652 106 2 2 4
654 106 2 2 4
656 106 2 2 4
658 106 2 2 3
666 106 2 2 4
668 106 2 2 5
670 106 2 2 5
672 106 2 2 3
682 106 2 2 2
722 106 2 2 4
724 106 2 2 5
726 106 2 2 4
728 106 2 2 3
730 106 2 2 2
740 106 2 2 3
742 106 2 2 3
744 106 2 2 3
746 106 2 2 5
792 106 2 2 6
794 106 2 2 12
796 106 2 2 23
798 106 2 2 33
576 108 2 2 33
650 108 2 2 3
652 108 2 2 4
654 108 2 2 4
656 108 2 2 4
664 108 2 2 4
666 108 2 2 5
672 108 2 2 3
674 108 2 2 4
676 108 2 2 4
682 108 2 2 2
720 108 2 2 3
722 108 2 2 4
576 110 2 2 51
578 110 2 2 15
650 110 2 2 3
652 110 2 2 3
654 110 2 2 4
656 110 2 2 4
658 110 2 2 2
662 110 2 2 4
664 110 2 2 5
666 110 2 2 5
672 110 2 2 4
674 110 2 2 5
676 110 2 2 4
682 110 2 2 2
684 110 2 2 1
718 110 2 2 4
720 110 2 2 4
722 110 2 2 4
576 112 2 2 63
578 112 2 2 33
650 112 2 2 5
656 112 2 2 4
658 112 2 2 4
660 112 2 2 4
662 112 2 2 5
676 112 2 2 4
678 112 2 2 3
680 112 2 2 3
682 112 2 2 3
684 112 2 2 3
718 112 2 2 4
576 114 2 2 63
578 114 2 2 36
580 114 2 2 12
582 114 2 2 3
584 114 2 2 4
650 114 2 2 6
656 114 2 2 5
658 114 2 2 6
660 114 2 2 5
662 114 2 2 4
676 114 2 2 4
678 114 2 2 4
680 114 2 2 4
682 114 2 2 4
684 114 2 2 3
686 114 2 2 2
712 114 2 2 1
714 114 2 2 2
716 114 2 2 3
718 114 2 2 3
568 116 2 2 106
570 116 2 2 135
572 116 2 2 96
574 116 2 2 67
576 116 2 2 48
578 116 2 2 23
580 116 2 2 9
582 116 2 2 5
584 116 2 2 5
586 116 2 2 6
588 116 2 2 5
648 116 2 2 5
650 116 2 2 7
652 116 2 2 5
654 116 2 2 6
656 116 2 2 7
658 116 2 2 6
664 116 2 2 4
666 116 2 2 4
668 116 2 2 5
670 116 2 2 5
684 116 2 2 4
686 116 2 2 3
688 116 2 2 3
690 116 2 2 2
700 116 2 2 3
702 116 2 2 2
710 116 2 2 2
712 116 2 2 3
714 116 2 2 3
716 116 2 2 3
718 116 2 2 3
720 116 2 2 3
722 116 2 2 3
724 116 2 2 3
726 116 2 2 3
568 118 2 2 89
570 118 2 2 75
572 118 2 2 58
574 118 2 2 28
576 118 2 2 12
582 118 2 2 4
584 118 2 2 5
586 118 2 2 6
588 118 2 2 6
590 118 2 2 3
648 118 2 2 8
650 118 2 2 8
652 118 2 2 11
654 118 2 2 8
656 118 2 2 6
658 118 2 2 6
664 118 2 2 3
666 118 2 2 4
668 118 2 2 4
670 118 2 2 5
684 118 2 2 5
686 118 2 2 4
688 118 2 2 4
690 118 2 2 4
692 118 2 2 4
694 118 2 2 3
696 118 2 2 3
698 118 2 2 4
700 118 2 2 3
702 118 2 2 3
704 118 2 2 3
706 118 2 2 3
708 118 2 2 3
710 118 2 2 3
714 118 2 2 3
716 118 2 2 3
718 118 2 2 3
724 118 2 2 3
726 118 2 2 3
564 120 2 2 141
566 120 2 2 105
568 120 2 2 69
570 120 2 2 45
578 120 2 2 1
580 120 2 2 2
582 120 2 2 4
588 120 2 2 6
590 120 2 2 4
592 120 2 2 4
646 120 2 2 7
648 120 2 2 11
650 120 2 2 10
664 120 2 2 3
668 120 2 2 4
670 120 2 2 5
708 120 2 2 3
710 120 2 2 3
714 120 2 2 3
716 120 2 2 3
718 120 2 2 3
724 120 2 2 3
726 120 2 2 3
564 122 2 2 48
566 122 2 2 29
568 122 2 2 14
580 122 2 2 3
582 122 2 2 4
588 122 2 2 6
590 122 2 2 6
592 122 2 2 6
594 122 2 2 5
644 122 2 2 8
646 122 2 2 10
648 122 2 2 11
650 122 2 2 10
664 122 2 2 3
668 122 2 2 4
670 122 2 2 5
708 122 2 2 3
710 122 2 2 3
712 122 2 2 3
714 122 2 2 3
716 122 2 2 3
726 122 2 2 4
564 124 2 2 28
582 124 2 2 4
592 124 2 2 6
594 124 2 2 5
644 124 2 2 8
646 124 2 2 11
664 124 2 2 4
666 124 2 2 4
668 124 2 2 4
670 124 2 2 5
712 124 2 2 3
716 124 2 2 3
722 124 2 2 3
724 124 2 2 5
726 124 2 2 7
564 126 2 2 20
582 126 2 2 4
592 126 2 2 6
594 126 2 2 5
596 126 2 2 4
600 126 2 2 6
644 126 2 2 7
646 126 2 2 9
664 126 2 2 5
666 126 2 2 5
668 126 2 2 5
670 126 2 2 5
712 126 2 2 2
714 126 2 2 3
716 126 2 2 3
722 126 2 2 5
724 126 2 2 8
726 126 2 2 11
564 128 2 2 15
582 128 2 2 5
596 128 2 2 5
598 128 2 2 6
600 128 2 2 7
644 128 2 2 8
646 128 2 2 9
716 128 2 2 3
718 128 2 2 4
720 128 2 2 7
722 128 2 2 10
564 130 2 2 9
582 130 2 2 6
596 130 2 2 6
598 130 2 2 6
600 130 2 2 6
642 130 2 2 6
644 130 2 2 8
646 130 2 2 9
716 130 2 2 4
718 130 2 2 6
720 130 2 2 10
722 130 2 2 16
556 132 2 2 101
558 132 2 2 52
560 132 2 2 26
562 132 2 2 11
564 132 2 2 3
580 132 2 2 7
582 132 2 2 8
596 132 2 2 6
598 132 2 2 6
600 132 2 2 3
642 132 2 2 7
644 132 2 2 8
646 132 2 2 9
656 132 2 2 6
658 132 2 2 4
660 132 2 2 4
662 132 2 2 3
664 132 2 2 4
666 132 2 2 4
680 132 2 2 6
682 132 2 2 7
684 132 2 2 8
686 132 2 2 9
688 132 2 2 9
690 132 2 2 8
556 134 2 2 104
558 134 2 2 49
560 134 2 2 17
580 134 2 2 10
582 134 2 2 10
596 134 2 2 6
598 134 2 2 5
642 134 2 2 7
644 134 2 2 9
646 134 2 2 8
656 134 2 2 7
664 134 2 2 4
666 134 2 2 4
680 134 2 2 6
682 134 2 2 6
684 134 2 2 7
686 134 2 2 9
688 134 2 2 10
690 134 2 2 10
548 136 2 2 283
550 136 2 2 131
552 136 2 2 175
554 136 2 2 149
556 136 2 2 81
558 136 2 2 28
580 136 2 2 11
582 136 2 2 10
592 136 2 2 7
594 136 2 2 6
596 136 2 2 5
598 136 2 2 4
644 136 2 2 7
646 136 2 2 7
648 136 2 2 8
650 136 2 2 15
656 136 2 2 8
666 136 2 2 3
668 136 2 2 4
670 136 2 2 5
676 136 2 2 6
678 136 2 2 5
680 136 2 2 5
682 136 2 2 3
690 136 2 2 7
692 136 2 2 8
694 136 2 2 9
548 138 2 2 139
550 138 2 2 32
552 138 2 2 44
554 138 2 2 47
556 138 2 2 37
578 138 2 2 7
580 138 2 2 10
582 138 2 2 10
592 138 2 2 6
594 138 2 2 5
596 138 2 2 3
648 138 2 2 12
650 138 2 2 26
656 138 2 2 11
668 138 2 2 4
670 138 2 2 4
676 138 2 2 5
678 138 2 2 4
680 138 2 2 4
692 138 2 2 6
694 138 2 2 11
544 140 2 2 909
546 140 2 2 389
548 140 2 2 46
550 140 2 2 4
556 140 2 2 12
578 140 2 2 9
580 140 2 2 9
582 140 2 2 7
584 140 2 2 6
586 140 2 2 6
588 140 2 2 5
590 140 2 2 4
592 140 2 2 3
648 140 2 2 36
650 140 2 2 72
656 140 2 2 13
658 140 2 2 2
668 140 2 2 4
670 140 2 2 5
672 140 2 2 4
674 140 2 2 4
676 140 2 2 3
680 140 2 2 4
682 140 2 2 6
684 140 2 2 8
686 140 2 2 7
690 140 2 2 6
692 140 2 2 4
694 140 2 2 13
544 142 2 2 623
546 142 2 2 187
578 142 2 2 7
580 142 2 2 6
646 142 2 2 42
648 142 2 2 69
650 142 2 2 130
656 142 2 2 16
666 142 2 2 3
668 142 2 2 5
670 142 2 2 6
672 142 2 2 4
680 142 2 2 3
682 142 2 2 5
684 142 2 2 9
686 142 2 2 13
688 142 2 2 15
690 142 2 2 13
692 142 2 2 10
694 142 2 2 25
544 144 2 2 723
546 144 2 2 167
558 144 2 2 3
642 144 2 2 8
644 144 2 2 39
646 144 2 2 69
652 144 2 2 146
654 144 2 2 76
656 144 2 2 18
666 144 2 2 3
668 144 2 2 5
680 144 2 2 1
682 144 2 2 2
544 146 2 2 685
546 146 2 2 153
642 146 2 2 24
644 146 2 2 66
646 146 2 2 86
652 146 2 2 172
654 146 2 2 133
678 146 2 2 8
680 146 2 2 2
682 146 2 2 2
544 148 2 2 177
546 148 2 2 47
642 148 2 2 42
648 148 2 2 150
650 148 2 2 200
652 148 2 2 213
654 148 2 2 109
670 148 2 2 5
672 148 2 2 2
676 148 2 2 12
678 148 2 2 47
544 150 2 2 12
546 150 2 2 4
640 150 2 2 9
642 150 2 2 59
648 150 2 2 219
650 150 2 2 259
652 150 2 2 123
654 150 2 2 24
668 150 2 2 37
670 150 2 2 46
674 150 2 2 5
676 150 2 2 63
678 150 2 2 170
544 152 2 2 16
546 152 2 2 3
640 152 2 2 3
642 152 2 2 63
648 152 2 2 242
650 152 2 2 233
666 152 2 2 5
668 152 2 2 82
670 152 2 2 150
676 152 2 2 137
678 152 2 2 287
544 154 2 2 20
546 154 2 2 7
640 154 2 2 15
642 154 2 2 116
648 154 2 2 260
650 154 2 2 244
668 154 2 2 151
670 154 2 2 237
672 154 2 2 111
674 154 2 2 115
676 154 2 2 229
678 154 2 2 411
408 156 2 2 3623
410 156 2 2 3491
412 156 2 2 3482
414 156 2 2 3359
544 156 2 2 13
546 156 2 2 6
638 156 2 2 41
640 156 2 2 85
642 156 2 2 139
648 156 2 2 259
650 156 2 2 186
668 156 2 2 207
670 156 2 2 349
408 158 2 2 2901
410 158 2 2 2628
412 158 2 2 2504
414 158 2 2 2359
544 158 2 2 8
546 158 2 2 6
636 158 2 2 33
638 158 2 2 84
640 158 2 2 147
642 158 2 2 171
648 158 2 2 251
650 158 2 2 169
652 158 2 2 54
666 158 2 2 113
668 158 2 2 318
670 158 2 2 504
404 160 2 2 2614
406 160 2 2 1362
408 160 2 2 867
410 160 2 2 1161
414 160 2 2 1126
416 160 2 2 1829
418 160 2 2 2712
544 160 2 2 9
546 160 2 2 5
636 160 2 2 89
638 160 2 2 134
652 160 2 2 126
654 160 2 2 50
656 160 2 2 67
658 160 2 2 63
660 160 2 2 37
662 160 2 2 27
664 160 2 2 115
666 160 2 2 311
404 162 2 2 1366
410 162 2 2 1
414 162 2 2 84
416 162 2 2 807
418 162 2 2 1733
544 162 2 2 16
634 162 2 2 42
636 162 2 2 171
638 162 2 2 157
652 162 2 2 152
654 162 2 2 170
656 162 2 2 211
658 162 2 2 218
660 162 2 2 197
662 162 2 2 201
664 162 2 2 331
666 162 2 2 552
404 164 2 2 405
406 164 2 2 19
408 164 2 2 2
410 164 2 2 1
412 164 2 2 2
416 164 2 2 382
418 164 2 2 1125
540 164 2 2 509
542 164 2 2 106
544 164 2 2 21
634 164 2 2 62
404 166 2 2 201
408 166 2 2 1
410 166 2 2 7
416 166 2 2 492
418 166 2 2 1240
540 166 2 2 750
542 166 2 2 147
544 166 2 2 19
634 166 2 2 63
404 168 2 2 228
414 168 2 2 570
416 168 2 2 1645
418 168 2 2 2226
540 168 2 2 431
542 168 2 2 68
634 168 2 2 84
404 170 2 2 259
412 170 2 2 881
414 170 2 2 1954
416 170 2 2 2904
418 170 2 2 3015
540 170 2 2 270
542 170 2 2 35
630 170 2 2 28
632 170 2 2 44
634 170 2 2 83
404 172 2 2 406
406 172 2 2 81
408 172 2 2 254
410 172 2 2 1006
412 172 2 2 2156
414 172 2 2 3122
540 172 2 2 178
542 172 2 2 23
628 172 2 2 13
630 172 2 2 33
404 174 2 2 1006
406 174 2 2 781
408 174 2 2 1157
410 174 2 2 2052
412 174 2 2 2968
414 174 2 2 3576
540 174 2 2 28
628 174 2 2 16
630 174 2 2 51
536 176 2 2 173
538 176 2 2 27
540 176 2 2 8
628 176 2 2 9
630 176 2 2 32
632 176 2 2 100
634 176 2 2 165
536 178 2 2 137
538 178 2 2 19
632 178 2 2 69
634 178 2 2 159
536 180 2 2 60
634 180 2 2 146
536 182 2 2 67
634 182 2 2 157
536 184 2 2 159
634 184 2 2 102
636 184 2 2 214
638 184 2 2 323
536 186 2 2 213
634 186 2 2 43
636 186 2 2 116
638 186 2 2 228
536 188 2 2 291
638 188 2 2 164
640 188 2 2 404
642 188 2 2 792
536 190 2 2 291
638 190 2 2 49
640 190 2 2 294
642 190 2 2 667
536 192 2 2 88
640 192 2 2 187
642 192 2 2 520
536 194 2 2 35
642 194 2 2 300
528 196 2 2 1578
530 196 2 2 981
532 196 2 2 361
534 196 2 2 70
536 196 2 2 18
538 196 2 2 5
642 196 2 2 142
644 196 2 2 445
646 196 2 2 814
528 198 2 2 1422
530 198 2 2 607
532 198 2 2 121
534 198 2 2 12
536 198 2 2 5
644 198 2 2 274
646 198 2 2 595
176 200 2 2 560
178 200 2 2 124
180 200 2 2 12
182 200 2 2 18
528 200 2 2 1190
530 200 2 2 316
534 200 2 2 2
644 200 2 2 155
646 200 2 2 394
176 202 2 2 729
178 202 2 2 185
180 202 2 2 10
182 202 2 2 31
528 202 2 2 947
530 202 2 2 149
534 202 2 2 2
536 202 2 2 4
642 202 2 2 25
644 202 2 2 99
646 202 2 2 240
176 204 2 2 690
178 204 2 2 144
182 204 2 2 33
528 204 2 2 888
530 204 2 2 113
534 204 2 2 2
536 204 2 2 2
638 204 2 2 14
640 204 2 2 25
642 204 2 2 49
176 206 2 2 614
178 206 2 2 183
180 206 2 2 23
182 206 2 2 34
528 206 2 2 852
530 206 2 2 96
532 206 2 2 2
534 206 2 2 2
536 206 2 2 3
638 206 2 2 17
640 206 2 2 33
642 206 2 2 65
528 208 2 2 626
530 208 2 2 56
532 208 2 2 2
534 208 2 2 2
536 208 2 2 3
638 208 2 2 13
640 208 2 2 30
642 208 2 2 69
528 210 2 2 617
530 210 2 2 27
534 210 2 2 2
640 210 2 2 18
642 210 2 2 63
524 212 2 2 2037
526 212 2 2 1682
528 212 2 2 520
534 212 2 2 4
642 212 2 2 26
644 212 2 2 85
646 212 2 2 157
524 214 2 2 1719
526 214 2 2 1397
644 214 2 2 45
646 214 2 2 128
48 216 2 2 357
50 216 2 2 269
52 216 2 2 343
54 216 2 2 506
96 216 2 2 423
98 216 2 2 591
100 216 2 2 818
102 216 2 2 1039
524 216 2 2 1591
526 216 2 2 1230
528 216 2 2 372
646 216 2 2 51
648 216 2 2 108
650 216 2 2 165
652 216 2 2 216
654 216 2 2 196
660 216 2 2 150
662 216 2 2 229
664 216 2 2 983
666 216 2 2 1779
668 216 2 2 2453
670 216 2 2 3077
48 218 2 2 140
50 218 2 2 48
52 218 2 2 130
54 218 2 2 303
96 218 2 2 2
98 218 2 2 48
100 218 2 2 288
102 218 2 2 642
524 218 2 2 1751
526 218 2 2 1519
528 218 2 2 436
648 218 2 2 32
650 218 2 2 81
652 218 2 2 151
654 218 2 2 205
660 218 2 2 159
668 218 2 2 1604
670 218 2 2 2342
48 220 2 2 112
50 220 2 2 25
54 220 2 2 131
96 220 2 2 13
98 220 2 2 11
102 220 2 2 95
104 220 2 2 522
106 220 2 2 874
528 220 2 2 444
552 220 2 2 3
554 220 2 2 4
556 220 2 2 5
558 220 2 2 7
560 220 2 2 7
654 220 2 2 84
656 220 2 2 171
658 220 2 2 210
660 220 2 2 157
662 220 2 2 34
670 220 2 2 1584
672 220 2 2 2328
674 220 2 2 3040
48 222 2 2 140
50 222 2 2 41
54 222 2 2 90
96 222 2 2 38
98 222 2 2 39
100 222 2 2 51
104 222 2 2 175
106 222 2 2 489
528 222 2 2 392
552 222 2 2 4
554 222 2 2 5
556 222 2 2 6
558 222 2 2 8
560 222 2 2 9
562 222 2 2 9
564 222 2 2 7
658 222 2 2 58
660 222 2 2 43
662 222 2 2 25
664 222 2 2 13
670 222 2 2 762
672 222 2 2 1513
674 222 2 2 2277
48 224 2 2 244
50 224 2 2 183
52 224 2 2 145
54 224 2 2 175
100 224 2 2 328
102 224 2 2 182
104 224 2 2 139
106 224 2 2 316
524 224 2 2 1502
526 224 2 2 1419
528 224 2 2 466
552 224 2 2 4
554 224 2 2 6
564 224 2 2 8
566 224 2 2 6
664 224 2 2 12
672 224 2 2 773
674 224 2 2 1544
676 224 2 2 2310
678 224 2 2 3024
48 226 2 2 259
50 226 2 2 248
52 226 2 2 234
54 226 2 2 266
100 226 2 2 883
102 226 2 2 656
104 226 2 2 499
106 226 2 2 549
524 226 2 2 1431
526 226 2 2 1417
550 226 2 2 4
552 226 2 2 4
554 226 2 2 5
564 226 2 2 8
566 226 2 2 8
674 226 2 2 839
676 226 2 2 1643
678 226 2 2 2377
524 228 2 2 1362
526 228 2 2 1331
528 228 2 2 512
548 228 2 2 3
550 228 2 2 5
560 228 2 2 7
562 228 2 2 7
564 228 2 2 7
566 228 2 2 7
676 228 2 2 830
678 228 2 2 1579
680 228 2 2 2242
682 228 2 2 2839
524 230 2 2 1301
526 230 2 2 1343
528 230 2 2 838
546 230 2 2 3
548 230 2 2 4
550 230 2 2 5
560 230 2 2 6
562 230 2 2 6
564 230 2 2 5
566 230 2 2 3
670 230 2 2 5
678 230 2 2 700
680 230 2 2 1371
682 230 2 2 2092
84 232 2 2 274
86 232 2 2 364
88 232 2 2 567
90 232 2 2 719
528 232 2 2 942
546 232 2 2 4
560 232 2 2 6
562 232 2 2 5
680 232 2 2 775
682 232 2 2 1561
84 234 2 2 75
86 234 2 2 65
88 234 2 2 137
90 234 2 2 235
528 234 2 2 780
546 234 2 2 4
560 234 2 2 6
562 234 2 2 6
678 234 2 2 73
680 234 2 2 478
682 234 2 2 1231
60 236 2 2 166
62 236 2 2 85
64 236 2 2 55
66 236 2 2 31
68 236 2 2 61
70 236 2 2 175
84 236 2 2 42
90 236 2 2 25
216 236 2 2 59
218 236 2 2 66
220 236 2 2 88
222 236 2 2 180
528 236 2 2 777
530 236 2 2 254
546 236 2 2 5
560 236 2 2 7
562 236 2 2 6
678 236 2 2 19
680 236 2 2 293
682 236 2 2 994
60 238 2 2 150
62 238 2 2 32
68 238 2 2 59
70 238 2 2 201
84 238 2 2 158
86 238 2 2 43
88 238 2 2 14
90 238 2 2 10
216 238 2 2 54
220 238 2 2 70
222 238 2 2 261
528 238 2 2 742
530 238 2 2 514
532 238 2 2 142
544 238 2 2 6
546 238 2 2 8
560 238 2 2 8
562 238 2 2 5
680 238 2 2 131
682 238 2 2 777
44 240 2 2 538
46 240 2 2 410
48 240 2 2 327
50 240 2 2 425
60 240 2 2 387
62 240 2 2 230
64 240 2 2 173
66 240 2 2 183
68 240 2 2 242
70 240 2 2 342
216 240 2 2 473
218 240 2 2 291
220 240 2 2 418
222 240 2 2 727
532 240 2 2 332
534 240 2 2 90
536 240 2 2 4
542 240 2 2 6
544 240 2 2 12
546 240 2 2 15
560 240 2 2 9
562 240 2 2 6
680 240 2 2 88
682 240 2 2 661
44 242 2 2 143
46 242 2 2 102
48 242 2 2 165
50 242 2 2 320
60 242 2 2 661
62 242 2 2 551
64 242 2 2 499
66 242 2 2 490
68 242 2 2 503
70 242 2 2 521
216 242 2 2 1354
218 242 2 2 1157
220 242 2 2 1231
222 242 2 2 1482
532 242 2 2 455
534 242 2 2 302
536 242 2 2 26
538 242 2 2 9
540 242 2 2 11
542 242 2 2 19
544 242 2 2 24
546 242 2 2 26
560 242 2 2 8
562 242 2 2 6
678 242 2 2 3
680 242 2 2 45
682 242 2 2 626
36 244 2 2 3
38 244 2 2 2
40 244 2 2 2
42 244 2 2 2
44 244 2 2 2
46 244 2 2 2
50 244 2 2 142
560 244 2 2 7
562 244 2 2 3
680 244 2 2 13
682 244 2 2 533
684 244 2 2 1411
686 244 2 2 2273
36 246 2 2 43
40 246 2 2 2
42 246 2 2 2
44 246 2 2 2
46 246 2 2 2
48 246 2 2 1
50 246 2 2 18
560 246 2 2 7
680 246 2 2 7
682 246 2 2 319
684 246 2 2 1092
686 246 2 2 1870
36 248 2 2 62
38 248 2 2 30
40 248 2 2 15
42 248 2 2 3
556 248 2 2 31
558 248 2 2 20
560 248 2 2 10
684 248 2 2 695
686 248 2 2 1443
36 250 2 2 105
40 250 2 2 18
42 250 2 2 20
556 250 2 2 56
558 250 2 2 29
560 250 2 2 10
684 250 2 2 392
686 250 2 2 1078
36 252 2 2 250
38 252 2 2 196
40 252 2 2 164
42 252 2 2 90
104 252 2 2 29
106 252 2 2 34
108 252 2 2 83
110 252 2 2 468
556 252 2 2 140
558 252 2 2 58
684 252 2 2 164
686 252 2 2 665
36 254 2 2 423
38 254 2 2 458
40 254 2 2 467
42 254 2 2 382
104 254 2 2 37
106 254 2 2 22
108 254 2 2 39
110 254 2 2 284
556 254 2 2 155
558 254 2 2 80
560 254 2 2 37
686 254 2 2 726
104 256 2 2 54
106 256 2 2 13
110 256 2 2 160
560 256 2 2 120
562 256 2 2 24
686 256 2 2 230
688 256 2 2 570
690 256 2 2 1132
104 258 2 2 183
106 258 2 2 54
108 258 2 2 24
110 258 2 2 205
560 258 2 2 225
562 258 2 2 74
688 258 2 2 258
690 258 2 2 720
560 260 2 2 242
562 260 2 2 91
690 260 2 2 550
692 260 2 2 1347
694 260 2 2 1999
560 262 2 2 221
562 262 2 2 108
690 262 2 2 173
692 262 2 2 800
694 262 2 2 1364
80 264 2 2 38
82 264 2 2 31
84 264 2 2 34
86 264 2 2 34
560 264 2 2 284
562 264 2 2 88
692 264 2 2 187
694 264 2 2 566
80 266 2 2 22
82 266 2 2 6
86 266 2 2 33
560 266 2 2 334
562 266 2 2 90
692 266 2 2 65
694 266 2 2 205
80 268 2 2 6
82 268 2 2 2
84 268 2 2 28
86 268 2 2 42
560 268 2 2 482
562 268 2 2 172
564 268 2 2 42
694 268 2 2 114
80 270 2 2 2
82 270 2 2 2
84 270 2 2 24
86 270 2 2 92
560 270 2 2 682
562 270 2 2 417
564 270 2 2 187
566 270 2 2 72
694 270 2 2 84
76 272 2 2 13
78 272 2 2 3
80 272 2 2 2
82 272 2 2 8
564 272 2 2 196
566 272 2 2 108
694 272 2 2 67
696 272 2 2 287
698 272 2 2 897
76 274 2 2 10
78 274 2 2 12
80 274 2 2 13
82 274 2 2 18
564 274 2 2 336
566 274 2 2 238
568 274 2 2 107
694 274 2 2 60
696 274 2 2 249
698 274 2 2 719
76 276 2 2 56
80 276 2 2 48
82 276 2 2 43
568 276 2 2 119
696 276 2 2 103
698 276 2 2 227
76 278 2 2 278
78 278 2 2 253
80 278 2 2 247
82 278 2 2 258
568 278 2 2 114
696 278 2 2 54
698 278 2 2 98
28 280 2 2 119
30 280 2 2 56
32 280 2 2 43
34 280 2 2 67
36 280 2 2 154
38 280 2 2 352
568 280 2 2 155
696 280 2 2 73
698 280 2 2 361
28 282 2 2 161
30 282 2 2 48
38 282 2 2 164
568 282 2 2 148
696 282 2 2 73
698 282 2 2 643
28 284 2 2 316
30 284 2 2 181
32 284 2 2 88
34 284 2 2 61
36 284 2 2 26
38 284 2 2 99
564 284 2 2 737
566 284 2 2 399
568 284 2 2 100
690 284 2 2 28
692 284 2 2 36
696 284 2 2 138
698 284 2 2 860
28 286 2 2 512
30 286 2 2 417
32 286 2 2 333
34 286 2 2 264
36 286 2 2 187
38 286 2 2 190
564 286 2 2 1052
566 286 2 2 554
568 286 2 2 123
690 286 2 2 68
692 286 2 2 65
694 286 2 2 17
696 286 2 2 218
698 286 2 2 1056
564 288 2 2 1048
566 288 2 2 479
690 288 2 2 75
692 288 2 2 93
694 288 2 2 136
564 290 2 2 1055
566 290 2 2 379
692 290 2 2 250
694 290 2 2 824
564 292 2 2 1089
566 292 2 2 486
568 292 2 2 74
692 292 2 2 498
694 292 2 2 1466
564 294 2 2 1182
566 294 2 2 672
692 294 2 2 670
694 294 2 2 1712
564 296 2 2 1237
566 296 2 2 774
568 296 2 2 197
690 296 2 2 107
692 296 2 2 934
694 296 2 2 1814
564 298 2 2 1101
566 298 2 2 809
568 298 2 2 300
682 298 2 2 2
684 298 2 2 2
686 298 2 2 2
688 298 2 2 15
690 298 2 2 252
692 298 2 2 1141
694 298 2 2 1837
568 300 2 2 400
570 300 2 2 71
680 300 2 2 2
682 300 2 2 2
568 302 2 2 351
678 302 2 2 4
680 302 2 2 2
682 302 2 2 3
564 304 2 2 604
566 304 2 2 443
568 304 2 2 78
678 304 2 2 22
564 306 2 2 146
566 306 2 2 50
678 306 2 2 42
560 308 2 2 787
562 308 2 2 417
564 308 2 2 18
676 308 2 2 26
678 308 2 2 68
560 310 2 2 546
562 310 2 2 264
676 310 2 2 30
678 310 2 2 83
560 312 2 2 461
562 312 2 2 135
676 312 2 2 41
678 312 2 2 57
560 314 2 2 495
562 314 2 2 184
676 314 2 2 42
678 314 2 2 74
560 316 2 2 629
562 316 2 2 273
564 316 2 2 45
676 316 2 2 116
678 316 2 2 237
560 318 2 2 780
562 318 2 2 400
564 318 2 2 124
566 318 2 2 21
676 318 2 2 148
678 318 2 2 356
564 320 2 2 283
566 320 2 2 62
568 320 2 2 11
674 320 2 2 52
676 320 2 2 185
678 320 2 2 411
564 322 2 2 260
566 322 2 2 63
674 322 2 2 60
676 322 2 2 257
678 322 2 2 485
564 324 2 2 193
566 324 2 2 49
674 324 2 2 98
676 324 2 2 303
678 324 2 2 557
564 326 2 2 171
566 326 2 2 60
568 326 2 2 28
674 326 2 2 53
676 326 2 2 264
678 326 2 2 598
568 328 2 2 35
676 328 2 2 214
678 328 2 2 638
568 330 2 2 20
676 330 2 2 165
678 330 2 2 533
568 332 2 2 22
676 332 2 2 176
678 332 2 2 664
568 334 2 2 59
570 334 2 2 37
676 334 2 2 244
678 334 2 2 832
568 336 2 2 107
570 336 2 2 47
676 336 2 2 208
678 336 2 2 880
568 338 2 2 126
570 338 2 2 53
676 338 2 2 198
678 338 2 2 920
568 340 2 2 160
570 340 2 2 58
676 340 2 2 202
678 340 2 2 835
568 342 2 2 172
570 342 2 2 72
676 342 2 2 111
678 342 2 2 438
568 344 2 2 221
570 344 2 2 89
572 344 2 2 43
678 344 2 2 103
680 344 2 2 462
682 344 2 2 946
568 346 2 2 241
570 346 2 2 90
572 346 2 2 52
574 346 2 2 13
682 346 2 2 530
572 348 2 2 48
574 348 2 2 26
682 348 2 2 157
684 348 2 2 533
686 348 2 2 886
572 350 2 2 61
574 350 2 2 38
684 350 2 2 202
686 350 2 2 521
572 352 2 2 80
574 352 2 2 38
576 352 2 2 33
686 352 2 2 166
572 354 2 2 373
574 354 2 2 162
576 354 2 2 40
654 354 2 2 11
656 354 2 2 16
658 354 2 2 20
660 354 2 2 22
662 354 2 2 18
664 354 2 2 10
686 354 2 2 78
576 356 2 2 111
578 356 2 2 28
648 356 2 2 13
650 356 2 2 21
652 356 2 2 27
654 356 2 2 33
664 356 2 2 35
666 356 2 2 16
684 356 2 2 45
686 356 2 2 147
576 358 2 2 131
578 358 2 2 21
642 358 2 2 9
644 358 2 2 18
646 358 2 2 24
648 358 2 2 27
650 358 2 2 33
652 358 2 2 37
654 358 2 2 33
664 358 2 2 35
666 358 2 2 32
668 358 2 2 20
686 358 2 2 284
576 360 2 2 143
578 360 2 2 13
638 360 2 2 15
640 360 2 2 21
642 360 2 2 16
668 360 2 2 32
670 360 2 2 15
684 360 2 2 147
686 360 2 2 418
576 362 2 2 126
634 362 2 2 17
636 362 2 2 32
638 362 2 2 52
640 362 2 2 100
642 362 2 2 63
668 362 2 2 37
670 362 2 2 28
680 362 2 2 18
682 362 2 2 48
684 362 2 2 236
686 362 2 2 518
576 364 2 2 111
632 364 2 2 48
634 364 2 2 84
668 364 2 2 81
670 364 2 2 32
680 364 2 2 92
682 364 2 2 195
576 366 2 2 145
626 366 2 2 27
628 366 2 2 28
630 366 2 2 34
632 366 2 2 97
634 366 2 2 191
668 366 2 2 157
680 366 2 2 173
682 366 2 2 379
576 368 2 2 281
578 368 2 2 79
586 368 2 2 19
622 368 2 2 17
624 368 2 2 38
626 368 2 2 48
668 368 2 2 176
674 368 2 2 8
676 368 2 2 29
678 368 2 2 33
680 368 2 2 225
682 368 2 2 498
576 370 2 2 381
578 370 2 2 182
580 370 2 2 35
582 370 2 2 34
584 370 2 2 57
586 370 2 2 78
588 370 2 2 51
600 370 2 2 28
620 370 2 2 30
622 370 2 2 32
624 370 2 2 69
626 370 2 2 124
668 370 2 2 213
674 370 2 2 19
676 370 2 2 27
678 370 2 2 82
680 370 2 2 266
682 370 2 2 537
588 372 2 2 88
598 372 2 2 122
600 372 2 2 132
602 372 2 2 76
618 372 2 2 32
620 372 2 2 36
622 372 2 2 63
668 372 2 2 329
670 372 2 2 134
672 372 2 2 33
674 372 2 2 33
588 374 2 2 202
590 374 2 2 45
596 374 2 2 59
598 374 2 2 246
600 374 2 2 288
602 374 2 2 213
604 374 2 2 121
606 374 2 2 56
608 374 2 2 33
610 374 2 2 20
612 374 2 2 22
614 374 2 2 34
616 374 2 2 44
618 374 2 2 48
620 374 2 2 105
622 374 2 2 191
668 374 2 2 464
670 374 2 2 314
672 374 2 2 129
674 374 2 2 128
588 376 2 2 486
590 376 2 2 140
592 376 2 2 48
594 376 2 2 33
596 376 2 2 149
598 376 2 2 415
588 378 2 2 851
590 378 2 2 369
592 378 2 2 139
594 378 2 2 263
596 378 2 2 541
598 378 2 2 803
652 380 2 2 1035
654 380 2 2 1080
656 380 2 2 1036
658 380 2 2 1043
652 382 2 2 1076
654 382 2 2 1138
656 382 2 2 1133
658 382 2 2 1169
616 384 2 2 267
618 384 2 2 296
620 384 2 2 374
622 384 2 2 393
624 384 2 2 409
626 384 2 2 449
628 384 2 2 468
630 384 2 2 484
632 384 2 2 501
634 384 2 2 528
652 384 2 2 793
658 384 2 2 1078
660 384 2 2 1210
662 384 2 2 1197
616 386 2 2 170
618 386 2 2 101
620 386 2 2 64
630 386 2 2 156
632 386 2 2 339
634 386 2 2 434
652 386 2 2 329
658 386 2 2 547
660 386 2 2 918
662 386 2 2 1033
616 388 2 2 113
634 388 2 2 255
652 388 2 2 149
662 388 2 2 745
664 388 2 2 898
666 388 2 2 1029
616 390 2 2 75
618 390 2 2 34
620 390 2 2 42
622 390 2 2 39
624 390 2 2 51
630 390 2 2 35
632 390 2 2 35
634 390 2 2 127
652 390 2 2 142
662 390 2 2 298
664 390 2 2 590
666 390 2 2 826
616 392 2 2 83
618 392 2 2 67
620 392 2 2 85
622 392 2 2 172
624 392 2 2 214
626 392 2 2 164
628 392 2 2 136
630 392 2 2 133
652 392 2 2 248
654 392 2 2 64
664 392 2 2 209
666 392 2 2 427
616 394 2 2 66
618 394 2 2 99
620 394 2 2 177
622 394 2 2 362
624 394 2 2 463
626 394 2 2 472
628 394 2 2 440
630 394 2 2 413
652 394 2 2 244
654 394 2 2 87
664 394 2 2 87
666 394 2 2 131
612 396 2 2 397
614 396 2 2 82
616 396 2 2 19
620 396 2 2 179
622 396 2 2 359
652 396 2 2 246
654 396 2 2 139
656 396 2 2 54
662 396 2 2 55
664 396 2 2 128
666 396 2 2 114
672 396 2 2 858
674 396 2 2 1462
676 396 2 2 1708
678 396 2 2 1949
612 398 2 2 262
614 398 2 2 18
620 398 2 2 111
622 398 2 2 254
652 398 2 2 208
654 398 2 2 158
656 398 2 2 93
658 398 2 2 128
660 398 2 2 140
662 398 2 2 184
664 398 2 2 295
666 398 2 2 293
672 398 2 2 439
674 398 2 2 828
676 398 2 2 1092
678 398 2 2 1557
612 400 2 2 191
614 400 2 2 60
620 400 2 2 78
622 400 2 2 227
672 400 2 2 249
674 400 2 2 258
678 400 2 2 975
612 402 2 2 237
614 402 2 2 105
620 402 2 2 118
622 402 2 2 260
672 402 2 2 422
674 402 2 2 270
676 402 2 2 147
678 402 2 2 733
612 404 2 2 324
614 404 2 2 160
620 404 2 2 147
622 404 2 2 339
612 406 2 2 338
614 406 2 2 175
620 406 2 2 189
622 406 2 2 457
60 408 2 2 11
62 408 2 2 10
64 408 2 2 10
66 408 2 2 24
612 408 2 2 415
614 408 2 2 323
616 408 2 2 167
618 408 2 2 227
620 408 2 2 436
622 408 2 2 648
624 408 2 2 792
626 408 2 2 834
628 408 2 2 812
630 408 2 2 727
632 408 2 2 664
634 408 2 2 611
636 408 2 2 495
638 408 2 2 409
60 410 2 2 22
64 410 2 2 5
66 410 2 2 24
612 410 2 2 772
614 410 2 2 610
616 410 2 2 520
618 410 2 2 632
620 410 2 2 676
622 410 2 2 686
624 410 2 2 717
626 410 2 2 714
628 410 2 2 612
630 410 2 2 421
632 410 2 2 244
634 410 2 2 137
636 410 2 2 150
638 410 2 2 205
60 412 2 2 78
62 412 2 2 32
64 412 2 2 8
66 412 2 2 13
624 412 2 2 422
626 412 2 2 437
638 412 2 2 242
60 414 2 2 123
62 414 2 2 86
64 414 2 2 43
66 414 2 2 16
624 414 2 2 223
638 414 2 2 391
620 416 2 2 415
622 416 2 2 285
624 416 2 2 116
638 416 2 2 484
620 418 2 2 583
622 418 2 2 278
638 418 2 2 447
620 420 2 2 714
622 420 2 2 225
624 420 2 2 56
626 420 2 2 28
630 420 2 2 31
632 420 2 2 87
634 420 2 2 47
636 420 2 2 145
638 420 2 2 489
656 420 2 2 1400
658 420 2 2 1348
660 420 2 2 1267
662 420 2 2 1203
664 420 2 2 1509
666 420 2 2 1827
620 422 2 2 871
622 422 2 2 397
624 422 2 2 277
626 422 2 2 221
628 422 2 2 185
630 422 2 2 229
632 422 2 2 193
636 422 2 2 219
638 422 2 2 599
656 422 2 2 1183
658 422 2 2 1084
660 422 2 2 940
662 422 2 2 939
664 422 2 2 1368
666 422 2 2 1628
632 424 2 2 354
634 424 2 2 95
636 424 2 2 247
638 424 2 2 644
656 424 2 2 738
658 424 2 2 586
664 424 2 2 721
666 424 2 2 1161
632 426 2 2 538
634 426 2 2 169
636 426 2 2 272
638 426 2 2 671
656 426 2 2 269
666 426 2 2 694
0 428 2 2 26
2 428 2 2 32
656 428 2 2 203
666 428 2 2 428
0 430 2 2 12
2 430 2 2 20
656 430 2 2 314
660 430 2 2 18
664 430 2 2 99
666 430 2 2 353
2 432 2 2 7
4 432 2 2 21
6 432 2 2 26
8 432 2 2 35
10 432 2 2 42
656 432 2 2 496
658 432 2 2 197
660 432 2 2 93
662 432 2 2 91
664 432 2 2 145
666 432 2 2 334
8 434 2 2 25
10 434 2 2 36
656 434 2 2 706
658 434 2 2 439
660 434 2 2 253
662 434 2 2 155
664 434 2 2 203
666 434 2 2 452
8 436 2 2 25
10 436 2 2 35
6 438 2 2 24
8 438 2 2 29
10 438 2 2 35
6 440 2 2 25
6 442 2 2 21
6 444 2 2 17
4 446 2 2 7
6 446 2 2 15
4 448 2 2 12
6 448 2 2 19
668 448 2 2 1721
670 448 2 2 1514
672 448 2 2 1318
674 448 2 2 1364
4 450 2 2 15
6 450 2 2 20
668 450 2 2 1426
670 450 2 2 931
672 450 2 2 554
674 450 2 2 627
2 452 2 2 7
4 452 2 2 16
6 452 2 2 20
668 452 2 2 1158
670 452 2 2 482
674 452 2 2 225
676 452 2 2 896
678 452 2 2 1990
2 454 2 2 14
4 454 2 2 20
6 454 2 2 20
668 454 2 2 1206
670 454 2 2 549
676 454 2 2 903
678 454 2 2 2045
2 456 2 2 20
668 456 2 2 1397
670 456 2 2 1170
672 456 2 2 1092
674 456 2 2 1197
676 456 2 2 1805
678 456 2 2 2682
0 458 2 2 18
2 458 2 2 25
668 458 2 2 1553
670 458 2 2 1301
672 458 2 2 1480
674 458 2 2 1960
676 458 2 2 2523
678 458 2 2 3283
652 468 2 2 693
654 468 2 2 625
656 468 2 2 786
658 468 2 2 1128
652 470 2 2 671
654 470 2 2 435
656 470 2 2 396
658 470 2 2 522
648 472 2 2 1068
650 472 2 2 842
652 472 2 2 506
658 472 2 2 160
660 472 2 2 490
662 472 2 2 1081
648 474 2 2 775
650 474 2 2 467
658 474 2 2 108
660 474 2 2 321
662 474 2 2 839
648 476 2 2 529
658 476 2 2 31
662 476 2 2 503
664 476 2 2 1171
666 476 2 2 1749
648 478 2 2 762
650 478 2 2 298
652 478 2 2 82
654 478 2 2 22
656 478 2 2 113
664 478 2 2 668
666 478 2 2 1382
656 480 2 2 278
664 480 2 2 346
666 480 2 2 957
668 480 2 2 1579
670 480 2 2 2081
656 482 2 2 882
658 482 2 2 381
660 482 2 2 69
668 482 2 2 1160
670 482 2 2 1806
656 484 2 2 1226
658 484 2 2 831
668 484 2 2 739
670 484 2 2 1526
656 486 2 2 1117
658 486 2 2 1151
660 486 2 2 486
662 486 2 2 129
664 486 2 2 97
666 486 2 2 177
668 486 2 2 674
670 486 2 2 1505
348 492 2 2 92
350 492 2 2 27
352 492 2 2 17
354 492 2 2 37
648 492 2 2 1057
650 492 2 2 1050
652 492 2 2 1037
654 492 2 2 1034
348 494 2 2 15
354 494 2 2 9
648 494 2 2 1009
650 494 2 2 1012
652 494 2 2 1004
654 494 2 2 1033
348 496 2 2 10
350 496 2 2 3
352 496 2 2 6
354 496 2 2 6
648 496 2 2 995
650 496 2 2 998
654 496 2 2 813
656 496 2 2 978
658 496 2 2 948
660 496 2 2 756
662 496 2 2 657
348 498 2 2 17
350 498 2 2 6
352 498 2 2 5
354 498 2 2 9
648 498 2 2 945
656 498 2 2 433
662 498 2 2 725
348 500 2 2 13
350 500 2 2 4
352 500 2 2 4
354 500 2 2 8
648 500 2 2 749
650 500 2 2 162
656 500 2 2 72
658 500 2 2 92
660 500 2 2 86
662 500 2 2 414
348 502 2 2 15
354 502 2 2 6
648 502 2 2 826
650 502 2 2 298
658 502 2 2 142
660 502 2 2 147
662 502 2 2 314
348 504 2 2 88
350 504 2 2 55
352 504 2 2 46
354 504 2 2 43
648 504 2 2 1197
650 504 2 2 874
652 504 2 2 235
658 504 2 2 149
348 506 2 2 195
350 506 2 2 180
352 506 2 2 183
354 506 2 2 194
648 506 2 2 1590
650 506 2 2 1342
652 506 2 2 512
658 506 2 2 139
652 508 2 2 1062
654 508 2 2 611
656 508 2 2 329
658 508 2 2 232
660 508 2 2 207
662 508 2 2 689
652 510 2 2 1494
654 510 2 2 1072
656 510 2 2 514
660 510 2 2 106
662 510 2 2 661
528 0 4 4 17
532 0 4 4 10
544 0 4 4 6
548 0 4 4 52
552 0 4 4 106
556 0 4 4 99
560 0 4 4 61
564 0 4 4 254
568 0 4 4 319
572 0 4 4 76
592 0 4 4 679
596 0 4 4 673
636 0 4 4 597
640 0 4 4 619
644 0 4 4 619
648 0 4 4 624
652 0 4 4 581
708 0 4 4 537
728 0 4 4 178
732 0 4 4 52
776 0 4 4 22
868 0 4 4 1392
872 0 4 4 3045
876 0 4 4 3777
528 4 4 4 56
532 4 4 4 34
536 4 4 4 66
540 4 4 4 80
544 4 4 4 77
548 4 4 4 124
552 4 4 4 146
556 4 4 4 173
560 4 4 4 100
564 4 4 4 404
568 4 4 4 456
572 4 4 4 343
592 4 4 4 717
640 4 4 4 484
644 4 4 4 579
648 4 4 4 597
652 4 4 4 591
656 4 4 4 379
708 4 4 4 892
728 4 4 4 361
732 4 4 4 116
776 4 4 4 40
864 4 4 4 821
868 4 4 4 2536
872 4 4 4 3518
876 4 4 4 4145
560 8 4 4 307
564 8 4 4 951
568 8 4 4 971
572 8 4 4 662
576 8 4 4 478
580 8 4 4 156
584 8 4 4 293
588 8 4 4 519
592 8 4 4 717
640 8 4 4 481
644 8 4 4 532
656 8 4 4 546
688 8 4 4 229
708 8 4 4 1030
728 8 4 4 583
732 8 4 4 172
864 8 4 4 2040
868 8 4 4 3111
560 12 4 4 579
576 12 4 4 183
580 12 4 4 109
584 12 4 4 497
588 12 4 4 856
640 12 4 4 434
644 12 4 4 477
656 12 4 4 588
688 12 4 4 600
692 12 4 4 694
696 12 4 4 804
700 12 4 4 808
704 12 4 4 1106
708 12 4 4 1190
728 12 4 4 712
732 12 4 4 303
748 12 4 4 736
752 12 4 4 920
816 12 4 4 29
820 12 4 4 48
824 12 4 4 50
828 12 4 4 16
860 12 4 4 1412
864 12 4 4 2686
868 12 4 4 3370
560 16 4 4 569
576 16 4 4 105
580 16 4 4 244
584 16 4 4 676
640 16 4 4 418
644 16 4 4 539
656 16 4 4 610
660 16 4 4 474
684 16 4 4 906
688 16 4 4 1032
692 16 4 4 1111
728 16 4 4 659
732 16 4 4 546
736 16 4 4 638
752 16 4 4 912
796 16 4 4 6
800 16 4 4 4
816 16 4 4 51
820 16 4 4 67
824 16 4 4 119
828 16 4 4 144
832 16 4 4 160
836 16 4 4 134
852 16 4 4 714
856 16 4 4 1284
860 16 4 4 2033
560 20 4 4 726
564 20 4 4 778
568 20 4 4 346
572 20 4 4 301
576 20 4 4 797
580 20 4 4 1181
584 20 4 4 1109
640 20 4 4 435
644 20 4 4 558
656 20 4 4 543
672 20 4 4 203
676 20 4 4 235
680 20 4 4 609
684 20 4 4 1073
688 20 4 4 1272
692 20 4 4 1307
728 20 4 4 693
732 20 4 4 750
752 20 4 4 681
756 20 4 4 426
760 20 4 4 152
764 20 4 4 174
768 20 4 4 142
796 20 4 4 25
800 20 4 4 29
804 20 4 4 56
808 20 4 4 54
812 20 4 4 44
816 20 4 4 46
820 20 4 4 70
824 20 4 4 352
828 20 4 4 719
832 20 4 4 907
836 20 4 4 815
840 20 4 4 611
844 20 4 4 546
848 20 4 4 753
852 20 4 4 1437
856 20 4 4 2023
860 20 4 4 2576
576 24 4 4 1443
580 24 4 4 1639
636 24 4 4 319
640 24 4 4 457
644 24 4 4 496
648 24 4 4 524
652 24 4 4 369
656 24 4 4 403
672 24 4 4 224
676 24 4 4 203
712 24 4 4 1365
716 24 4 4 1021
720 24 4 4 839
724 24 4 4 849
728 24 4 4 588
748 24 4 4 496
752 24 4 4 624
756 24 4 4 539
796 24 4 4 91
800 24 4 4 47
804 24 4 4 45
576 28 4 4 1715
580 28 4 4 1390
636 28 4 4 359
652 28 4 4 378
656 28 4 4 446
676 28 4 4 404
712 28 4 4 1441
716 28 4 4 1192
720 28 4 4 992
724 28 4 4 767
744 28 4 4 378
748 28 4 4 422
796 28 4 4 161
800 28 4 4 221
804 28 4 4 232
576 32 4 4 1190
580 32 4 4 848
584 32 4 4 290
636 32 4 4 387
652 32 4 4 363
676 32 4 4 769
704 32 4 4 1537
708 32 4 4 1445
712 32 4 4 1392
716 32 4 4 1067
800 32 4 4 238
804 32 4 4 319
576 36 4 4 957
580 36 4 4 596
640 36 4 4 432
644 36 4 4 294
648 36 4 4 256
652 36 4 4 321
664 36 4 4 268
676 36 4 4 927
704 36 4 4 1373
708 36 4 4 1212
712 36 4 4 768
736 36 4 4 161
800 36 4 4 328
804 36 4 4 573
568 40 4 4 1731
572 40 4 4 1272
576 40 4 4 846
640 40 4 4 445
644 40 4 4 452
648 40 4 4 397
652 40 4 4 374
664 40 4 4 563
668 40 4 4 601
672 40 4 4 512
676 40 4 4 993
688 40 4 4 1622
692 40 4 4 1350
696 40 4 4 1211
700 40 4 4 1052
704 40 4 4 979
708 40 4 4 655
736 40 4 4 47
800 40 4 4 834
804 40 4 4 1617
568 44 4 4 1515
572 44 4 4 1001
640 44 4 4 426
644 44 4 4 477
656 44 4 4 496
672 44 4 4 475
676 44 4 4 760
688 44 4 4 1464
708 44 4 4 51
732 44 4 4 65
736 44 4 4 35
800 44 4 4 1272
804 44 4 4 1773
552 48 4 4 2591
556 48 4 4 2434
560 48 4 4 2337
564 48 4 4 1949
568 48 4 4 1016
636 48 4 4 347
640 48 4 4 483
644 48 4 4 526
672 48 4 4 828
676 48 4 4 1106
680 48 4 4 1122
684 48 4 4 1167
688 48 4 4 1346
720 48 4 4 84
724 48 4 4 68
728 48 4 4 111
732 48 4 4 124
800 48 4 4 1240
804 48 4 4 1645
552 52 4 4 2526
556 52 4 4 2464
560 52 4 4 2343
564 52 4 4 1859
632 52 4 4 227
636 52 4 4 410
640 52 4 4 514
644 52 4 4 545
676 52 4 4 1229
680 52 4 4 1195
684 52 4 4 1013
688 52 4 4 583
712 52 4 4 178
716 52 4 4 179
720 52 4 4 184
724 52 4 4 157
728 52 4 4 127
800 52 4 4 934
804 52 4 4 992
552 56 4 4 2661
556 56 4 4 2470
628 56 4 4 221
632 56 4 4 347
636 56 4 4 440
640 56 4 4 513
644 56 4 4 527
648 56 4 4 405
676 56 4 4 953
680 56 4 4 1071
684 56 4 4 884
712 56 4 4 177
716 56 4 4 168
720 56 4 4 213
724 56 4 4 258
728 56 4 4 248
788 56 4 4 245
792 56 4 4 553
796 56 4 4 881
800 56 4 4 986
804 56 4 4 1097
808 56 4 4 1202
812 56 4 4 1292
552 60 4 4 2853
556 60 4 4 2838
624 60 4 4 226
628 60 4 4 314
632 60 4 4 426
636 60 4 4 432
640 60 4 4 529
644 60 4 4 518
676 60 4 4 355
680 60 4 4 678
708 60 4 4 179
712 60 4 4 220
716 60 4 4 252
720 60 4 4 437
724 60 4 4 509
780 60 4 4 289
784 60 4 4 343
788 60 4 4 294
792 60 4 4 464
796 60 4 4 760
800 60 4 4 904
804 60 4 4 944
808 60 4 4 919
812 60 4 4 967
552 64 4 4 3182
556 64 4 4 2756
620 64 4 4 224
624 64 4 4 324
628 64 4 4 402
632 64 4 4 436
636 64 4 4 451
640 64 4 4 555
644 64 4 4 577
680 64 4 4 426
708 64 4 4 271
712 64 4 4 333
772 64 4 4 460
776 64 4 4 700
780 64 4 4 697
784 64 4 4 532
788 64 4 4 217
808 64 4 4 374
812 64 4 4 699
552 68 4 4 3238
556 68 4 4 2576
588 68 4 4 437
628 68 4 4 515
632 68 4 4 661
636 68 4 4 621
640 68 4 4 623
644 68 4 4 592
648 68 4 4 437
708 68 4 4 442
768 68 4 4 510
772 68 4 4 847
776 68 4 4 1075
780 68 4 4 888
808 68 4 4 43
812 68 4 4 258
544 72 4 4 3262
548 72 4 4 3324
552 72 4 4 3136
572 72 4 4 784
576 72 4 4 846
580 72 4 4 762
584 72 4 4 694
588 72 4 4 627
636 72 4 4 699
648 72 4 4 368
660 72 4 4 79
664 72 4 4 46
668 72 4 4 18
704 72 4 4 362
764 72 4 4 307
776 72 4 4 1011
812 72 4 4 67
544 76 4 4 3313
548 76 4 4 2992
572 76 4 4 616
576 76 4 4 736
580 76 4 4 643
584 76 4 4 564
588 76 4 4 531
636 76 4 4 600
648 76 4 4 264
652 76 4 4 255
656 76 4 4 190
660 76 4 4 95
664 76 4 4 51
700 76 4 4 131
704 76 4 4 422
812 76 4 4 65
536 80 4 4 2874
540 80 4 4 2721
544 80 4 4 2588
568 80 4 4 321
572 80 4 4 576
576 80 4 4 432
588 80 4 4 444
636 80 4 4 451
640 80 4 4 390
644 80 4 4 286
648 80 4 4 243
652 80 4 4 202
656 80 4 4 128
812 80 4 4 73
536 84 4 4 1771
540 84 4 4 1577
568 84 4 4 327
572 84 4 4 521
592 84 4 4 332
644 84 4 4 199
784 84 4 4 3
812 84 4 4 61
536 88 4 4 1420
568 88 4 4 296
572 88 4 4 401
780 88 4 4 4
784 88 4 4 3
812 88 4 4 53
536 92 4 4 1605
552 92 4 4 217
556 92 4 4 162
560 92 4 4 123
564 92 4 4 119
568 92 4 4 277
572 92 4 4 313
780 92 4 4 3
812 92 4 4 102
536 96 4 4 1999
540 96 4 4 1959
544 96 4 4 1781
548 96 4 4 1076
552 96 4 4 244
556 96 4 4 183
568 96 4 4 213
572 96 4 4 136
780 96 4 4 4
808 96 4 4 43
812 96 4 4 302
536 100 4 4 2440
540 100 4 4 2294
544 100 4 4 1931
548 100 4 4 1112
552 100 4 4 302
556 100 4 4 184
568 100 4 4 108
572 100 4 4 25
752 100 4 4 4
756 100 4 4 4
760 100 4 4 4
764 100 4 4 4
768 100 4 4 4
772 100 4 4 4
776 100 4 4 6
780 100 4 4 7
804 100 4 4 25
808 100 4 4 74
812 100 4 4 555
568 104 4 4 138
572 104 4 4 81
732 104 4 4 3
736 104 4 4 3
748 104 4 4 5
752 104 4 4 5
756 104 4 4 6
776 104 4 4 10
780 104 4 4 13
784 104 4 4 14
788 104 4 4 8
800 104 4 4 27
804 104 4 4 49
568 108 4 4 382
572 108 4 4 124
668 108 4 4 4
724 108 4 4 4
728 108 4 4 3
732 108 4 4 3
736 108 4 4 3
740 108 4 4 4
744 108 4 4 5
748 108 4 4 6
752 108 4 4 8
756 108 4 4 10
776 108 4 4 16
780 108 4 4 28
784 108 4 4 37
788 108 4 4 26
792 108 4 4 29
796 108 4 4 78
800 108 4 4 106
804 108 4 4 157
560 112 4 4 978
564 112 4 4 435
568 112 4 4 443
572 112 4 4 177
664 112 4 4 4
668 112 4 4 5
672 112 4 4 4
720 112 4 4 4
724 112 4 4 3
728 112 4 4 3
732 112 4 4 3
560 116 4 4 737
564 116 4 4 199
660 116 4 4 4
672 116 4 4 5
676 116 4 4 5
680 116 4 4 5
728 116 4 4 4
732 116 4 4 4
560 120 4 4 249
584 120 4 4 5
652 120 4 4 7
656 120 4 4 6
660 120 4 4 4
672 120 4 4 5
676 120 4 4 5
680 120 4 4 6
684 120 4 4 5
688 120 4 4 5
692 120 4 4 5
696 120 4 4 4
700 120 4 4 3
704 120 4 4 3
728 120 4 4 5
732 120 4 4 6
560 124 4 4 73
584 124 4 4 6
588 124 4 4 6
648 124 4 4 9
652 124 4 4 6
656 124 4 4 6
660 124 4 4 5
672 124 4 4 5
676 124 4 4 6
680 124 4 4 6
684 124 4 4 6
688 124 4 4 6
692 124 4 4 5
696 124 4 4 5
700 124 4 4 4
704 124 4 4 3
708 124 4 4 3
728 124 4 4 12
732 124 4 4 15
544 128 4 4 1701
548 128 4 4 1092
552 128 4 4 700
556 128 4 4 130
560 128 4 4 33
584 128 4 4 7
588 128 4 4 7
592 128 4 4 6
648 128 4 4 8
652 128 4 4 7
656 128 4 4 5
660 128 4 4 4
664 128 4 4 5
668 128 4 4 5
672 128 4 4 5
676 128 4 4 7
680 128 4 4 7
684 128 4 4 7
688 128 4 4 7
692 128 4 4 6
696 128 4 4 5
700 128 4 4 4
704 128 4 4 4
708 128 4 4 4
712 128 4 4 2
724 128 4 4 20
728 128 4 4 29
732 128 4 4 36
544 132 4 4 1573
548 132 4 4 633
552 132 4 4 357
584 132 4 4 8
588 132 4 4 7
592 132 4 4 7
648 132 4 4 10
652 132 4 4 11
668 132 4 4 5
672 132 4 4 5
676 132 4 4 6
692 132 4 4 8
696 132 4 4 7
700 132 4 4 6
704 132 4 4 8
708 132 4 4 12
712 132 4 4 8
716 132 4 4 8
720 132 4 4 24
724 132 4 4 47
728 132 4 4 55
732 132 4 4 47
536 136 4 4 2310
540 136 4 4 1990
544 136 4 4 1033
584 136 4 4 8
588 136 4 4 7
652 136 4 4 21
672 136 4 4 5
696 136 4 4 16
700 136 4 4 23
536 140 4 4 2221
540 140 4 4 1444
652 140 4 4 103
696 140 4 4 38
700 140 4 4 51
536 144 4 4 1872
540 144 4 4 1531
648 144 4 4 110
684 144 4 4 18
688 144 4 4 37
692 144 4 4 46
696 144 4 4 56
700 144 4 4 60
536 148 4 4 907
540 148 4 4 332
644 148 4 4 105
680 148 4 4 75
684 148 4 4 100
688 148 4 4 151
692 148 4 4 125
696 148 4 4 124
700 148 4 4 111
400 152 4 4 4298
404 152 4 4 4132
408 152 4 4 4081
412 152 4 4 4094
416 152 4 4 4240
420 152 4 4 4215
536 152 4 4 1533
540 152 4 4 288
644 152 4 4 186
680 152 4 4 449
684 152 4 4 510
400 156 4 4 4166
404 156 4 4 3626
416 156 4 4 3681
420 156 4 4 4013
536 156 4 4 1244
540 156 4 4 67
644 156 4 4 261
672 156 4 4 498
676 156 4 4 727
680 156 4 4 869
684 156 4 4 969
400 160 4 4 3063
420 160 4 4 3075
536 160 4 4 927
540 160 4 4 133
640 160 4 4 224
644 160 4 4 239
648 160 4 4 175
668 160 4 4 749
672 160 4 4 1066
676 160 4 4 1180
400 164 4 4 1974
420 164 4 4 2150
536 164 4 4 1286
636 164 4 4 232
640 164 4 4 305
644 164 4 4 198
648 164 4 4 114
652 164 4 4 318
656 164 4 4 502
660 164 4 4 621
664 164 4 4 895
668 164 4 4 1295
672 164 4 4 1576
676 164 4 4 1574
400 168 4 4 1868
420 168 4 4 2857
528 168 4 4 1993
532 168 4 4 1682
536 168 4 4 896
636 168 4 4 217
400 172 4 4 1782
416 172 4 4 3674
420 172 4 4 3656
528 172 4 4 1709
532 172 4 4 1121
536 172 4 4 624
632 172 4 4 107
636 172 4 4 268
400 176 4 4 3018
404 176 4 4 2742
408 176 4 4 3022
412 176 4 4 3450
416 176 4 4 3678
420 176 4 4 3752
528 176 4 4 1609
532 176 4 4 849
636 176 4 4 316
640 176 4 4 764
644 176 4 4 1473
400 180 4 4 4056
404 180 4 4 3830
408 180 4 4 3789
412 180 4 4 3689
416 180 4 4 3587
420 180 4 4 3754
528 180 4 4 1707
532 180 4 4 644
636 180 4 4 362
640 180 4 4 826
644 180 4 4 1675
528 184 4 4 1824
532 184 4 4 969
640 184 4 4 726
644 184 4 4 1599
528 188 4 4 1510
532 188 4 4 1057
644 188 4 4 1381
168 192 4 4 32
172 192 4 4 34
176 192 4 4 10
180 192 4 4 8
184 192 4 4 10
188 192 4 4 6
520 192 4 4 2490
524 192 4 4 2376
528 192 4 4 1414
532 192 4 4 432
644 192 4 4 973
648 192 4 4 1784
652 192 4 4 1959
168 196 4 4 512
172 196 4 4 626
176 196 4 4 202
180 196 4 4 13
184 196 4 4 6
188 196 4 4 7
520 196 4 4 2496
524 196 4 4 2298
648 196 4 4 1375
652 196 4 4 1899
168 200 4 4 1977
172 200 4 4 1501
184 200 4 4 5
188 200 4 4 7
520 200 4 4 2499
524 200 4 4 2122
648 200 4 4 922
652 200 4 4 1802
168 204 4 4 2108
172 204 4 4 1446
184 204 4 4 5
188 204 4 4 7
520 204 4 4 2469
524 204 4 4 2131
644 204 4 4 91
648 204 4 4 418
652 204 4 4 1255
40 208 4 4 1091
44 208 4 4 1090
48 208 4 4 962
52 208 4 4 809
56 208 4 4 855
60 208 4 4 967
88 208 4 4 1138
92 208 4 4 1265
96 208 4 4 1544
100 208 4 4 1490
104 208 4 4 1239
108 208 4 4 1485
168 208 4 4 1832
172 208 4 4 1260
176 208 4 4 761
180 208 4 4 188
184 208 4 4 15
188 208 4 4 7
520 208 4 4 2477
524 208 4 4 1958
644 208 4 4 113
648 208 4 4 230
652 208 4 4 569
656 208 4 4 1545
660 208 4 4 2651
664 208 4 4 3214
668 208 4 4 3206
672 208 4 4 3265
676 208 4 4 3515
40 212 4 4 903
44 212 4 4 873
48 212 4 4 705
52 212 4 4 669
56 212 4 4 840
60 212 4 4 978
88 212 4 4 925
92 212 4 4 1051
96 212 4 4 1224
100 212 4 4 1351
104 212 4 4 1360
108 212 4 4 1588
168 212 4 4 2007
172 212 4 4 1635
176 212 4 4 1427
180 212 4 4 777
184 212 4 4 92
188 212 4 4 3
520 212 4 4 2350
648 212 4 4 237
652 212 4 4 172
656 212 4 4 393
660 212 4 4 1179
664 212 4 4 2673
668 212 4 4 3470
672 212 4 4 3785
676 212 4 4 3639
40 216 4 4 724
44 216 4 4 568
56 216 4 4 664
60 216 4 4 836
88 216 4 4 261
92 216 4 4 100
104 216 4 4 1158
108 216 4 4 1456
520 216 4 4 1952
656 216 4 4 201
672 216 4 4 3540
676 216 4 4 3909
680 216 4 4 3771
684 216 4 4 3870
40 220 4 4 553
44 220 4 4 401
56 220 4 4 403
60 220 4 4 632
88 220 4 4 261
92 220 4 4 94
108 220 4 4 1161
520 220 4 4 1656
524 220 4 4 1565
676 220 4 4 3513
680 220 4 4 3951
684 220 4 4 3940
40 224 4 4 212
44 224 4 4 289
56 224 4 4 413
60 224 4 4 479
80 224 4 4 737
84 224 4 4 644
88 224 4 4 735
92 224 4 4 705
96 224 4 4 675
108 224 4 4 857
520 224 4 4 1499
556 224 4 4 7
560 224 4 4 9
680 224 4 4 3497
684 224 4 4 3933
40 228 4 4 5
44 228 4 4 2
48 228 4 4 9
52 228 4 4 130
56 228 4 4 463
60 228 4 4 593
80 228 4 4 719
84 228 4 4 695
88 228 4 4 1017
92 228 4 4 1131
96 228 4 4 1402
100 228 4 4 1518
104 228 4 4 1393
108 228 4 4 1613
520 228 4 4 1361
552 228 4 4 5
556 228 4 4 6
684 228 4 4 3251
40 232 4 4 95
44 232 4 4 50
48 232 4 4 44
52 232 4 4 154
56 232 4 4 402
60 232 4 4 513
64 232 4 4 321
68 232 4 4 309
72 232 4 4 424
76 232 4 4 500
80 232 4 4 351
92 232 4 4 603
208 232 4 4 343
212 232 4 4 389
216 232 4 4 351
220 232 4 4 283
224 232 4 4 311
228 232 4 4 223
520 232 4 4 1367
524 232 4 4 1132
548 232 4 4 5
552 232 4 4 5
556 232 4 4 6
684 232 4 4 2511
40 236 4 4 483
44 236 4 4 393
48 236 4 4 299
52 236 4 4 538
56 236 4 4 455
72 236 4 4 360
76 236 4 4 467
80 236 4 4 348
92 236 4 4 59
208 236 4 4 688
212 236 4 4 196
224 236 4 4 561
228 236 4 4 916
520 236 4 4 1263
524 236 4 4 977
548 236 4 4 7
552 236 4 4 6
556 236 4 4 7
684 236 4 4 2230
32 240 4 4 176
36 240 4 4 147
40 240 4 4 303
52 240 4 4 674
56 240 4 4 728
72 240 4 4 473
76 240 4 4 572
80 240 4 4 661
84 240 4 4 462
88 240 4 4 121
92 240 4 4 40
208 240 4 4 2014
212 240 4 4 1365
224 240 4 4 1572
228 240 4 4 2057
520 240 4 4 1449
524 240 4 4 872
528 240 4 4 620
548 240 4 4 18
552 240 4 4 14
556 240 4 4 10
684 240 4 4 2090
688 240 4 4 3776
692 240 4 4 4288
32 244 4 4 70
52 244 4 4 427
56 244 4 4 679
60 244 4 4 785
64 244 4 4 775
68 244 4 4 672
72 244 4 4 631
76 244 4 4 671
80 244 4 4 810
84 244 4 4 741
88 244 4 4 318
92 244 4 4 38
208 244 4 4 2705
212 244 4 4 2599
216 244 4 4 2392
220 244 4 4 2354
224 244 4 4 2542
228 244 4 4 2545
520 244 4 4 1710
524 244 4 4 924
528 244 4 4 680
532 244 4 4 384
536 244 4 4 152
540 244 4 4 27
544 244 4 4 32
548 244 4 4 42
552 244 4 4 28
556 244 4 4 16
688 244 4 4 3333
692 244 4 4 4449
32 248 4 4 232
44 248 4 4 11
48 248 4 4 45
52 248 4 4 315
96 248 4 4 57
100 248 4 4 24
104 248 4 4 31
108 248 4 4 250
112 248 4 4 1054
116 248 4 4 830
552 248 4 4 71
688 248 4 4 2393
692 248 4 4 4113
32 252 4 4 405
44 252 4 4 169
48 252 4 4 328
52 252 4 4 650
96 252 4 4 540
100 252 4 4 142
112 252 4 4 1116
116 252 4 4 1331
552 252 4 4 171
688 252 4 4 1853
692 252 4 4 3735
32 256 4 4 532
36 256 4 4 583
40 256 4 4 730
44 256 4 4 660
72 256 4 4 319
76 256 4 4 328
80 256 4 4 459
84 256 4 4 600
88 256 4 4 828
92 256 4 4 1029
96 256 4 4 966
100 256 4 4 463
112 256 4 4 891
116 256 4 4 1347
552 256 4 4 385
556 256 4 4 239
692 256 4 4 2184
696 256 4 4 3568
700 256 4 4 4072
32 260 4 4 612
36 260 4 4 593
40 260 4 4 733
44 260 4 4 871
72 260 4 4 304
76 260 4 4 99
80 260 4 4 155
84 260 4 4 201
88 260 4 4 556
92 260 4 4 1021
96 260 4 4 1170
100 260 4 4 998
104 260 4 4 777
108 260 4 4 934
112 260 4 4 1274
116 260 4 4 1511
552 260 4 4 750
556 260 4 4 521
696 260 4 4 2356
700 260 4 4 3396
72 264 4 4 277
76 264 4 4 50
88 264 4 4 287
92 264 4 4 866
552 264 4 4 1069
556 264 4 4 815
696 264 4 4 1341
700 264 4 4 2638
72 268 4 4 374
76 268 4 4 41
88 268 4 4 225
92 268 4 4 665
552 268 4 4 1382
556 268 4 4 1070
696 268 4 4 644
700 268 4 4 2022
24 272 4 4 591
28 272 4 4 755
32 272 4 4 948
36 272 4 4 1052
40 272 4 4 914
44 272 4 4 781
72 272 4 4 182
84 272 4 4 69
88 272 4 4 367
92 272 4 4 646
552 272 4 4 1385
556 272 4 4 1251
560 272 4 4 592
700 272 4 4 2117
24 276 4 4 305
28 276 4 4 337
32 276 4 4 426
36 276 4 4 699
40 276 4 4 943
44 276 4 4 925
72 276 4 4 286
84 276 4 4 267
88 276 4 4 509
92 276 4 4 728
552 276 4 4 1605
556 276 4 4 1469
560 276 4 4 758
564 276 4 4 413
700 276 4 4 1185
24 280 4 4 364
40 280 4 4 635
44 280 4 4 899
72 280 4 4 810
76 280 4 4 777
80 280 4 4 694
84 280 4 4 731
560 280 4 4 1006
564 280 4 4 568
700 280 4 4 1505
24 284 4 4 611
40 284 4 4 428
44 284 4 4 702
72 284 4 4 1087
76 284 4 4 1107
80 284 4 4 1055
84 284 4 4 1019
560 284 4 4 1294
700 284 4 4 1998
24 288 4 4 761
28 288 4 4 708
32 288 4 4 628
36 288 4 4 562
40 288 4 4 578
44 288 4 4 646
560 288 4 4 1412
696 288 4 4 1431
700 288 4 4 2467
24 292 4 4 903
28 292 4 4 911
32 292 4 4 909
36 292 4 4 974
40 292 4 4 931
44 292 4 4 833
560 292 4 4 1343
696 292 4 4 2340
700 292 4 4 2832
560 296 4 4 1206
696 296 4 4 2453
700 296 4 4 2853
560 300 4 4 945
564 300 4 4 801
684 300 4 4 16
688 300 4 4 534
692 300 4 4 1683
696 300 4 4 2413
700 300 4 4 2714
552 304 4 4 1106
556 304 4 4 1106
560 304 4 4 698
680 304 4 4 46
684 304 4 4 272
552 308 4 4 1343
556 308 4 4 1046
680 308 4 4 288
684 308 4 4 1284
552 312 4 4 1416
556 312 4 4 910
680 312 4 4 592
684 312 4 4 1991
552 316 4 4 1582
556 316 4 4 1095
680 316 4 4 878
684 316 4 4 2168
552 320 4 4 1588
556 320 4 4 1271
560 320 4 4 668
680 320 4 4 918
684 320 4 4 2034
552 324 4 4 1654
556 324 4 4 1280
560 324 4 4 545
680 324 4 4 1078
684 324 4 4 1963
560 328 4 4 617
564 328 4 4 144
680 328 4 4 1453
684 328 4 4 2267
560 332 4 4 613
564 332 4 4 255
680 332 4 4 1583
684 332 4 4 2256
560 336 4 4 533
564 336 4 4 353
680 336 4 4 1807
684 336 4 4 2079
560 340 4 4 480
564 340 4 4 388
680 340 4 4 1542
684 340 4 4 1552
560 344 4 4 333
564 344 4 4 473
684 344 4 4 1204
688 344 4 4 1804
692 344 4 4 2696
560 348 4 4 426
564 348 4 4 538
568 348 4 4 288
688 348 4 4 1133
692 348 4 4 2118
568 352 4 4 433
688 352 4 4 286
692 352 4 4 1346
568 356 4 4 1003
572 356 4 4 797
656 356 4 4 37
660 356 4 4 33
688 356 4 4 412
692 356 4 4 1228
568 360 4 4 1352
572 360 4 4 744
644 360 4 4 27
648 360 4 4 28
652 360 4 4 27
656 360 4 4 31
660 360 4 4 31
664 360 4 4 60
688 360 4 4 804
692 360 4 4 1319
568 364 4 4 1039
572 364 4 4 428
636 364 4 4 209
640 364 4 4 209
644 364 4 4 141
648 364 4 4 89
652 364 4 4 73
656 364 4 4 77
660 364 4 4 113
664 364 4 4 196
684 364 4 4 596
688 364 4 4 952
692 364 4 4 1343
568 368 4 4 998
572 368 4 4 436
628 368 4 4 148
632 368 4 4 263
636 368 4 4 354
664 368 4 4 348
684 368 4 4 811
568 372 4 4 1975
572 372 4 4 941
576 372 4 4 392
580 372 4 4 367
584 372 4 4 371
624 372 4 4 284
628 372 4 4 365
632 372 4 4 420
636 372 4 4 489
664 372 4 4 509
676 372 4 4 208
680 372 4 4 534
684 372 4 4 811
584 376 4 4 1119
600 376 4 4 590
604 376 4 4 287
608 376 4 4 146
612 376 4 4 106
616 376 4 4 199
620 376 4 4 292
624 376 4 4 408
628 376 4 4 475
632 376 4 4 527
636 376 4 4 583
648 376 4 4 787
652 376 4 4 825
656 376 4 4 905
660 376 4 4 962
664 376 4 4 806
668 376 4 4 731
672 376 4 4 702
676 376 4 4 665
584 380 4 4 1805
588 380 4 4 1189
592 380 4 4 919
596 380 4 4 1206
600 380 4 4 1183
604 380 4 4 662
608 380 4 4 307
612 380 4 4 199
616 380 4 4 358
620 380 4 4 474
624 380 4 4 513
628 380 4 4 524
632 380 4 4 545
636 380 4 4 586
648 380 4 4 978
660 380 4 4 1140
664 380 4 4 1016
668 380 4 4 953
672 380 4 4 951
676 380 4 4 991
608 384 4 4 607
612 384 4 4 226
636 384 4 4 539
648 384 4 4 709
664 384 4 4 1093
668 384 4 4 1069
608 388 4 4 941
612 388 4 4 248
636 388 4 4 345
648 388 4 4 480
668 388 4 4 1084
608 392 4 4 1163
612 392 4 4 312
632 392 4 4 316
636 392 4 4 419
648 392 4 4 487
668 392 4 4 585
672 392 4 4 1355
676 392 4 4 1763
680 392 4 4 2048
684 392 4 4 1977
608 396 4 4 1199
624 396 4 4 504
628 396 4 4 647
632 396 4 4 670
636 396 4 4 678
648 396 4 4 287
668 396 4 4 173
680 396 4 4 2236
684 396 4 4 2193
56 400 4 4 46
60 400 4 4 122
64 400 4 4 63
68 400 4 4 111
608 400 4 4 1008
624 400 4 4 419
628 400 4 4 635
632 400 4 4 761
636 400 4 4 775
640 400 4 4 674
644 400 4 4 612
648 400 4 4 268
652 400 4 4 51
656 400 4 4 319
660 400 4 4 745
664 400 4 4 800
668 400 4 4 484
680 400 4 4 2146
684 400 4 4 2261
56 404 4 4 26
60 404 4 4 62
64 404 4 4 28
68 404 4 4 68
608 404 4 4 965
624 404 4 4 657
628 404 4 4 757
632 404 4 4 817
636 404 4 4 748
640 404 4 4 552
644 404 4 4 680
648 404 4 4 820
652 404 4 4 772
656 404 4 4 1215
660 404 4 4 1375
664 404 4 4 1335
668 404 4 4 1306
672 404 4 4 1323
676 404 4 4 1459
680 404 4 4 2214
684 404 4 4 2312
56 408 4 4 50
68 408 4 4 92
608 408 4 4 779
640 408 4 4 526
644 408 4 4 1027
56 412 4 4 134
68 412 4 4 26
608 412 4 4 842
612 412 4 4 798
616 412 4 4 483
620 412 4 4 299
640 412 4 4 846
644 412 4 4 1441
0 416 4 4 56
4 416 4 4 76
56 416 4 4 135
60 416 4 4 140
64 416 4 4 92
68 416 4 4 39
616 416 4 4 881
640 416 4 4 1072
644 416 4 4 1511
648 416 4 4 1613
652 416 4 4 1576
656 416 4 4 1527
660 416 4 4 1540
664 416 4 4 1791
668 416 4 4 2113
0 420 4 4 43
4 420 4 4 58
56 420 4 4 122
60 420 4 4 159
64 420 4 4 143
68 420 4 4 107
616 420 4 4 1629
640 420 4 4 1143
644 420 4 4 1391
648 420 4 4 1323
652 420 4 4 1330
668 420 4 4 2001
0 424 4 4 36
4 424 4 4 46
8 424 4 4 73
12 424 4 4 89
616 424 4 4 2199
620 424 4 4 1295
624 424 4 4 1222
628 424 4 4 923
640 424 4 4 1196
644 424 4 4 1262
648 424 4 4 942
652 424 4 4 755
668 424 4 4 1673
4 428 4 4 38
8 428 4 4 60
12 428 4 4 78
616 428 4 4 2784
620 428 4 4 2270
624 428 4 4 2024
628 428 4 4 1244
632 428 4 4 559
636 428 4 4 763
640 428 4 4 1265
644 428 4 4 1264
648 428 4 4 1068
652 428 4 4 734
668 428 4 4 1401
12 432 4 4 47
648 432 4 4 1327
652 432 4 4 1023
668 432 4 4 1193
12 436 4 4 46
648 436 4 4 1407
652 436 4 4 1205
656 436 4 4 841
660 436 4 4 773
664 436 4 4 966
668 436 4 4 1400
8 440 4 4 30
12 440 4 4 43
664 440 4 4 1205
668 440 4 4 1791
672 440 4 4 1944
676 440 4 4 2456
8 444 4 4 26
12 444 4 4 37
664 444 4 4 1333
668 444 4 4 1887
672 444 4 4 1995
676 444 4 4 2417
8 448 4 4 22
12 448 4 4 23
664 448 4 4 1909
676 448 4 4 1935
680 448 4 4 3140
684 448 4 4 3440
8 452 4 4 23
12 452 4 4 24
664 452 4 4 1749
680 452 4 4 3274
684 452 4 4 3817
4 456 4 4 25
8 456 4 4 30
12 456 4 4 41
664 456 4 4 1876
680 456 4 4 3512
684 456 4 4 3677
0 460 4 4 26
4 460 4 4 30
8 460 4 4 36
12 460 4 4 47
664 460 4 4 2299
668 460 4 4 1950
672 460 4 4 1698
676 460 4 4 2540
680 460 4 4 3083
684 460 4 4 3336
640 464 4 4 1703
644 464 4 4 1232
648 464 4 4 805
652 464 4 4 676
656 464 4 4 1374
660 464 4 4 2248
664 464 4 4 2579
668 464 4 4 2632
640 468 4 4 1601
644 468 4 4 1425
648 468 4 4 1086
660 468 4 4 1691
664 468 4 4 2430
668 468 4 4 2755
640 472 4 4 1783
644 472 4 4 1331
664 472 4 4 1769
668 472 4 4 2337
672 472 4 4 2806
676 472 4 4 2950
640 476 4 4 1826
644 476 4 4 1202
668 476 4 4 2151
672 476 4 4 2581
676 476 4 4 2936
640 480 4 4 1509
644 480 4 4 1147
648 480 4 4 882
652 480 4 4 546
672 480 4 4 2569
676 480 4 4 2974
640 484 4 4 1465
644 484 4 4 1110
648 484 4 4 782
652 484 4 4 480
672 484 4 4 2559
676 484 4 4 3050
344 488 4 4 497
348 488 4 4 250
352 488 4 4 199
356 488 4 4 283
640 488 4 4 1854
644 488 4 4 903
648 488 4 4 826
652 488 4 4 514
656 488 4 4 945
660 488 4 4 917
664 488 4 4 833
668 488 4 4 1588
672 488 4 4 2572
676 488 4 4 3005
344 492 4 4 247
356 492 4 4 38
640 492 4 4 1933
644 492 4 4 1249
656 492 4 4 803
660 492 4 4 775
664 492 4 4 1233
668 492 4 4 1919
672 492 4 4 2675
676 492 4 4 3068
344 496 4 4 62
356 496 4 4 19
640 496 4 4 1865
644 496 4 4 1223
664 496 4 4 1330
668 496 4 4 2453
344 500 4 4 41
356 500 4 4 17
640 500 4 4 2225
644 500 4 4 1318
664 500 4 4 1245
668 500 4 4 2309
344 504 4 4 192
356 504 4 4 117
640 504 4 4 2350
644 504 4 4 1918
660 504 4 4 340
664 504 4 4 1404
668 504 4 4 2242
344 508 4 4 274
348 508 4 4 256
352 508 4 4 274
356 508 4 4 229
640 508 4 4 2532
644 508 4 4 2329
648 508 4 4 1811
664 508 4 4 1724
668 508 4 4 2245
512 0 8 8 1144
520 0 8 8 325
576 0 8 8 666
584 0 8 8 599
712 0 8 8 522
720 0 8 8 511
880 0 8 8 4636
888 0 8 8 6321
512 8 8 8 1227
520 8 8 8 721
528 8 8 8 221
536 8 8 8 101
544 8 8 8 291
552 8 8 8 225
648 8 8 8 462
712 8 8 8 773
720 8 8 8 794
872 8 8 8 4103
880 8 8 8 5237
888 8 8 8 7167
544 16 8 8 254
552 16 8 8 236
648 16 8 8 594
696 16 8 8 1452
704 16 8 8 1430
712 16 8 8 1036
720 16 8 8 782
864 16 8 8 3609
872 16 8 8 4853
544 24 8 8 1356
552 24 8 8 1324
560 24 8 8 1313
568 24 8 8 1351
680 24 8 8 1006
688 24 8 8 1422
696 24 8 8 1129
704 24 8 8 1302
808 24 8 8 114
816 24 8 8 171
824 24 8 8 1128
832 24 8 8 1878
840 24 8 8 2327
848 24 8 8 3035
856 24 8 8 3570
864 24 8 8 4138
872 24 8 8 5893
544 32 8 8 3051
552 32 8 8 3162
560 32 8 8 2532
568 32 8 8 1842
680 32 8 8 1495
688 32 8 8 1573
696 32 8 8 1621
808 32 8 8 1088
544 40 8 8 3973
552 40 8 8 3033
560 40 8 8 2250
680 40 8 8 1454
808 40 8 8 2177
544 48 8 8 2868
808 48 8 8 1362
816 48 8 8 1705
824 48 8 8 1712
544 56 8 8 2789
816 56 8 8 1340
824 56 8 8 1541
528 64 8 8 3535
536 64 8 8 3043
544 64 8 8 3042
816 64 8 8 996
824 64 8 8 1839
528 72 8 8 3306
536 72 8 8 3250
640 72 8 8 517
816 72 8 8 510
824 72 8 8 1610
528 80 8 8 2788
816 80 8 8 554
824 80 8 8 1772
528 88 8 8 2211
816 88 8 8 1046
824 88 8 8 2215
528 96 8 8 2462
560 96 8 8 161
816 96 8 8 1554
824 96 8 8 2694
528 104 8 8 2511
536 104 8 8 2408
544 104 8 8 1610
552 104 8 8 878
560 104 8 8 504
760 104 8 8 8
768 104 8 8 8
808 104 8 8 757
816 104 8 8 2188
824 104 8 8 3263
528 112 8 8 2527
536 112 8 8 2319
544 112 8 8 1863
552 112 8 8 1335
736 112 8 8 4
744 112 8 8 11
752 112 8 8 21
760 112 8 8 26
768 112 8 8 22
776 112 8 8 40
784 112 8 8 125
792 112 8 8 591
800 112 8 8 1110
808 112 8 8 1491
528 120 8 8 2389
536 120 8 8 2190
544 120 8 8 1624
552 120 8 8 502
736 120 8 8 17
744 120 8 8 32
752 120 8 8 52
760 120 8 8 58
768 120 8 8 57
776 120 8 8 45
784 120 8 8 451
792 120 8 8 1634
800 120 8 8 2073
808 120 8 8 1840
528 128 8 8 2471
536 128 8 8 2370
736 128 8 8 55
744 128 8 8 57
528 136 8 8 2510
704 136 8 8 51
712 136 8 8 35
720 136 8 8 66
728 136 8 8 76
736 136 8 8 213
744 136 8 8 377
384 144 8 8 4310
392 144 8 8 4267
400 144 8 8 4304
408 144 8 8 4302
416 144 8 8 4264
424 144 8 8 4136
528 144 8 8 2355
704 144 8 8 222
712 144 8 8 366
384 152 8 8 4364
392 152 8 8 4351
424 152 8 8 4015
528 152 8 8 2129
688 152 8 8 889
696 152 8 8 706
704 152 8 8 1189
712 152 8 8 1327
384 160 8 8 3508
392 160 8 8 3421
424 160 8 8 3548
512 160 8 8 2393
520 160 8 8 2268
528 160 8 8 2070
680 160 8 8 1371
688 160 8 8 1695
696 160 8 8 1679
384 168 8 8 3701
392 168 8 8 3674
424 168 8 8 3744
512 168 8 8 2370
520 168 8 8 2215
640 168 8 8 618
648 168 8 8 1333
656 168 8 8 1765
664 168 8 8 1911
672 168 8 8 2132
680 168 8 8 2132
688 168 8 8 2371
696 168 8 8 2581
160 176 8 8 2859
168 176 8 8 2750
176 176 8 8 2239
184 176 8 8 2170
192 176 8 8 2199
200 176 8 8 2587
384 176 8 8 4200
392 176 8 8 4037
424 176 8 8 3750
512 176 8 8 2397
520 176 8 8 2357
648 176 8 8 2422
656 176 8 8 2695
664 176 8 8 2349
160 184 8 8 2019
168 184 8 8 829
176 184 8 8 96
184 184 8 8 4
192 184 8 8 8
200 184 8 8 1353
384 184 8 8 4174
392 184 8 8 4165
400 184 8 8 4157
408 184 8 8 3954
416 184 8 8 3952
424 184 8 8 3998
512 184 8 8 2393
520 184 8 8 2440
648 184 8 8 2364
656 184 8 8 2274
664 184 8 8 1961
32 192 8 8 1210
40 192 8 8 1340
48 192 8 8 1101
56 192 8 8 1131
64 192 8 8 1445
72 192 8 8 1154
80 192 8 8 1671
88 192 8 8 1396
96 192 8 8 1608
104 192 8 8 2230
112 192 8 8 2429
120 192 8 8 2543
160 192 8 8 798
192 192 8 8 4
200 192 8 8 148
512 192 8 8 2320
656 192 8 8 1674
664 192 8 8 1659
672 192 8 8 2533
680 192 8 8 3648
32 200 8 8 1180
40 200 8 8 1235
48 200 8 8 972
56 200 8 8 887
64 200 8 8 980
72 200 8 8 719
80 200 8 8 949
88 200 8 8 1055
96 200 8 8 1414
104 200 8 8 1348
112 200 8 8 2159
120 200 8 8 2544
160 200 8 8 2262
192 200 8 8 6
200 200 8 8 3
512 200 8 8 2294
656 200 8 8 2417
664 200 8 8 2198
672 200 8 8 2922
680 200 8 8 3850
32 208 8 8 1011
64 208 8 8 966
72 208 8 8 886
80 208 8 8 833
112 208 8 8 1974
120 208 8 8 2260
160 208 8 8 2394
192 208 8 8 109
200 208 8 8 4
512 208 8 8 2024
680 208 8 8 3841
688 208 8 8 4292
696 208 8 8 5009
32 216 8 8 764
64 216 8 8 820
72 216 8 8 862
80 216 8 8 525
112 216 8 8 1791
120 216 8 8 1760
160 216 8 8 2506
168 216 8 8 1970
176 216 8 8 888
184 216 8 8 499
192 216 8 8 47
200 216 8 8 64
512 216 8 8 1666
688 216 8 8 4030
696 216 8 8 4578
16 224 8 8 918
24 224 8 8 670
32 224 8 8 273
64 224 8 8 512
72 224 8 8 758
112 224 8 8 1808
120 224 8 8 2053
192 224 8 8 847
200 224 8 8 237
208 224 8 8 279
216 224 8 8 150
224 224 8 8 50
232 224 8 8 132
512 224 8 8 1432
688 224 8 8 3756
696 224 8 8 4272
16 232 8 8 539
24 232 8 8 408
32 232 8 8 355
96 232 8 8 798
104 232 8 8 1590
112 232 8 8 1727
120 232 8 8 1609
192 232 8 8 2301
200 232 8 8 1239
232 232 8 8 1182
512 232 8 8 1457
688 232 8 8 3538
696 232 8 8 3907
16 240 8 8 634
24 240 8 8 366
96 240 8 8 44
104 240 8 8 443
112 240 8 8 1281
120 240 8 8 1344
192 240 8 8 2329
200 240 8 8 2533
232 240 8 8 2709
512 240 8 8 1784
696 240 8 8 3856
704 240 8 8 3928
712 240 8 8 4565
16 248 8 8 629
24 248 8 8 529
56 248 8 8 690
64 248 8 8 566
72 248 8 8 433
80 248 8 8 696
88 248 8 8 576
120 248 8 8 1096
192 248 8 8 2386
200 248 8 8 2479
208 248 8 8 2603
216 248 8 8 2848
224 248 8 8 2994
232 248 8 8 2977
512 248 8 8 1967
520 248 8 8 1950
528 248 8 8 761
536 248 8 8 305
544 248 8 8 118
696 248 8 8 4313
704 248 8 8 3773
712 248 8 8 4511
16 256 8 8 941
24 256 8 8 697
48 256 8 8 873
56 256 8 8 905
64 256 8 8 791
120 256 8 8 1534
544 256 8 8 544
704 256 8 8 4140
712 256 8 8 4940
16 264 8 8 1011
24 264 8 8 926
32 264 8 8 948
40 264 8 8 916
48 264 8 8 953
56 264 8 8 917
64 264 8 8 840
96 264 8 8 1210
104 264 8 8 1439
112 264 8 8 1709
120 264 8 8 1850
544 264 8 8 1047
704 264 8 8 3548
712 264 8 8 4763
16 272 8 8 856
48 272 8 8 834
56 272 8 8 700
64 272 8 8 681
96 272 8 8 942
104 272 8 8 1201
544 272 8 8 1711
704 272 8 8 3501
712 272 8 8 4198
16 280 8 8 976
48 280 8 8 866
56 280 8 8 941
64 280 8 8 859
88 280 8 8 815
96 280 8 8 1029
104 280 8 8 1253
544 280 8 8 1167
552 280 8 8 1205
704 280 8 8 3173
712 280 8 8 3637
16 288 8 8 929
48 288 8 8 871
56 288 8 8 1019
64 288 8 8 1204
72 288 8 8 1049
80 288 8 8 985
88 288 8 8 1061
544 288 8 8 802
552 288 8 8 637
704 288 8 8 3157
712 288 8 8 3270
16 296 8 8 921
24 296 8 8 1050
32 296 8 8 1036
40 296 8 8 1208
48 296 8 8 1357
56 296 8 8 1253
64 296 8 8 1226
72 296 8 8 1239
80 296 8 8 1047
88 296 8 8 1261
544 296 8 8 725
552 296 8 8 667
704 296 8 8 2805
712 296 8 8 3217
544 304 8 8 1333
688 304 8 8 2030
696 304 8 8 2441
704 304 8 8 2890
712 304 8 8 3482
544 312 8 8 1629
688 312 8 8 2994
696 312 8 8 2948
704 312 8 8 3412
712 312 8 8 3785
544 320 8 8 2461
688 320 8 8 3041
696 320 8 8 3396
544 328 8 8 2615
552 328 8 8 1249
688 328 8 8 2860
696 328 8 8 3140
544 336 8 8 2462
552 336 8 8 843
688 336 8 8 2548
696 336 8 8 3212
544 344 8 8 2926
552 344 8 8 1099
696 344 8 8 3168
544 352 8 8 3188
552 352 8 8 2321
560 352 8 8 1037
696 352 8 8 2771
544 360 8 8 3085
552 360 8 8 3128
560 360 8 8 2266
696 360 8 8 2807
560 368 8 8 2613
640 368 8 8 368
648 368 8 8 361
656 368 8 8 451
688 368 8 8 1012
696 368 8 8 2211
560 376 8 8 3290
568 376 8 8 2706
576 376 8 8 1411
640 376 8 8 694
680 376 8 8 903
688 376 8 8 1043
696 376 8 8 1938
48 384 8 8 249
56 384 8 8 241
64 384 8 8 275
72 384 8 8 254
576 384 8 8 3140
584 384 8 8 2563
592 384 8 8 2415
600 384 8 8 1879
640 384 8 8 665
672 384 8 8 1200
680 384 8 8 1361
688 384 8 8 1397
696 384 8 8 2049
48 392 8 8 105
56 392 8 8 129
64 392 8 8 198
72 392 8 8 251
576 392 8 8 3438
584 392 8 8 2853
592 392 8 8 3342
600 392 8 8 2608
640 392 8 8 619
688 392 8 8 1917
696 392 8 8 2325
0 400 8 8 94
8 400 8 8 108
48 400 8 8 66
72 400 8 8 139
592 400 8 8 3325
600 400 8 8 2330
688 400 8 8 2067
696 400 8 8 2743
0 408 8 8 76
8 408 8 8 93
48 408 8 8 122
72 408 8 8 61
592 408 8 8 3272
600 408 8 8 1885
648 408 8 8 1589
656 408 8 8 1598
664 408 8 8 1827
672 408 8 8 2320
680 408 8 8 2768
688 408 8 8 2432
696 408 8 8 2564
8 416 8 8 86
16 416 8 8 97
24 416 8 8 103
48 416 8 8 115
72 416 8 8 83
592 416 8 8 2935
600 416 8 8 3132
608 416 8 8 2008
672 416 8 8 2352
680 416 8 8 2782
16 424 8 8 90
24 424 8 8 98
48 424 8 8 104
56 424 8 8 95
64 424 8 8 121
72 424 8 8 78
592 424 8 8 2215
600 424 8 8 3080
608 424 8 8 3308
672 424 8 8 2309
680 424 8 8 2624
16 432 8 8 81
24 432 8 8 89
608 432 8 8 3451
616 432 8 8 2938
624 432 8 8 1367
632 432 8 8 885
640 432 8 8 1519
672 432 8 8 1999
680 432 8 8 2775
688 432 8 8 2858
696 432 8 8 2926
16 440 8 8 67
24 440 8 8 79
608 440 8 8 2671
616 440 8 8 2720
624 440 8 8 1000
632 440 8 8 1441
640 440 8 8 1652
648 440 8 8 1341
656 440 8 8 1336
680 440 8 8 2871
688 440 8 8 3066
696 440 8 8 2745
16 448 8 8 31
24 448 8 8 72
624 448 8 8 2679
632 448 8 8 1909
640 448 8 8 1079
648 448 8 8 1302
656 448 8 8 1372
688 448 8 8 3311
696 448 8 8 2753
16 456 8 8 54
24 456 8 8 72
624 456 8 8 3141
632 456 8 8 2131
640 456 8 8 1239
648 456 8 8 639
656 456 8 8 1610
688 456 8 8 3501
696 456 8 8 3287
0 464 8 8 26
8 464 8 8 41
16 464 8 8 58
24 464 8 8 68
624 464 8 8 3196
632 464 8 8 2409
672 464 8 8 2634
680 464 8 8 3015
688 464 8 8 3293
696 464 8 8 3232
0 472 8 8 22
8 472 8 8 39
16 472 8 8 56
24 472 8 8 64
624 472 8 8 3460
632 472 8 8 2645
680 472 8 8 3099
688 472 8 8 3006
696 472 8 8 3393
336 480 8 8 612
344 480 8 8 542
352 480 8 8 540
360 480 8 8 608
624 480 8 8 3552
632 480 8 8 2533
680 480 8 8 3112
336 488 8 8 450
360 488 8 8 371
624 488 8 8 3523
632 488 8 8 2722
680 488 8 8 3087
336 496 8 8 239
360 496 8 8 147
624 496 8 8 3516
632 496 8 8 2622
672 496 8 8 3031
680 496 8 8 3285
336 504 8 8 207
360 504 8 8 197
624 504 8 8 3461
632 504 8 8 2742
672 504 8 8 3102
680 504 8 8 3457
320 0 16 16 4029
336 0 16 16 3881
352 0 16 16 3999
368 0 16 16 3942
384 0 16 16 3832
400 0 16 16 3590
480 0 16 16 1713
496 0 16 16 2071
896 0 16 16 6949
912 0 16 16 5711
320 16 16 16 4024
336 16 16 16 3731
352 16 16 16 4108
368 16 16 16 4004
384 16 16 16 3936
400 16 16 16 3739
480 16 16 16 2547
496 16 16 16 2051
512 16 16 16 1858
528 16 16 16 1042
880 16 16 16 6995
896 16 16 16 5637
912 16 16 16 5543
512 32 16 16 3136
528 32 16 16 3098
816 32 16 16 2708
832 32 16 16 3394
848 32 16 16 3722
864 32 16 16 5443
880 32 16 16 6758
512 48 16 16 4648
528 48 16 16 3769
832 48 16 16 2364
848 48 16 16 4110
864 48 16 16 6872
880 48 16 16 6358
512 64 16 16 4217
832 64 16 16 2364
848 64 16 16 4688
512 80 16 16 2993
832 80 16 16 3519
848 80 16 16 5914
512 96 16 16 2592
832 96 16 16 4510
848 96 16 16 6197
512 112 16 16 2509
816 112 16 16 3395
832 112 16 16 5829
848 112 16 16 6340
352 128 16 16 4174
368 128 16 16 4300
384 128 16 16 4283
400 128 16 16 4227
416 128 16 16 4163
432 128 16 16 4197
480 128 16 16 4705
496 128 16 16 3167
512 128 16 16 2581
752 128 16 16 255
768 128 16 16 194
784 128 16 16 1102
800 128 16 16 2479
816 128 16 16 4747
352 144 16 16 4238
368 144 16 16 4221
432 144 16 16 4247
480 144 16 16 4708
496 144 16 16 3187
512 144 16 16 2514
720 144 16 16 853
736 144 16 16 1008
752 144 16 16 770
768 144 16 16 1209
784 144 16 16 2450
800 144 16 16 4055
816 144 16 16 6222
0 160 16 16 1169
16 160 16 16 1269
32 160 16 16 1317
48 160 16 16 1123
64 160 16 16 1626
80 160 16 16 2217
96 160 16 16 2924
112 160 16 16 3435
128 160 16 16 3588
144 160 16 16 3817
160 160 16 16 3607
176 160 16 16 3814
192 160 16 16 4135
208 160 16 16 3962
352 160 16 16 4017
368 160 16 16 2864
432 160 16 16 3744
480 160 16 16 4723
496 160 16 16 3249
704 160 16 16 2363
720 160 16 16 2089
0 176 16 16 1090
16 176 16 16 1239
32 176 16 16 1329
48 176 16 16 1293
64 176 16 16 1657
80 176 16 16 1824
96 176 16 16 2182
112 176 16 16 2728
128 176 16 16 2937
144 176 16 16 2808
208 176 16 16 2897
352 176 16 16 4201
368 176 16 16 4132
432 176 16 16 3409
480 176 16 16 4514
496 176 16 16 3231
672 176 16 16 2477
688 176 16 16 3839
704 176 16 16 4698
720 176 16 16 3932
0 192 16 16 788
16 192 16 16 824
128 192 16 16 2726
144 192 16 16 2353
208 192 16 16 295
224 192 16 16 2478
240 192 16 16 4099
352 192 16 16 4077
368 192 16 16 4204
384 192 16 16 3999
400 192 16 16 4085
416 192 16 16 4034
432 192 16 16 4095
480 192 16 16 3744
496 192 16 16 3116
688 192 16 16 4727
704 192 16 16 5484
720 192 16 16 5324
0 208 16 16 718
16 208 16 16 813
128 208 16 16 2358
144 208 16 16 2582
208 208 16 16 11
224 208 16 16 366
240 208 16 16 3618
352 208 16 16 3902
368 208 16 16 4090
384 208 16 16 3697
400 208 16 16 3968
416 208 16 16 4012
432 208 16 16 3854
480 208 16 16 3588
496 208 16 16 2751
704 208 16 16 5208
720 208 16 16 4777
0 224 16 16 1088
128 224 16 16 2225
144 224 16 16 2547
160 224 16 16 2463
176 224 16 16 2041
240 224 16 16 2671
480 224 16 16 4039
496 224 16 16 2917
704 224 16 16 4914
720 224 16 16 4611
0 240 16 16 873
128 240 16 16 1603
144 240 16 16 2095
160 240 16 16 2650
176 240 16 16 2706
240 240 16 16 3177
480 240 16 16 4191
496 240 16 16 2825
720 240 16 16 4862
0 256 16 16 889
128 256 16 16 1830
144 256 16 16 2098
160 256 16 16 2817
176 256 16 16 3142
192 256 16 16 3052
208 256 16 16 2670
224 256 16 16 2292
240 256 16 16 2665
480 256 16 16 3880
496 256 16 16 2817
512 256 16 16 1987
528 256 16 16 1083
720 256 16 16 5216
0 272 16 16 1247
112 272 16 16 1605
128 272 16 16 2144
144 272 16 16 2594
160 272 16 16 2613
176 272 16 16 2984
192 272 16 16 3267
208 272 16 16 2598
224 272 16 16 2376
240 272 16 16 2409
480 272 16 16 4047
496 272 16 16 3140
512 272 16 16 2710
528 272 16 16 2123
720 272 16 16 4741
0 288 16 16 1268
96 288 16 16 1287
112 288 16 16 1539
512 288 16 16 2807
528 288 16 16 2058
720 288 16 16 3422
0 304 16 16 1579
16 304 16 16 1341
32 304 16 16 1439
48 304 16 16 1332
64 304 16 16 1636
80 304 16 16 1688
96 304 16 16 1378
112 304 16 16 1445
512 304 16 16 2638
528 304 16 16 2731
720 304 16 16 3657
0 320 16 16 1467
16 320 16 16 1748
512 320 16 16 2763
528 320 16 16 2926
704 320 16 16 3588
720 320 16 16 3519
0 336 16 16 1303
16 336 16 16 1866
512 336 16 16 2924
528 336 16 16 3083
704 336 16 16 3614
720 336 16 16 3828
0 352 16 16 233
16 352 16 16 872
32 352 16 16 1307
48 352 16 16 1393
64 352 16 16 1428
80 352 16 16 1567
512 352 16 16 3375
528 352 16 16 2615
704 352 16 16 3955
720 352 16 16 4032
0 368 16 16 156
16 368 16 16 168
32 368 16 16 235
48 368 16 16 399
64 368 16 16 381
80 368 16 16 523
512 368 16 16 3978
528 368 16 16 2938
544 368 16 16 2704
704 368 16 16 4054
720 368 16 16 4296
0 384 16 16 111
16 384 16 16 142
32 384 16 16 177
80 384 16 16 272
544 384 16 16 2376
560 384 16 16 2687
704 384 16 16 3605
720 384 16 16 4624
16 400 16 16 122
32 400 16 16 142
80 400 16 16 210
544 400 16 16 3265
560 400 16 16 2607
576 400 16 16 3000
704 400 16 16 4165
720 400 16 16 4685
32 416 16 16 106
80 416 16 16 134
576 416 16 16 2617
688 416 16 16 2969
704 416 16 16 4381
720 416 16 16 4625
32 432 16 16 97
48 432 16 16 95
64 432 16 16 105
80 432 16 16 111
576 432 16 16 2610
592 432 16 16 1784
704 432 16 16 4066
720 432 16 16 4878
32 448 16 16 84
48 448 16 16 93
320 448 16 16 1132
336 448 16 16 1212
352 448 16 16 1465
368 448 16 16 1953
576 448 16 16 3133
592 448 16 16 1702
608 448 16 16 2932
704 448 16 16 4047
720 448 16 16 5148
32 464 16 16 72
48 464 16 16 77
320 464 16 16 901
336 464 16 16 749
352 464 16 16 764
368 464 16 16 1018
576 464 16 16 3016
592 464 16 16 1937
608 464 16 16 3211
704 464 16 16 4055
720 464 16 16 5333
0 480 16 16 34
16 480 16 16 55
32 480 16 16 62
48 480 16 16 67
320 480 16 16 602
368 480 16 16 570
608 480 16 16 3410
688 480 16 16 3368
704 480 16 16 4315
720 480 16 16 5365
0 496 16 16 34
16 496 16 16 44
32 496 16 16 48
48 496 16 16 53
320 496 16 16 377
368 496 16 16 487
608 496 16 16 3298
688 496 16 16 4019
704 496 16 16 4156
720 496 16 16 5345
128 0 32 32 4306
160 0 32 32 4305
192 0 32 32 4370
224 0 32 32 4349
256 0 32 32 4382
288 0 32 32 4247
416 0 32 32 3172
448 0 32 32 2134
928 0 32 32 5486
128 32 32 32 4163
160 32 32 32 4276
192 32 32 32 4289
224 32 32 32 4028
256 32 32 32 4311
288 32 32 32 4292
320 32 32 32 4219
352 32 32 32 4146
384 32 32 32 3857
416 32 32 32 3561
448 32 32 32 3137
480 32 32 32 3323
896 32 32 32 5273
928 32 32 32 5086
320 64 32 32 4286
352 64 32 32 4213
384 64 32 32 4058
416 64 32 32 3847
448 64 32 32 3645
480 64 32 32 4195
864 64 32 32 6040
896 64 32 32 5453
928 64 32 32 4973
320 96 32 32 4270
352 96 32 32 4282
384 96 32 32 4213
416 96 32 32 4074
448 96 32 32 4012
480 96 32 32 4021
864 96 32 32 5961
896 96 32 32 5649
928 96 32 32 4822
0 128 32 32 1504
32 128 32 32 1752
64 128 32 32 2175
96 128 32 32 2763
128 128 32 32 2826
160 128 32 32 3797
192 128 32 32 4268
224 128 32 32 4269
256 128 32 32 4199
288 128 32 32 4251
320 128 32 32 3897
448 128 32 32 4163
832 128 32 32 6246
864 128 32 32 5585
224 160 32 32 4213
256 160 32 32 4200
288 160 32 32 4105
320 160 32 32 3733
448 160 32 32 3650
736 160 32 32 2389
768 160 32 32 4025
800 160 32 32 4579
832 160 32 32 4977
864 160 32 32 4896
256 192 32 32 4197
288 192 32 32 4034
320 192 32 32 4044
448 192 32 32 3610
736 192 32 32 4463
256 224 32 32 4086
288 224 32 32 3908
320 224 32 32 3841
352 224 32 32 4020
384 224 32 32 3922
416 224 32 32 3890
448 224 32 32 3813
736 224 32 32 4129
256 256 32 32 3500
288 256 32 32 4021
448 256 32 32 3331
736 256 32 32 4209
128 288 32 32 2220
160 288 32 32 3345
192 288 32 32 3511
224 288 32 32 3144
256 288 32 32 3388
288 288 32 32 3896
448 288 32 32 3620
480 288 32 32 3487
736 288 32 32 4451
32 320 32 32 1960
64 320 32 32 2299
96 320 32 32 2275
128 320 32 32 2009
160 320 32 32 2709
448 320 32 32 3994
480 320 32 32 3792
736 320 32 32 4480
96 352 32 32 1397
128 352 32 32 1807
160 352 32 32 2037
448 352 32 32 3935
480 352 32 32 4086
736 352 32 32 4795
96 384 32 32 362
256 384 32 32 2707
288 384 32 32 2849
320 384 32 32 2886
352 384 32 32 3553
384 384 32 32 3724
416 384 32 32 3732
448 384 32 32 3725
480 384 32 32 3887
512 384 32 32 3973
736 384 32 32 5037
96 416 32 32 166
256 416 32 32 2100
288 416 32 32 1950
320 416 32 32 2085
352 416 32 32 2787
384 416 32 32 3224
416 416 32 32 3329
448 416 32 32 3327
480 416 32 32 3397
512 416 32 32 3792
544 416 32 32 3734
736 416 32 32 5102
64 448 32 32 93
96 448 32 32 99
128 448 32 32 129
160 448 32 32 189
192 448 32 32 246
224 448 32 32 471
256 448 32 32 904
288 448 32 32 1067
384 448 32 32 2291
416 448 32 32 2811
512 448 32 32 3324
544 448 32 32 3833
736 448 32 32 5328
64 480 32 32 68
96 480 32 32 77
128 480 32 32 84
160 480 32 32 96
192 480 32 32 103
224 480 32 32 140
256 480 32 32 319
288 480 32 32 487
384 480 32 32 1253
416 480 32 32 2086
512 480 32 32 3186
544 480 32 32 3372
576 480 32 32 2151
736 480 32 32 5368
0 0 64 64 2739
64 0 64 64 3622
960 0 64 64 5232
0 64 64 64 2394
64 64 64 64 2336
128 64 64 64 3907
192 64 64 64 4201
256 64 64 64 3936
960 64 64 64 5188
896 128 64 64 5324
960 128 64 64 5318
768 192 64 64 3188
832 192 64 64 3458
896 192 64 64 4710
960 192 64 64 4934
320 256 64 64 3931
384 256 64 64 3957
768 256 64 64 3385
832 256 64 64 3388
192 320 64 64 3530
256 320 64 64 3771
320 320 64 64 3865
384 320 64 64 3884
768 320 64 64 5158
832 320 64 64 5006
128 384 64 64 601
192 384 64 64 1536
768 384 64 64 5494
832 384 64 64 5456
448 448 64 64 2834
768 448 64 64 5594
832 448 64 64 5655
896 256 128 128 5023
896 384 128 128 5383
