 11038 4196 4216 1511 584 336 168
    604     0    1       0       0       1       0   1
    660     0    1       0       0       2      14   1
    671     0    1       0       0       3      18   1
    738     0    1       0       0       4      19   1
    740     0    1       0       0       5      21   1
    761     0    1       0       0       6      24   1
    784     0    1       0       0       7      25   1
    787     0    1       0       0       8      28   1
    792     0    1       0       0       9      29   1
    793     0    1       0       0      10       0   1
    798     0    1       0       0      11      30   1
    865     0    1       0       0      12      32   1
    604     1    1       0       1       0       0   1
    629     1    1       0       0      13      34   1
    660     1    1       0       2      14    2675   1
    661     1    1       0       0      15    2675   1
    662     1    1       0       0      16    2676   1
    663     1    1       0       0      17    2676   1
    671     1    1       0       3      18      35   1
    738     1    1       0       4      19    2687   1
    739     1    1       0       0      20    2687   1
    740     1    1       0       5      21      37   1
    759     1    1       0       0      22      39   1
    760     1    1       0       0      23    2688   1
    761     1    1       0       6      24    2688   1
    784     1    1       0       7      25    2695   1
    785     1    1       0       0      26    2695   1
    786     1    1       0       0      27    2696   1
    787     1    1       0       8      28    2696   1
    792     1    1       0       9      29       0   1
    793     1    1       0      10       0       0   1
    798     1    1       0      11      30      41   1
    801     1    1       0       0      31      42   1
    865     1    1       0      12      32    2701   1
    602     2    1      -1    2636      33       0   1
    629     2    1       0      13      34       0   1
    660     2    1       2      14    2675    2710   1
    661     2    1       0      15    2675    2710   1
    662     2    1       0      16    2676    2711   1
    663     2    1       0      17    2676    2711   1
    671     2    1       3      18      35      45   1
    688     2    1      -1    2650      36      46   1
    738     2    1       4      19    2687      65   1
    739     2    1       0      20    2687       0   1
    740     2    1       5      21      37       0   1
    758     2    1       0       0      38       0   1
    759     2    1       0      22      39      49   1
    760     2    1       0      23    2688    2722   1
    761     2    1       6      24    2688    2722   1
    771     2    1       0       0      40      50   1
    784     2    1       7      25    2695    2728   1
    785     2    1       0      26    2695    2728   1
    786     2    1       0      27    2696    2729   1
    787     2    1       8      28    2696    2729   1
    792     2    1       9      29       0       0   1
    798     2    1      11      30      41      52   1
    801     2    1       0      31      42      54   1
    802     2    1      -1    2663      43       0   1
    865     2    1      12      32    2701    6321   1
    602     3    1    2636      33       0       0   1
    629     3    1      13      34       0       0   1
    664     3    1       0       0      44      57   1
    671     3    1      18      35      45       0   1
    688     3    1    2650      36      46    2718   1
    689     3    1       0       0      47    2718   1
    705     3    1       0       0      48      64   1
    740     3    1      21      37       0       0   1
    758     3    1       0      38       0       0   1
    759     3    1      22      39      49    2721   1
    771     3    1       0      40      50      70   1
    795     3    1       0       0      51    2732   1
    798     3    1      30      41      52    2734   1
    800     3    1       0       0      53      71   1
    801     3    1      31      42      54       0   1
    802     3    1    2663      43       0       0   1
    630     4    1    2637    2670      55       0   1
    631     4    1    2637    2670      56      72   1
    664     4    1       0      44      57      73   1
    671     4    1      35      45       0       0   1
    680     4    1    2646    2681      58       0   1
    681     4    1    2646    2681      59      75   1
    682     4    1    2647    2682      60       0   1
    683     4    1    2647    2682      61      76   1
    688     4    1      36      46    2718    2749   1
    689     4    1       0      47    2718    2749   1
    690     4    1       0       0      62      77   1
    704     4    1       0       0      63       0   1
    705     4    1       0      48      64      79   1
    738     4    1      19    2687      65      80   1
    745     4    1       0       0      66       0   1
    755     4    1       0       0      67      82   1
    756     4    1       0       0      68      83   1
    759     4    1      39      49    2721    2758   1
    764     4    1    2654    2690      69       0   1
    771     4    1      40      50      70      85   1
    795     4    1       0      51    2732    2770   1
    798     4    1      41      52    2734    2772   1
    800     4    1       0      53      71      86   1
    801     4    1      42      54       0       0   1
    630     5    1    2670      55       0       0   1
    631     5    1    2670      56      72      87   1
    664     5    1      44      57      73      88   1
    671     5    1       0       0      74       0   1
    680     5    1    2681      58       0       0   1
    681     5    1    2681      59      75       0   1
    682     5    1    2682      60       0       0   1
    683     5    1    2682      61      76       0   1
    690     5    1       0      62      77    2750   1
    691     5    1       0       0      78    2750   1
    704     5    1       0      63       0       0   1
    705     5    1      48      64      79      92   1
    738     5    1    2687      65      80      93   1
    745     5    1       0      66       0       0   1
    746     5    1       0       0      81      94   1
    755     5    1       0      67      82    2756   1
    756     5    1       0      68      83    2757   1
    757     5    1       0       0      84    2757   1
    764     5    1    2690      69       0       0   1
    771     5    1      50      70      85      95   1
    800     5    1      53      71      86      96   1
    631     6    1      56      72      87      98   1
    664     6    1      57      73      88      99   1
    671     6    1       0      74       0       0   1
    681     6    1      59      75       0       0   1
    683     6    1      61      76       0       0   1
    685     6    1    2683    2716      89     100   1
    690     6    1      62      77    2750    6337   1
    691     6    1       0      78    2750    6337   1
    699     6    1       0       0      90     103   1
    702     6    1       0       0      91     104   1
    705     6    1      64      79      92     105   1
    738     6    1      65      80      93     106   1
    746     6    1       0      81      94     107   1
    755     6    1      67      82    2756    2792   1
    756     6    1      68      83    2757    2793   1
    757     6    1       0      84    2757    2793   1
    771     6    1      70      85      95     112   1
    800     6    1      71      86      96     113   1
    861     6    1       0       0      97     119   1
    631     7    1      72      87      98       0   1
    664     7    1      73      88      99     123   1
    685     7    1    2716      89     100     127   1
    697     7    1       0       0     101     128   1
    698     7    1       0       0     102    2784   1
    699     7    1       0      90     103    2784   1
    702     7    1       0      91     104    2786   1
    705     7    1      79      92     105    2787   1
    738     7    1      80      93     106     129   1
    746     7    1      81      94     107     130   1
    751     7    1       0       0     108    2790   1
    752     7    1       0       0     109    2791   1
    753     7    1       0       0     110    2791   1
    770     7    1       0       0     111    2796   1
    771     7    1      85      95     112    2796   1
    800     7    1      86      96     113       0   1
    821     7    1       0       0     114    2809   1
    822     7    1       0       0     115    2810   1
    823     7    1       0       0     116    2810   1
    824     7    1       0       0     117    2811   1
    860     7    1       0       0     118    2815   1
    861     7    1       0      97     119    2815   1
    598     8    1    2704    2737     120     138   1
    631     8    1      87      98       0       0   1
    634     8    1    2707    2739     121       0   1
    635     8    1    2707    2739     122     140   1
    664     8    1      88      99     123     141   1
    672     8    1    2712    2744     124       0   1
    673     8    1    2712    2744     125     142   1
    678     8    1    2715    2747     126     143   1
    685     8    1      89     100     127     146   1
    697     8    1       0     101     128     148   1
    698     8    1       0     102    2784    2830   1
    699     8    1      90     103    2784    2830   1
    702     8    1      91     104    2786    2832   1
    705     8    1      92     105    2787    2833   1
    738     8    1      93     106     129     149   1
    746     8    1      94     107     130     150   1
    751     8    1       0     108    2790    2838   1
    752     8    1       0     109    2791    2839   1
    753     8    1       0     110    2791    2839   1
    769     8    1       0       0     131     154   1
    770     8    1       0     111    2796    2843   1
    771     8    1      95     112    2796    2843   1
    784     8    1    2728    2765     132       0   1
    791     8    1    2731    2768     133     155   1
    800     8    1      96     113       0       0   1
    815     8    1       0       0     134     161   1
    821     8    1       0     114    2809    2858   1
    822     8    1       0     115    2810    2859   1
    823     8    1       0     116    2810    2859   1
    824     8    1       0     117    2811    2860   1
    830     8    1       0       0     135     162   1
    834     8    1       0       0     136     166   1
    857     8    1       0       0     137     170   1
    860     8    1       0     118    2815    2868   1
    861     8    1      97     119    2815    2868   1
    598     9    1    2737     120     138    2818   1
    599     9    1       0       0     139    2818   1
    634     9    1    2739     121       0       0   1
    635     9    1    2739     122     140     172   1
    664     9    1      99     123     141       0   1
    672     9    1    2744     124       0       0   1
    673     9    1    2744     125     142     173   1
    678     9    1    2747     126     143       0   1
    679     9    1       0       0     144       0   1
    684     9    1       0       0     145    2825   1
    685     9    1     100     127     146    2825   1
    696     9    1       0       0     147    2829   1
    697     9    1     101     128     148    2829   1
    738     9    1     106     129     149     175   1
    746     9    1     107     130     150    2836   1
    747     9    1       0       0     151    2836   1
    748     9    1       0       0     152    2837   1
    749     9    1       0       0     153    2837   1
    769     9    1       0     131     154     177   1
    784     9    1    2765     132       0       0   1
    791     9    1    2768     133     155     178   1
    804     9    1       0       0     156    2853   1
    807     9    1       0       0     157       0   1
    812     9    1       0       0     158    2854   1
    813     9    1       0       0     159    2854   1
    814     9    1       0       0     160    2855   1
    815     9    1       0     134     161    2855   1
    830     9    1       0     135     162    2863   1
    831     9    1       0       0     163    2863   1
    832     9    1       0       0     164    2864   1
    833     9    1       0       0     165    2864   1
    834     9    1       0     136     166    2865   1
    835     9    1       0       0     167    2865   1
    836     9    1       0       0     168     180   1
    856     9    1       0       0     169    2866   1
    857     9    1       0     137     170    2866   1
    598    10    1     120     138    2818    2879   1
    599    10    1       0     139    2818    2879   1
    600    10    1       0       0     171     183   1
    635    10    1     122     140     172     184   1
    664    10    1     123     141       0       0   1
    673    10    1     125     142     173     185   1
    678    10    1     126     143       0       0   1
    679    10    1       0     144       0       0   1
    683    10    1       0       0     174     186   1
    684    10    1       0     145    2825    2885   1
    685    10    1     127     146    2825    2885   1
    696    10    1       0     147    2829    6353   1
    697    10    1     128     148    2829    6353   1
    738    10    1     129     149     175       0   1
    746    10    1     130     150    2836    2890   1
    747    10    1       0     151    2836    2890   1
    748    10    1       0     152    2837    6359   1
    749    10    1       0     153    2837    6359   1
    760    10    1    2759    2795     176     191   1
    769    10    1     131     154     177     192   1
    791    10    1     133     155     178     194   1
    804    10    1       0     156    2853     222   1
    807    10    1       0     157       0       0   1
    811    10    1       0       0     179     199   1
    812    10    1       0     158    2854    2905   1
    813    10    1       0     159    2854    2905   1
    814    10    1       0     160    2855    2906   1
    815    10    1     134     161    2855    2906   1
    830    10    1     135     162    2863    6364   1
    831    10    1       0     163    2863    6364   1
    832    10    1       0     164    2864    2907   1
    833    10    1       0     165    2864    2907   1
    834    10    1     136     166    2865    2908   1
    835    10    1       0     167    2865    2908   1
    836    10    1       0     168     180       0   1
    843    10    1       0       0     181     206   1
    855    10    1       0       0     182     212   1
    856    10    1       0     169    2866    2916   1
    857    10    1     137     170    2866    2916   1
    600    11    1       0     171     183       0   1
    635    11    1     140     172     184       0   1
    673    11    1     142     173     185     214   1
    683    11    1       0     174     186     217   1
    738    11    1     149     175       0       0   1
    741    11    1       0       0     187     218   1
    742    11    1       0       0     188    2888   1
    743    11    1       0       0     189    2888   1
    745    11    1       0       0     190    2889   1
    760    11    1    2795     176     191     219   1
    769    11    1     154     177     192    2893   1
    790    11    1       0       0     193       0   1
    791    11    1     155     178     194     221   1
    800    11    1       0       0     195    2903   1
    803    11    1       0       0     196    2904   1
    809    11    1       0       0     197     224   1
    810    11    1       0       0     198     225   1
    811    11    1       0     179     199     226   1
    836    11    1     168     180       0       0   1
    837    11    1       0       0     200    2909   1
    838    11    1       0       0     201    2910   1
    839    11    1       0       0     202    2910   1
    840    11    1       0       0     203    2911   1
    841    11    1       0       0     204    2911   1
    842    11    1       0       0     205    2912   1
    843    11    1       0     181     206    2912   1
    848    11    1       0       0     207     229   1
    851    11    1       0       0     208    2913   1
    852    11    1       0       0     209    2914   1
    853    11    1       0       0     210    2914   1
    854    11    1       0       0     211    2915   1
    855    11    1       0     182     212    2915   1
    600    12    1     171     183       0       0   1
    635    12    1     172     184       0       0   1
    637    12    1    2775    2819     213     230   1
    673    12    1     173     185     214     234   1
    678    12    1       0       0     215     235   1
    682    12    1       0       0     216       0   1
    683    12    1     174     186     217     236   1
    741    12    1       0     187     218     240   1
    742    12    1       0     188    2888    2940   1
    743    12    1       0     189    2888    2940   1
    745    12    1       0     190    2889    2941   1
    760    12    1     176     191     219       0   1
    769    12    1     177     192    2893    2944   1
    780    12    1    2801    2848     220       0   1
    790    12    1       0     193       0       0   1
    791    12    1     178     194     221     241   1
    800    12    1       0     195    2903    2953   1
    803    12    1       0     196    2904    2954   1
    804    12    1     156    2853     222     242   1
    805    12    1       0    2853     223       0   1
    809    12    1       0     197     224     244   1
    810    12    1       0     198     225       0   1
    811    12    1     179     199     226     245   1
    837    12    1       0     200    2909    2960   1
    838    12    1       0     201    2910    2961   1
    839    12    1       0     202    2910    2961   1
    840    12    1       0     203    2911    2962   1
    841    12    1       0     204    2911    2962   1
    842    12    1       0     205    2912    2963   1
    843    12    1     181     206    2912    2963   1
    846    12    1       0       0     227       0   1
    847    12    1       0       0     228       0   1
    848    12    1       0     207     229       0   1
    851    12    1       0     208    2913    2964   1
    852    12    1       0     209    2914    2965   1
    853    12    1       0     210    2914    2965   1
    854    12    1       0     211    2915    2966   1
    855    12    1     182     212    2915    2966   1
    637    13    1    2819     213     230       0   1
    664    13    1       0       0     231    2930   1
    665    13    1       0       0     232    2930   1
    672    13    1       0       0     233       0   1
    673    13    1     185     214     234       0   1
    678    13    1       0     215     235     248   1
    682    13    1       0     216       0       0   1
    683    13    1     186     217     236    2934   1
    738    13    1       0       0     237    2938   1
    739    13    1       0       0     238    2938   1
    740    13    1       0       0     239    2939   1
    741    13    1     187     218     240    2939   1
    760    13    1     191     219       0       0   1
    780    13    1    2848     220       0       0   1
    791    13    1     194     221     241     253   1
    804    13    1    2853     222     242    2955   1
    805    13    1    2853     223       0       0   1
    808    13    1       0       0     243     255   1
    809    13    1     197     224     244       0   1
    810    13    1     198     225       0       0   1
    811    13    1     199     226     245     256   1
    846    13    1       0     227       0       0   1
    847    13    1       0     228       0       0   1
    848    13    1     207     229       0       0   1
    598    14    1    2818    2879     246     260   1
    637    14    1     213     230       0       0   1
    664    14    1       0     231    2930    2978   1
    665    14    1       0     232    2930    2978   1
    668    14    1       0       0     247     262   1
    672    14    1       0     233       0       0   1
    673    14    1     214     234       0       0   1
    678    14    1     215     235     248       0   1
    680    14    1       0       0     249     265   1
    683    14    1     217     236    2934    2984   1
    738    14    1       0     237    2938    6381   1
    739    14    1       0     238    2938    6381   1
    740    14    1       0     239    2939    2985   1
    741    14    1     218     240    2939    2985   1
    758    14    1    2842    2892     250     267   1
    767    14    1       0       0     251     272   1
    778    14    1    2847    2898     252       0   1
    791    14    1     221     241     253       0   1
    804    14    1     222     242    2955    2999   1
    806    14    1       0       0     254       0   1
    808    14    1       0     243     255       0   1
    809    14    1     224     244       0       0   1
    811    14    1     226     245     256     274   1
    845    14    1       0       0     257     275   1
    846    14    1       0       0     258       0   1
    849    14    1       0       0     259     276   1
    598    15    1    2879     246     260       0   1
    637    15    1       0       0     261     281   1
    668    15    1       0     247     262    2980   1
    669    15    1       0       0     263    2980   1
    678    15    1     235     248       0       0   1
    679    15    1       0       0     264     284   1
    680    15    1       0     249     265    2983   1
    681    15    1       0       0     266    2983   1
    758    15    1    2892     250     267     285   1
    759    15    1       0       0     268       0   1
    764    15    1       0       0     269    2992   1
    765    15    1       0       0     270    2992   1
    766    15    1       0       0     271    2993   1
    767    15    1       0     251     272    2993   1
    778    15    1    2898     252       0       0   1
    791    15    1     241     253       0       0   1
    806    15    1       0     254       0       0   1
    808    15    1     243     255       0       0   1
    810    15    1       0       0     273    3000   1
    811    15    1     245     256     274    3000   1
    845    15    1       0     257     275    3005   1
    846    15    1       0     258       0       0   1
    849    15    1       0     259     276     289   1
    568    16    1    2872    2920     277     290   1
    571    16    1    2873    2921     278     293   1
    596    16    1    2878    2926     279     294   1
    597    16    1    2878    2926     280       0   1
    598    16    1     246     260       0       0   1
    637    16    1       0     261     281     295   1
    668    16    1     247     262    2980    3018   1
    669    16    1       0     263    2980    3018   1
    670    16    1       0       0     282     296   1
    673    16    1       0       0     283     299   1
    679    16    1       0     264     284     301   1
    680    16    1     249     265    2983    3024   1
    681    16    1       0     266    2983    3024   1
    758    16    1     250     267     285     302   1
    759    16    1       0     268       0       0   1
    763    16    1       0       0     286     304   1
    764    16    1       0     269    2992    3034   1
    765    16    1       0     270    2992    3034   1
    766    16    1       0     271    2993    3035   1
    767    16    1     251     272    2993    3035   1
    776    16    1    2897    2948     287       0   1
    793    16    1    2899    2949     288     305   1
    810    16    1       0     273    3000    3043   1
    811    16    1     256     274    3000    3043   1
    845    16    1     257     275    3005    3048   1
    849    16    1     259     276     289     310   1
    568    17    1    2920     277     290    3009   1
    569    17    1       0       0     291    3009   1
    570    17    1       0       0     292    3010   1
    571    17    1    2921     278     293    3010   1
    596    17    1    2926     279     294       0   1
    597    17    1    2926     280       0       0   1
    637    17    1     261     281     295     314   1
    670    17    1       0     282     296    3019   1
    671    17    1       0       0     297    3019   1
    672    17    1       0       0     298    3020   1
    673    17    1       0     283     299    3020   1
    678    17    1       0       0     300    3023   1
    679    17    1     264     284     301    3023   1
    758    17    1     267     285     302    3031   1
    759    17    1       0       0     303    3031   1
    763    17    1       0     286     304    3033   1
    776    17    1    2948     287       0       0   1
    793    17    1    2949     288     305     320   1
    808    17    1       0       0     306    3042   1
    809    17    1       0       0     307    3042   1
    846    17    1       0       0     308    3049   1
    848    17    1       0       0     309    3050   1
    849    17    1     276     289     310    3050   1
    568    18    1     277     290    3009    6396   1
    569    18    1       0     291    3009    6396   1
    570    18    1       0     292    3010    6396   1
    571    18    1     278     293    3010    6396   1
    592    18    1    2924    2975     311       0   1
    593    18    1    2924    2975     312     321   1
    594    18    1    2925    2976     313     322   1
    596    18    1     279     294       0       0   1
    637    18    1     281     295     314     325   1
    670    18    1     282     296    3019    3061   1
    671    18    1       0     297    3019    3061   1
    672    18    1       0     298    3020    6404   1
    673    18    1     283     299    3020    6404   1
    678    18    1       0     300    3023    6405   1
    679    18    1     284     301    3023    6405   1
    744    18    1    2941    2987     315       0   1
    745    18    1    2941    2987     316       0   1
    747    18    1    2942    2988     317     326   1
    758    18    1     285     302    3031    6413   1
    759    18    1       0     303    3031    6413   1
    763    18    1     286     304    3033    6414   1
    774    18    1    2947    2997     318     327   1
    775    18    1    2947    2997     319       0   1
    793    18    1     288     305     320     328   1
    808    18    1       0     306    3042    6420   1
    809    18    1       0     307    3042    6420   1
    846    18    1       0     308    3049    6429   1
    848    18    1       0     309    3050    6430   1
    849    18    1     289     310    3050    6430   1
    592    19    1    2975     311       0       0   1
    593    19    1    2975     312     321       0   1
    594    19    1    2976     313     322       0   1
    595    19    1       0       0     323       0   1
    636    19    1       0       0     324    3054   1
    637    19    1     295     314     325    3054   1
    744    19    1    2987     315       0       0   1
    745    19    1    2987     316       0       0   1
    747    19    1    2988     317     326     331   1
    774    19    1    2997     318     327     332   1
    775    19    1    2997     319       0       0   1
    793    19    1     305     320     328     333   1
    593    20    1     312     321       0       0   1
    594    20    1     313     322       0       0   1
    595    20    1       0     323       0       0   1
    635    20    1       0       0     329     335   1
    636    20    1       0     324    3054    3071   1
    637    20    1     314     325    3054    3071   1
    742    20    1    2986    3027     330     336   1
    747    20    1     317     326     331     338   1
    774    20    1     318     327     332     339   1
    793    20    1     320     328     333     340   1
    634    21    1       0       0     334    3070   1
    635    21    1       0     329     335    3070   1
    742    21    1    3027     330     336       0   1
    746    21    1       0       0     337    3081   1
    747    21    1     326     331     338    3081   1
    774    21    1     327     332     339     347   1
    793    21    1     328     333     340     348   1
    590    22    1    3014    3053     341     349   1
    591    22    1    3014    3053     342       0   1
    633    22    1       0       0     343     350   1
    634    22    1       0     334    3070    3089   1
    635    22    1     329     335    3070    3089   1
    666    22    1    3017    3059     344     351   1
    667    22    1    3017    3059     345       0   1
    742    22    1     330     336       0       0   1
    745    22    1       0       0     346     354   1
    746    22    1       0     337    3081    3098   1
    747    22    1     331     338    3081    3098   1
    774    22    1     332     339     347     355   1
    793    22    1     333     340     348       0   1
    590    23    1    3053     341     349     356   1
    591    23    1    3053     342       0       0   1
    633    23    1       0     343     350     357   1
    666    23    1    3059     344     351       0   1
    667    23    1    3059     345       0       0   1
    742    23    1       0       0     352       0   1
    744    23    1       0       0     353    3097   1
    745    23    1       0     346     354    3097   1
    774    23    1     339     347     355     363   1
    793    23    1     340     348       0       0   1
    590    24    1     341     349     356     364   1
    633    24    1     343     350     357     365   1
    664    24    1    3058    3075     358     366   1
    666    24    1     344     351       0       0   1
    669    24    1    3060    3076     359     368   1
    740    24    1    3064    3080     360       0   1
    741    24    1    3064    3080     361       0   1
    742    24    1       0     352       0       0   1
    743    24    1       0       0     362     370   1
    744    24    1       0     353    3097    3118   1
    745    24    1     346     354    3097    3118   1
    774    24    1     347     355     363     371   1
    590    25    1     349     356     364       0   1
    633    25    1     350     357     365       0   1
    664    25    1    3075     358     366    3112   1
    665    25    1       0       0     367    3112   1
    669    25    1    3076     359     368       0   1
    740    25    1    3080     360       0       0   1
    741    25    1    3080     361       0       0   1
    742    25    1       0       0     369    3117   1
    743    25    1       0     362     370    3117   1
    774    25    1     355     363     371       0   1
    588    26    1    3069    3088     372     378   1
    590    26    1     356     364       0       0   1
    633    26    1     357     365       0       0   1
    664    26    1     358     366    3112     388   1
    665    26    1       0     367    3112     389   1
    668    26    1       0       0     373     380   1
    669    26    1     359     368       0       0   1
    736    26    1    3078    3095     374       0   1
    738    26    1    3079    3096     375       0   1
    742    26    1       0     369    3117    3145   1
    743    26    1     362     370    3117    3145   1
    768    26    1    6416    3103     376       0   1
    769    26    1    6416    3103     377     383   1
    774    26    1     363     371       0       0   1
    588    27    1    3088     372     378     386   1
    589    27    1       0       0     379       0   1
    668    27    1       0     373     380    3138   1
    669    27    1       0       0     381    3138   1
    736    27    1    3095     374       0       0   1
    738    27    1    3096     375       0       0   1
    741    27    1       0       0     382     391   1
    768    27    1    3103     376       0       0   1
    769    27    1    3103     377     383       0   1
    773    27    1       0       0     384     398   1
    774    27    1       0       0     385     399   1
    588    28    1     372     378     386     404   1
    589    28    1       0     379       0       0   1
    590    28    1       0       0     387     406   1
    664    28    1     366    3112     388       0   1
    665    28    1     367    3112     389     407   1
    668    28    1     373     380    3138     425   1
    669    28    1       0     381    3138     426   1
    734    28    1    3094    3116     390     408   1
    741    28    1       0     382     391     409   1
    762    28    1    3100    3121     392     410   1
    763    28    1    3100    3121     393       0   1
    764    28    1    3101    3122     394     411   1
    765    28    1    3101    3122     395       0   1
    766    28    1    3102    3123     396       0   1
    767    28    1    3102    3123     397       0   1
    769    28    1     377     383       0       0   1
    773    28    1       0     384     398       0   1
    774    28    1       0     385     399       0   1
    775    28    1       0       0     400     412   1
    779    28    1       0       0     401     414   1
    780    28    1       0       0     402     415   1
    793    28    1       0       0     403     420   1
    588    29    1     378     386     404    3154   1
    589    29    1       0       0     405    3154   1
    590    29    1       0     387     406     421   1
    664    29    1    3112     388       0       0   1
    665    29    1    3112     389     407    3162   1
    734    29    1    3116     390     408       0   1
    741    29    1     382     391     409    3169   1
    762    29    1    3121     392     410       0   1
    763    29    1    3121     393       0       0   1
    764    29    1    3122     394     411     429   1
    765    29    1    3122     395       0       0   1
    766    29    1    3123     396       0       0   1
    767    29    1    3123     397       0       0   1
    773    29    1     384     398       0       0   1
    774    29    1     385     399       0       0   1
    775    29    1       0     400     412       0   1
    776    29    1       0       0     413     430   1
    779    29    1       0     401     414    3175   1
    780    29    1       0     402     415    3176   1
    781    29    1       0       0     416    3176   1
    782    29    1       0       0     417    3177   1
    783    29    1       0       0     418    3177   1
    784    29    1       0       0     419    3178   1
    793    29    1       0     403     420    3179   1
    588    30    1     386     404    3154    3181   1
    589    30    1       0     405    3154    3181   1
    590    30    1     387     406     421     432   1
    646    30    1    6438    3132     422       0   1
    648    30    1    6439    3133     423       0   1
    649    30    1    6439    3133     424     433   1
    665    30    1     389     407    3162    3190   1
    668    30    1     380    3138     425       0   1
    669    30    1     381    3138     426       0   1
    732    30    1    3115    3144     427       0   1
    734    30    1     390     408       0       0   1
    741    30    1     391     409    3169    3200   1
    760    30    1    3120    3150     428       0   1
    762    30    1     392     410       0       0   1
    764    30    1     394     411     429       0   1
    775    30    1     400     412       0       0   1
    776    30    1       0     413     430       0   1
    777    30    1       0       0     431     438   1
    779    30    1     401     414    3175    3208   1
    780    30    1     402     415    3176    3209   1
    781    30    1       0     416    3176    3209   1
    782    30    1       0     417    3177    3210   1
    783    30    1       0     418    3177    3210   1
    784    30    1       0     419    3178    3211   1
    793    30    1     403     420    3179     448   1
    590    31    1     406     421     432     439   1
    646    31    1    3132     422       0       0   1
    648    31    1    3133     423       0       0   1
    649    31    1    3133     424     433     441   1
    668    31    1    3138     425       0       0   1
    669    31    1    3138     426       0       0   1
    732    31    1    3144     427       0       0   1
    736    31    1       0       0     434    3198   1
    737    31    1       0       0     435    3198   1
    738    31    1       0       0     436    3199   1
    739    31    1       0       0     437    3199   1
    760    31    1    3150     428       0       0   1
    764    31    1     411     429       0       0   1
    776    31    1     413     430       0       0   1
    777    31    1       0     431     438       0   1
    590    32    1     421     432     439     449   1
    644    32    1    3131    3158     440     450   1
    649    32    1     424     433     441     452   1
    671    32    1    3139    3164     442     455   1
    730    32    1    3143    3168     443       0   1
    735    32    1       0       0     444     457   1
    736    32    1       0     434    3198    3237   1
    737    32    1       0     435    3198    3237   1
    738    32    1       0     436    3199    3238   1
    739    32    1       0     437    3199    3238   1
    756    32    1    3148    3173     445       0   1
    757    32    1    3148    3173     446     458   1
    777    32    1     431     438       0       0   1
    786    32    1       0       0     447       0   1
    793    32    1     420    3179     448     459   1
    590    33    1     432     439     449       0   1
    644    33    1    3158     440     450    3219   1
    647    33    1       0       0     451    3220   1
    649    33    1     433     441     452    3221   1
    666    33    1       0       0     453    3228   1
    670    33    1       0       0     454       0   1
    671    33    1    3164     442     455     460   1
    730    33    1    3168     443       0       0   1
    734    33    1       0       0     456    3236   1
    735    33    1       0     444     457    3236   1
    756    33    1    3173     445       0       0   1
    757    33    1    3173     446     458       0   1
    786    33    1       0     447       0       0   1
    793    33    1    3179     448     459     466   1
    590    34    1     439     449       0       0   1
    644    34    1     440     450    3219    6485   1
    647    34    1       0     451    3220    6485   1
    649    34    1     441     452    3221    6486   1
    666    34    1       0     453    3228    6488   1
    670    34    1       0     454       0       0   1
    671    34    1     442     455     460     468   1
    728    34    1    3167    3197     461       0   1
    734    34    1       0     456    3236    3265   1
    735    34    1     444     457    3236    3265   1
    754    34    1    3172    3207     462       0   1
    757    34    1     446     458       0       0   1
    778    34    1    3175    3208     463       0   1
    779    34    1    3175    3208     464       0   1
    785    34    1    3178    3211     465       0   1
    793    34    1     448     459     466     470   1
    670    35    1       0       0     467    3259   1
    671    35    1     455     460     468    3259   1
    728    35    1    3197     461       0       0   1
    733    35    1       0       0     469     476   1
    754    35    1    3207     462       0       0   1
    778    35    1    3208     463       0       0   1
    779    35    1    3208     464       0       0   1
    785    35    1    3211     465       0       0   1
    793    35    1     459     466     470       0   1
    660    36    1    3188    3225     471       0   1
    661    36    1    3188    3225     472     481   1
    670    36    1       0     467    3259    3281   1
    671    36    1     460     468    3259    3281   1
    722    36    1    3194    3233     473     482   1
    724    36    1    3195    3234     474       0   1
    725    36    1    3195    3234     475       0   1
    733    36    1       0     469     476     484   1
    744    36    1    3202    3241     477       0   1
    745    36    1    3202    3241     478     485   1
    793    36    1     466     470       0       0   1
    794    36    1    3212    3246     479       0   1
    795    36    1    3212    3246     480     487   1
    660    37    1    3225     471       0       0   1
    661    37    1    3225     472     481     491   1
    722    37    1    3233     473     482       0   1
    724    37    1    3234     474       0       0   1
    725    37    1    3234     475       0       0   1
    732    37    1       0       0     483    3286   1
    733    37    1     469     476     484    3286   1
    744    37    1    3241     477       0       0   1
    745    37    1    3241     478     485       0   1
    789    37    1       0       0     486    3289   1
    794    37    1    3246     479       0       0   1
    795    37    1    3246     480     487       0   1
    588    38    1    3215    3251     488     497   1
    634    38    1    3216    3252     489       0   1
    635    38    1    3216    3252     490     498   1
    661    38    1     472     481     491     500   1
    720    38    1    3232    3264     492     501   1
    722    38    1     473     482       0       0   1
    732    38    1       0     483    3286    3305   1
    733    38    1     476     484    3286    3305   1
    742    38    1    3240    3267     493       0   1
    745    38    1     478     485       0       0   1
    747    38    1    3242    3268     494       0   1
    748    38    1    3243    3269     495       0   1
    749    38    1    3243    3269     496       0   1
    789    38    1       0     486    3289    3309   1
    795    38    1     480     487       0       0   1
    588    39    1    3251     488     497       0   1
    634    39    1    3252     489       0       0   1
    635    39    1    3252     490     498       0   1
    660    39    1       0       0     499    3298   1
    661    39    1     481     491     500    3298   1
    720    39    1    3264     492     501     510   1
    731    39    1       0       0     502    3304   1
    742    39    1    3267     493       0       0   1
    747    39    1    3268     494       0       0   1
    748    39    1    3269     495       0       0   1
    749    39    1    3269     496       0       0   1
    786    39    1       0       0     503    3308   1
    787    39    1       0       0     504    3308   1
    790    39    1       0       0     505     513   1
    586    40    1    3250    3274     506     515   1
    587    40    1    3250    3274     507       0   1
    588    40    1     488     497       0       0   1
    635    40    1     490     498       0       0   1
    636    40    1    3253    3275     508       0   1
    637    40    1    3253    3275     509     516   1
    660    40    1       0     499    3298    3317   1
    661    40    1     491     500    3298    3317   1
    720    40    1     492     501     510     517   1
    731    40    1       0     502    3304    3323   1
    771    40    1       0       0     511     518   1
    772    40    1       0       0     512     519   1
    786    40    1       0     503    3308    3328   1
    787    40    1       0     504    3308    3328   1
    790    40    1       0     505     513     522   1
    797    40    1    3271    3290     514     529   1
    586    41    1    3274     506     515     530   1
    587    41    1    3274     507       0       0   1
    636    41    1    3275     508       0       0   1
    637    41    1    3275     509     516       0   1
    720    41    1     501     510     517       0   1
    771    41    1       0     511     518       0   1
    772    41    1       0     512     519    3327   1
    773    41    1       0       0     520    3327   1
    785    41    1       0       0     521     532   1
    790    41    1     505     513     522    3330   1
    791    41    1       0       0     523    3330   1
    792    41    1       0       0     524    3331   1
    793    41    1       0       0     525    3331   1
    794    41    1       0       0     526    3332   1
    795    41    1       0       0     527    3332   1
    796    41    1       0       0     528    3333   1
    797    41    1    3290     514     529    3333   1
    586    42    1     506     515     530       0   1
    637    42    1     509     516       0       0   1
    720    42    1     510     517       0       0   1
    729    42    1       0       0     531     534   1
    771    42    1     511     518       0       0   1
    772    42    1     512     519    3327    3363   1
    773    42    1       0     520    3327    3363   1
    785    42    1       0     521     532     541   1
    790    42    1     513     522    3330    3370   1
    791    42    1       0     523    3330    3370   1
    792    42    1       0     524    3331    3371   1
    793    42    1       0     525    3331    3371   1
    794    42    1       0     526    3332    3372   1
    795    42    1       0     527    3332    3372   1
    796    42    1       0     528    3333    3373   1
    797    42    1     514     529    3333    3373   1
    586    43    1     515     530       0       0   1
    728    43    1       0       0     533    3360   1
    729    43    1       0     531     534    3360   1
    774    43    1       0       0     535    3364   1
    775    43    1       0       0     536    3364   1
    781    43    1       0       0     537    3365   1
    782    43    1       0       0     538    3366   1
    783    43    1       0       0     539    3366   1
    784    43    1       0       0     540    3367   1
    785    43    1     521     532     541    3367   1
    584    44    1    3294    3313     542     553   1
    585    44    1    3294    3313     543       0   1
    637    44    1       0       0     544     559   1
    716    44    1    3302    3321     545       0   1
    717    44    1    3302    3321     546       0   1
    718    44    1    3303    3322     547       0   1
    719    44    1    3303    3322     548     560   1
    720    44    1       0       0     549     561   1
    727    44    1       0       0     550     565   1
    728    44    1       0     533    3360    3405   1
    729    44    1     531     534    3360    3405   1
    771    44    1       0       0     551     567   1
    774    44    1       0     535    3364    3410   1
    775    44    1       0     536    3364    3410   1
    779    44    1       0       0     552     571   1
    781    44    1       0     537    3365    3413   1
    782    44    1       0     538    3366    3414   1
    783    44    1       0     539    3366    3414   1
    784    44    1       0     540    3367    3415   1
    785    44    1     532     541    3367    3415   1
    584    45    1    3313     542     553       0   1
    585    45    1    3313     543       0       0   1
    631    45    1       0       0     554     572   1
    632    45    1       0       0     555    3379   1
    633    45    1       0       0     556    3379   1
    635    45    1       0       0     557    3380   1
    636    45    1       0       0     558    3381   1
    637    45    1       0     544     559    3381   1
    716    45    1    3321     545       0       0   1
    717    45    1    3321     546       0       0   1
    718    45    1    3322     547       0       0   1
    719    45    1    3322     548     560    3400   1
    720    45    1       0     549     561    3401   1
    721    45    1       0       0     562    3401   1
    725    45    1       0       0     563    3403   1
    726    45    1       0       0     564    3404   1
    727    45    1       0     550     565    3404   1
    770    45    1       0       0     566    3408   1
    771    45    1       0     551     567    3408   1
    776    45    1       0       0     568    3411   1
    777    45    1       0       0     569    3411   1
    778    45    1       0       0     570    3412   1
    779    45    1       0     552     571    3412   1
    584    46    1     542     553       0       0   1
    631    46    1       0     554     572     585   1
    632    46    1       0     555    3379    3423   1
    633    46    1       0     556    3379    3423   1
    635    46    1       0     557    3380    3424   1
    636    46    1       0     558    3381    6534   1
    637    46    1     544     559    3381    6534   1
    664    46    1    6503    3346     573       0   1
    665    46    1    6503    3346     574     586   1
    698    46    1    6509    3353     575       0   1
    699    46    1    6509    3353     576       0   1
    717    46    1       0       0     577     588   1
    719    46    1     548     560    3400    3441   1
    720    46    1     549     561    3401    6542   1
    721    46    1       0     562    3401    6542   1
    725    46    1       0     563    3403    6543   1
    726    46    1       0     564    3404    6543   1
    727    46    1     550     565    3404    6543   1
    742    46    1       0       0     578       0   1
    770    46    1       0     566    3408     602   1
    771    46    1     551     567    3408     603   1
    776    46    1       0     568    3411    3447   1
    777    46    1       0     569    3411    3447   1
    778    46    1       0     570    3412    3448   1
    779    46    1     552     571    3412    3448   1
    790    46    1    3330    3370     579       0   1
    791    46    1    3330    3370     580     589   1
    792    46    1    3331    3371     581     590   1
    793    46    1    3331    3371     582       0   1
    794    46    1    3332    3372     583       0   1
    795    46    1    3332    3372     584       0   1
    631    47    1     554     572     585     593   1
    664    47    1    3346     573       0       0   1
    665    47    1    3346     574     586       0   1
    698    47    1    3353     575       0       0   1
    699    47    1    3353     576       0       0   1
    716    47    1       0       0     587    3440   1
    717    47    1       0     577     588    3440   1
    742    47    1       0     578       0       0   1
    790    47    1    3370     579       0       0   1
    791    47    1    3370     580     589       0   1
    792    47    1    3371     581     590       0   1
    793    47    1    3371     582       0       0   1
    794    47    1    3372     583       0       0   1
    795    47    1    3372     584       0       0   1
    797    47    1       0       0     591     607   1
    580    48    1    3337    3377     592       0   1
    631    48    1     572     585     593     608   1
    652    48    1    3342    3385     594       0   1
    653    48    1    3342    3385     595     609   1
    662    48    1    3345    3388     596       0   1
    665    48    1     574     586       0       0   1
    667    48    1    3347    3389     597     611   1
    696    48    1    3352    3394     598       0   1
    704    48    1    3356    3396     599       0   1
    705    48    1    3356    3396     600     612   1
    716    48    1       0     587    3440    3468   1
    717    48    1     577     588    3440    3468   1
    742    48    1       0       0     601     613   1
    770    48    1     566    3408     602       0   1
    771    48    1     567    3408     603     614   1
    784    48    1    3367    3415     604       0   1
    785    48    1    3367    3415     605     615   1
    788    48    1    3369    3417     606       0   1
    791    48    1     580     589       0       0   1
    792    48    1     581     590       0       0   1
    797    48    1       0     591     607     616   1
    580    49    1    3377     592       0       0   1
    631    49    1     585     593     608    3455   1
    652    49    1    3385     594       0       0   1
    653    49    1    3385     595     609     617   1
    662    49    1    3388     596       0       0   1
    663    49    1       0       0     610       0   1
    667    49    1    3389     597     611     622   1
    696    49    1    3394     598       0       0   1
    704    49    1    3396     599       0       0   1
    705    49    1    3396     600     612       0   1
    742    49    1       0     601     613     625   1
    770    49    1    3408     602       0       0   1
    771    49    1    3408     603     614       0   1
    784    49    1    3415     604       0       0   1
    785    49    1    3415     605     615       0   1
    788    49    1    3417     606       0       0   1
    797    49    1     591     607     616     632   1
    631    50    1     593     608    3455    3480   1
    653    50    1     595     609     617     637   1
    655    50    1    3386    3427     618     639   1
    656    50    1    6520    3428     619       0   1
    657    50    1    6520    3428     620     640   1
    660    50    1    3387    3430     621       0   1
    663    50    1       0     610       0       0   1
    667    50    1     597     611     622       0   1
    694    50    1    3393    3434     623       0   1
    705    50    1     600     612       0       0   1
    707    50    1    3397    3435     624     643   1
    742    50    1     601     613     625       0   1
    771    50    1     603     614       0       0   1
    778    50    1    3412    3448     626       0   1
    779    50    1    3412    3448     627     644   1
    780    50    1    3413    3449     628       0   1
    781    50    1    3413    3449     629       0   1
    785    50    1     605     615       0       0   1
    789    50    1       0       0     630       0   1
    796    50    1       0       0     631       0   1
    797    50    1     607     616     632     647   1
    627    51    1       0       0     633     649   1
    628    51    1       0       0     634    3479   1
    629    51    1       0       0     635    3479   1
    652    51    1       0       0     636    3483   1
    653    51    1     609     617     637    3483   1
    654    51    1       0       0     638    3484   1
    655    51    1    3427     618     639    3484   1
    656    51    1    3428     619       0       0   1
    657    51    1    3428     620     640     651   1
    660    51    1    3430     621       0       0   1
    661    51    1       0       0     641       0   1
    667    51    1     611     622       0       0   1
    694    51    1    3434     623       0       0   1
    695    51    1       0       0     642       0   1
    707    51    1    3435     624     643    3490   1
    742    51    1     613     625       0       0   1
    778    51    1    3448     626       0       0   1
    779    51    1    3448     627     644       0   1
    780    51    1    3449     628       0       0   1
    781    51    1    3449     629       0       0   1
    789    51    1       0     630       0       0   1
    792    51    1       0       0     645    3497   1
    793    51    1       0       0     646    3497   1
    796    51    1       0     631       0       0   1
    797    51    1     616     632     647    3498   1
    574    52    1    3420    3454     648       0   1
    627    52    1       0     633     649     659   1
    628    52    1       0     634    3479    3503   1
    629    52    1       0     635    3479    3503   1
    652    52    1       0     636    3483    3507   1
    653    52    1     617     637    3483    3507   1
    654    52    1       0     638    3484     672   1
    655    52    1     618     639    3484     673   1
    656    52    1       0       0     650       0   1
    657    52    1     620     640     651       0   1
    658    52    1    3429    3460     652       0   1
    661    52    1       0     641       0       0   1
    667    52    1       0       0     653       0   1
    694    52    1       0       0     654     660   1
    695    52    1       0     642       0       0   1
    707    52    1     624     643    3490    3512   1
    738    52    1    3443    3471     655     661   1
    739    52    1    3443    3471     656       0   1
    779    52    1     627     644       0       0   1
    792    52    1       0     645    3497    3522   1
    793    52    1       0     646    3497    3522   1
    794    52    1      -1    3474     657     668   1
    797    52    1     632     647    3498    3524   1
    574    53    1    3454     648       0       0   1
    626    53    1       0       0     658    3502   1
    627    53    1     633     649     659    3502   1
    656    53    1       0     650       0       0   1
    657    53    1     640     651       0       0   1
    658    53    1    3460     652       0       0   1
    667    53    1       0     653       0       0   1
    694    53    1       0     654     660     675   1
    738    53    1    3471     655     661     676   1
    739    53    1    3471     656       0       0   1
    774    53    1       0       0     662     678   1
    778    53    1       0       0     663       0   1
    786    53    1       0       0     664    3519   1
    787    53    1       0       0     665    3519   1
    788    53    1       0       0     666    3520   1
    789    53    1       0       0     667    3520   1
    794    53    1    3474     657     668    3523   1
    795    53    1       0       0     669    3523   1
    572    54    1    3453    3478     670     680   1
    625    54    1       0       0     671     682   1
    626    54    1       0     658    3502    3533   1
    627    54    1     649     659    3502    3533   1
    654    54    1     638    3484     672     683   1
    655    54    1     639    3484     673       0   1
    669    54    1    3461    3485     674     684   1
    694    54    1     654     660     675     685   1
    738    54    1     655     661     676       0   1
    773    54    1       0       0     677     689   1
    774    54    1       0     662     678     690   1
    778    54    1       0     663       0       0   1
    783    54    1       0       0     679     693   1
    786    54    1       0     664    3519    3549   1
    787    54    1       0     665    3519    3549   1
    788    54    1       0     666    3520    6583   1
    789    54    1       0     667    3520    6583   1
    794    54    1     657     668    3523    6584   1
    795    54    1       0     669    3523    6584   1
    572    55    1    3478     670     680     694   1
    624    55    1       0       0     681    3532   1
    625    55    1       0     671     682    3532   1
    654    55    1    3484     672     683     696   1
    655    55    1    3484     673       0       0   1
    669    55    1    3485     674     684       0   1
    694    55    1     660     675     685     697   1
    695    55    1       0       0     686     698   1
    738    55    1     661     676       0       0   1
    771    55    1       0       0     687    3544   1
    772    55    1       0       0     688    3545   1
    773    55    1       0     677     689    3545   1
    774    55    1     662     678     690     704   1
    781    55    1       0       0     691    3546   1
    782    55    1       0       0     692    3547   1
    783    55    1       0     679     693    3547   1
    572    56    1     670     680     694     705   1
    623    56    1       0       0     695     706   1
    624    56    1       0     681    3532    3554   1
    625    56    1     671     682    3532    3554   1
    654    56    1     672     683     696       0   1
    669    56    1     674     684       0       0   1
    694    56    1     675     685     697     707   1
    695    56    1       0     686     698       0   1
    705    56    1       0       0     699     708   1
    706    56    1    3490    3512     700     709   1
    736    56    1    3495    3517     701       0   1
    737    56    1    3495    3517     702       0   1
    769    56    1       0       0     703     711   1
    771    56    1       0     687    3544     727   1
    772    56    1       0     688    3545      -1   1
    773    56    1     677     689    3545      -1   1
    774    56    1     678     690     704       0   1
    781    56    1       0     691    3546    3568   1
    782    56    1       0     692    3547    3569   1
    783    56    1     679     693    3547    3569   1
    572    57    1     680     694     705       0   1
    623    57    1       0     695     706    3553   1
    654    57    1     683     696       0       0   1
    694    57    1     685     697     707       0   1
    695    57    1     686     698       0       0   1
    705    57    1       0     699     708     723   1
    706    57    1    3512     700     709    3561   1
    707    57    1       0       0     710    3561   1
    736    57    1    3517     701       0       0   1
    737    57    1    3517     702       0       0   1
    769    57    1       0     703     711     725   1
    774    57    1     690     704       0       0   1
    777    57    1       0       0     712    3566   1
    778    57    1       0       0     713    3567   1
    779    57    1       0       0     714    3567   1
    564    58    1    6551    3528     715       0   1
    565    58    1    6551    3528     716     729   1
    566    58    1    6551    3529     717       0   1
    567    58    1    6551    3529     718       0   1
    568    58    1    3500    3530     719       0   1
    569    58    1    3500    3530     720     730   1
    572    58    1     694     705       0       0   1
    621    58    1       0       0     721     733   1
    623    58    1     695     706    3553    3576   1
    673    58    1    3509    3535     722     734   1
    694    58    1     697     707       0       0   1
    705    58    1     699     708     723     735   1
    706    58    1     700     709    3561    3585   1
    707    58    1       0     710    3561    3585   1
    736    58    1       0       0     724     736   1
    769    58    1     703     711     725     738   1
    770    58    1       0    3544     726       0   1
    771    58    1     687    3544     727       0   1
    775    58    1       0       0     728     740   1
    777    58    1       0     712    3566    3593   1
    778    58    1       0     713    3567    3594   1
    779    58    1       0     714    3567    3594   1
    564    59    1    3528     715       0       0   1
    565    59    1    3528     716     729       0   1
    566    59    1    3529     717       0       0   1
    567    59    1    3529     718       0       0   1
    568    59    1    3530     719       0       0   1
    569    59    1    3530     720     730     743   1
    619    59    1       0       0     731    3574   1
    620    59    1       0       0     732    3575   1
    621    59    1       0     721     733    3575   1
    673    59    1    3535     722     734     744   1
    705    59    1     708     723     735     747   1
    736    59    1       0     724     736     748   1
    768    59    1       0       0     737    3590   1
    769    59    1     711     725     738    3590   1
    770    59    1    3544     726       0       0   1
    771    59    1    3544     727       0       0   1
    774    59    1       0       0     739    3592   1
    775    59    1       0     728     740    3592   1
    562    60    1    3527    3551     741     749   1
    565    60    1     716     729       0       0   1
    568    60    1       0       0     742       0   1
    569    60    1     720     730     743       0   1
    619    60    1       0     731    3574    3601   1
    620    60    1       0     732    3575    3602   1
    621    60    1     721     733    3575    3602   1
    673    60    1     722     734     744     755   1
    692    60    1    3539    3560     745     756   1
    693    60    1    3539    3560     746       0   1
    705    60    1     723     735     747     758   1
    736    60    1     724     736     748       0   1
    768    60    1       0     737    3590    3615   1
    769    60    1     725     738    3590    3615   1
    774    60    1       0     739    3592    3618   1
    775    60    1     728     740    3592    3618   1
    562    61    1    3551     741     749       0   1
    568    61    1       0     742       0       0   1
    569    61    1     730     743       0       0   1
    607    61    1       0       0     750    3596   1
    608    61    1       0       0     751    3597   1
    609    61    1       0       0     752    3597   1
    612    61    1       0       0     753    3599   1
    613    61    1       0       0     754    3599   1
    673    61    1     734     744     755    3606   1
    692    61    1    3560     745     756       0   1
    693    61    1    3560     746       0       0   1
    704    61    1       0       0     757    3611   1
    705    61    1     735     747     758    3611   1
    736    61    1     736     748       0       0   1
    767    61    1       0       0     759     770   1
    770    61    1       0       0     760    3616   1
    771    61    1       0       0     761    3616   1
    562    62    1     741     749       0       0   1
    607    62    1       0     750    3596    3623   1
    608    62    1       0     751    3597    3624   1
    609    62    1       0     752    3597    3624   1
    612    62    1       0     753    3599    3626   1
    613    62    1       0     754    3599    3626   1
    617    62    1       0       0     762     774   1
    652    62    1    3556    3579     763     775   1
    673    62    1     744     755    3606    3631   1
    690    62    1    3559    3584     764     776   1
    691    62    1    3559    3584     765       0   1
    692    62    1     745     756       0       0   1
    704    62    1       0     757    3611    3637   1
    705    62    1     747     758    3611    3637   1
    732    62    1    3564    3588     766       0   1
    733    62    1    3564    3588     767     778   1
    734    62    1    3565    3589     768       0   1
    735    62    1    3565    3589     769       0   1
    767    62    1       0     759     770     780   1
    770    62    1       0     760    3616    3648   1
    771    62    1       0     761    3616    3648   1
    562    63    1       0       0     771     781   1
    605    63    1       0       0     772    3622   1
    616    63    1       0       0     773    3627   1
    617    63    1       0     762     774    3627   1
    652    63    1    3579     763     775     783   1
    690    63    1    3584     764     776       0   1
    691    63    1    3584     765       0       0   1
    703    63    1       0       0     777     786   1
    732    63    1    3588     766       0       0   1
    733    63    1    3588     767     778       0   1
    734    63    1    3589     768       0       0   1
    735    63    1    3589     769       0       0   1
    766    63    1       0       0     779    3646   1
    767    63    1     759     770     780    3646   1
    562    64    1       0     771     781     788   1
    605    64    1       0     772    3622    3665   1
    615    64    1      -1    3600     782     795   1
    616    64    1       0     773    3627    3671   1
    617    64    1     762     774    3627    3671   1
    652    64    1     763     775     783     796   1
    688    64    1    3583    3610     784     799   1
    689    64    1    3583    3610     785       0   1
    690    64    1     764     776       0       0   1
    703    64    1       0     777     786     801   1
    730    64    1    3587    3614     787       0   1
    733    64    1     767     778       0       0   1
    766    64    1       0     779    3646    3687   1
    767    64    1     770     780    3646    3687   1
    562    65    1     771     781     788    3658   1
    563    65    1       0       0     789    3658   1
    589    65    1       0       0     790    3661   1
    590    65    1       0       0     791    3662   1
    591    65    1       0       0     792    3662   1
    593    65    1       0       0     793    3663   1
    603    65    1       0       0     794     806   1
    615    65    1    3600     782     795    3670   1
    652    65    1     775     783     796    3675   1
    653    65    1       0       0     797    3675   1
    671    65    1       0       0     798     808   1
    688    65    1    3610     784     799     813   1
    689    65    1    3610     785       0       0   1
    702    65    1       0       0     800     815   1
    703    65    1     777     786     801     816   1
    730    65    1    3614     787       0       0   1
    764    65    1       0       0     802    3686   1
    562    66    1     781     788    3658    3698   1
    563    66    1       0     789    3658    3698   1
    582    66    1       0       0     803     828   1
    585    66    1       0       0     804     831   1
    589    66    1       0     790    3661    6635   1
    590    66    1       0     791    3662    6635   1
    591    66    1       0     792    3662    6635   1
    593    66    1       0     793    3663    3709   1
    596    66    1       0       0     805     832   1
    603    66    1       0     794     806       0   1
    615    66    1     782     795    3670    3719   1
    652    66    1     783     796    3675    3726   1
    653    66    1       0     797    3675    3726   1
    654    66    1       0       0     807     836   1
    671    66    1       0     798     808     838   1
    672    66    1    3606    3631     809       0   1
    673    66    1    3606    3631     810     839   1
    674    66    1    3607    3632     811       0   1
    675    66    1    3607    3632     812       0   1
    688    66    1     784     799     813       0   1
    701    66    1       0       0     814       0   1
    702    66    1       0     800     815       0   1
    703    66    1     786     801     816     840   1
    722    66    1    6603    3642     817       0   1
    723    66    1    6603    3642     818     841   1
    727    66    1    6604    3644     819       0   1
    764    66    1       0     802    3686    3742   1
    796    66    1    6609    3651     820       0   1
    797    66    1    6609    3651     821     844   1
    564    67    1       0       0     822    3699   1
    573    67    1       0       0     823    3701   1
    576    67    1       0       0     824    3703   1
    577    67    1       0       0     825    3703   1
    578    67    1       0       0     826    3704   1
    579    67    1       0       0     827    3704   1
    582    67    1       0     803     828    3706   1
    583    67    1       0       0     829    3706   1
    584    67    1       0       0     830    3707   1
    585    67    1       0     804     831    3707   1
    596    67    1       0     805     832    3711   1
    597    67    1       0       0     833    3711   1
    599    67    1       0       0     834    3712   1
    600    67    1       0       0     835    3713   1
    603    67    1     794     806       0       0   1
    654    67    1       0     807     836    3727   1
    670    67    1       0       0     837     851   1
    671    67    1     798     808     838       0   1
    672    67    1    3631     809       0       0   1
    673    67    1    3631     810     839     852   1
    674    67    1    3632     811       0       0   1
    675    67    1    3632     812       0       0   1
    688    67    1     799     813       0       0   1
    701    67    1       0     814       0       0   1
    702    67    1     800     815       0       0   1
    703    67    1     801     816     840     854   1
    722    67    1    3642     817       0       0   1
    723    67    1    3642     818     841       0   1
    727    67    1    3644     819       0       0   1
    762    67    1       0       0     842    3741   1
    763    67    1       0       0     843    3741   1
    796    67    1    3651     820       0       0   1
    797    67    1    3651     821     844       0   1
    564    68    1       0     822    3699    3755   1
    569    68    1       0       0     845     862   1
    571    68    1       0       0     846     864   1
    573    68    1       0     823    3701    3759   1
    576    68    1       0     824    3703    3761   1
    577    68    1       0     825    3703    3761   1
    578    68    1       0     826    3704    3762   1
    579    68    1       0     827    3704    3762   1
    582    68    1     803     828    3706    3764   1
    583    68    1       0     829    3706    3764   1
    584    68    1       0     830    3707    3765   1
    585    68    1     804     831    3707    3765   1
    596    68    1     805     832    3711    3769   1
    597    68    1       0     833    3711    3769   1
    599    68    1       0     834    3712    3770   1
    600    68    1       0     835    3713    3771   1
    608    68    1    3624    3667     847       0   1
    654    68    1     807     836    3727    3783   1
    659    68    1       0       0     848     866   1
    663    68    1       0       0     849     870   1
    667    68    1       0       0     850     873   1
    670    68    1       0     837     851     874   1
    671    68    1     808     838       0       0   1
    673    68    1     810     839     852     877   1
    686    68    1    3636    3679     853       0   1
    703    68    1     816     840     854     880   1
    720    68    1    3641    3684     855       0   1
    721    68    1    3641    3684     856     881   1
    723    68    1     818     841       0       0   1
    761    68    1       0       0     857     882   1
    762    68    1       0     842    3741    3804   1
    763    68    1       0     843    3741    3804   1
    794    68    1    3650    3691     858       0   1
    797    68    1     821     844       0       0   1
    804    68    1    3655    3695     859       0   1
    805    68    1    3655    3695     860     884   1
    568    69    1       0       0     861    3757   1
    569    69    1       0     845     862    3757   1
    570    69    1       0       0     863    3758   1
    571    69    1       0     846     864    3758   1
    608    69    1    3667     847       0       0   1
    658    69    1       0       0     865    3784   1
    659    69    1       0     848     866    3784   1
    660    69    1       0       0     867    3785   1
    661    69    1       0       0     868    3785   1
    662    69    1       0       0     869    3786   1
    663    69    1       0     849     870    3786   1
    664    69    1       0       0     871    3787   1
    666    69    1       0       0     872    3788   1
    667    69    1       0     850     873    3788   1
    670    69    1     837     851     874    3790   1
    671    69    1       0       0     875    3790   1
    672    69    1       0       0     876    3791   1
    673    69    1     839     852     877    3791   1
    686    69    1    3679     853       0       0   1
    701    69    1       0       0     878    3796   1
    702    69    1       0       0     879    3797   1
    703    69    1     840     854     880    3797   1
    720    69    1    3684     855       0       0   1
    721    69    1    3684     856     881       0   1
    761    69    1       0     857     882    3803   1
    794    69    1    3691     858       0       0   1
    797    69    1       0       0     883       0   1
    804    69    1    3695     859       0       0   1
    805    69    1    3695     860     884     896   1
    568    70    1       0     861    3757    3819   1
    569    70    1     845     862    3757    3819   1
    570    70    1       0     863    3758    3820   1
    571    70    1     846     864    3758    3820   1
    606    70    1    3666    3716     885     897   1
    611    70    1    3668    3717     886     902   1
    657    70    1       0       0     887     904   1
    658    70    1       0     865    3784    3843   1
    659    70    1     848     866    3784    3843   1
    660    70    1       0     867    3785    6659   1
    661    70    1       0     868    3785    6659   1
    662    70    1       0     869    3786    6659   1
    663    70    1     849     870    3786    6659   1
    664    70    1       0     871    3787    6660   1
    666    70    1       0     872    3788    6660   1
    667    70    1     850     873    3788    6660   1
    670    70    1     851     874    3790    6661   1
    671    70    1       0     875    3790    6661   1
    672    70    1       0     876    3791    3844   1
    673    70    1     852     877    3791    3844   1
    680    70    1    6623    3732     888       0   1
    681    70    1    6623    3732     889     905   1
    701    70    1       0     878    3796    3847   1
    702    70    1       0     879    3797    3848   1
    703    70    1     854     880    3797    3848   1
    721    70    1     856     881       0       0   1
    757    70    1       0       0     890       0   1
    759    70    1       0       0     891       0   1
    761    70    1     857     882    3803    3853   1
    792    70    1    3690    3748     892       0   1
    797    70    1       0     883       0       0   1
    798    70    1    3692    3749     893       0   1
    799    70    1    3692    3749     894     908   1
    802    70    1    3694    3751     895     909   1
    805    70    1     860     884     896       0   1
    606    71    1    3716     885     897    3828   1
    607    71    1       0       0     898    3828   1
    608    71    1       0       0     899    3829   1
    609    71    1       0       0     900    3829   1
    610    71    1       0       0     901    3830   1
    611    71    1    3717     886     902    3830   1
    656    71    1       0       0     903    3842   1
    657    71    1       0     887     904    3842   1
    680    71    1    3732     888       0       0   1
    681    71    1    3732     889     905       0   1
    698    71    1       0       0     906    3846   1
    699    71    1       0       0     907    3846   1
    757    71    1       0     890       0       0   1
    759    71    1       0     891       0       0   1
    792    71    1    3748     892       0       0   1
    798    71    1    3749     893       0       0   1
    799    71    1    3749     894     908       0   1
    802    71    1    3751     895     909       0   1
    805    71    1     884     896       0       0   1
    606    72    1     885     897    3828     933   1
    607    72    1       0     898    3828       0   1
    608    72    1       0     899    3829      -1   1
    609    72    1       0     900    3829      -1   1
    610    72    1       0     901    3830      -1   1
    611    72    1     886     902    3830      -1   1
    618    72    1    3721    3777     910       0   1
    623    72    1    3723    3779     911     922   1
    656    72    1       0     903    3842    3879   1
    657    72    1     887     904    3842    3879   1
    676    72    1    3730    3793     912       0   1
    677    72    1    3730    3793     913       0   1
    681    72    1     889     905       0       0   1
    697    72    1       0       0     914     924   1
    698    72    1       0     906    3846    3884   1
    699    72    1       0     907    3846    3884   1
    714    72    1    3738    3801     915     925   1
    715    72    1    3738    3801     916       0   1
    716    72    1    3739    3802     917       0   1
    786    72    1    3745    3808     918     927   1
    788    72    1    3746    3809     919       0   1
    789    72    1    3746    3809     920       0   1
    799    72    1     894     908       0       0   1
    802    72    1     895     909       0       0   1
    618    73    1    3777     910       0       0   1
    619    73    1       0       0     921       0   1
    623    73    1    3779     911     922       0   1
    676    73    1    3793     912       0       0   1
    677    73    1    3793     913       0       0   1
    696    73    1       0       0     923    3883   1
    697    73    1       0     914     924    3883   1
    714    73    1    3801     915     925       0   1
    715    73    1    3801     916       0       0   1
    716    73    1    3802     917       0       0   1
    757    73    1       0       0     926     944   1
    786    73    1    3808     918     927     945   1
    787    73    1       0       0     928       0   1
    788    73    1    3809     919       0       0   1
    789    73    1    3809     920       0       0   1
    566    74    1    3756    3818     929     950   1
    594    74    1    3768    3822     930       0   1
    595    74    1    3768    3822     931     951   1
    601    74    1    3771    3825     932     952   1
    606    74    1     897    3828     933     953   1
    612    74    1    3774    3831     934       0   1
    614    74    1    3775    3832     935       0   1
    615    74    1    3775    3832     936       0   1
    619    74    1       0     921       0       0   1
    623    74    1     911     922       0       0   1
    625    74    1    3780    3834     937       0   1
    626    74    1    3781    3835     938       0   1
    627    74    1    3781    3835     939     954   1
    630    74    1    6636    3837     940       0   1
    631    74    1    6636    3837     941     955   1
    696    74    1       0     923    3883    3916   1
    697    74    1     914     924    3883    3916   1
    712    74    1    3800    3851     942       0   1
    713    74    1    3800    3851     943     957   1
    714    74    1     915     925       0       0   1
    757    74    1       0     926     944     958   1
    786    74    1     918     927     945       0   1
    787    74    1       0     928       0       0   1
    806    74    1    3812    3862     946     959   1
    807    74    1    3812    3862     947       0   1
    808    74    1    6647    3863     948       0   1
    809    74    1    6647    3863     949     960   1
    566    75    1    3818     929     950       0   1
    594    75    1    3822     930       0       0   1
    595    75    1    3822     931     951       0   1
    601    75    1    3825     932     952    3908   1
    606    75    1    3828     933     953     966   1
    612    75    1    3831     934       0       0   1
    614    75    1    3832     935       0       0   1
    615    75    1    3832     936       0       0   1
    625    75    1    3834     937       0       0   1
    626    75    1    3835     938       0       0   1
    627    75    1    3835     939     954     967   1
    630    75    1    3837     940       0       0   1
    631    75    1    3837     941     955       0   1
    695    75    1       0       0     956    3915   1
    712    75    1    3851     942       0       0   1
    713    75    1    3851     943     957       0   1
    757    75    1     926     944     958     974   1
    786    75    1     927     945       0       0   1
    806    75    1    3862     946     959       0   1
    807    75    1    3862     947       0       0   1
    808    75    1    3863     948       0       0   1
    809    75    1    3863     949     960     978   1
    561    76    1    3815    3867     961     979   1
    562    76    1    3816    3868     962       0   1
    566    76    1     929     950       0       0   1
    567    76    1       0       0     963     983   1
    594    76    1       0       0     964       0   1
    595    76    1     931     951       0       0   1
    597    76    1       0       0     965     985   1
    601    76    1     932     952    3908    1005   1
    606    76    1     933     953     966     986   1
    627    76    1     939     954     967       0   1
    628    76    1    3836    3874     968       0   1
    631    76    1     941     955       0       0   1
    632    76    1    3838    3875     969       0   1
    633    76    1    3838    3875     970     987   1
    674    76    1    3845    3882     971       0   1
    695    76    1       0     956    3915    3946   1
    710    76    1    3850    3888     972     988   1
    712    76    1       0       0     973     990   1
    713    76    1     943     957       0       0   1
    757    76    1     944     958     974     993   1
    772    76    1    3857    3894     975       0   1
    773    76    1    3857    3894     976     994   1
    784    76    1    3861    3898     977     995   1
    806    76    1     946     959       0       0   1
    809    76    1     949     960     978     998   1
    561    77    1    3867     961     979       0   1
    562    77    1    3868     962       0       0   1
    563    77    1       0       0     980    1002   1
    565    77    1       0       0     981    3934   1
    566    77    1       0       0     982    3935   1
    567    77    1       0     963     983    3935   1
    594    77    1       0     964       0       0   1
    596    77    1       0       0     984    1003   1
    597    77    1       0     965     985       0   1
    606    77    1     953     966     986    1006   1
    627    77    1     954     967       0       0   1
    628    77    1    3874     968       0       0   1
    632    77    1    3875     969       0       0   1
    633    77    1    3875     970     987    3942   1
    674    77    1    3882     971       0       0   1
    710    77    1    3888     972     988    3950   1
    711    77    1       0       0     989    3950   1
    712    77    1       0     973     990    3951   1
    713    77    1       0       0     991    3951   1
    714    77    1       0       0     992    1009   1
    757    77    1     958     974     993       0   1
    772    77    1    3894     975       0       0   1
    773    77    1    3894     976     994       0   1
    784    77    1    3898     977     995    1026   1
    785    77    1       0       0     996    1027   1
    786    77    1       0       0     997    3954   1
    809    77    1     960     978     998    1028   1
    556    78    1    3865    3902     999    1029   1
    557    78    1    3865    3902    1000       0   1
    558    78    1    3866    3903    1001       0   1
    561    78    1     961     979       0       0   1
    563    78    1       0     980    1002    1033   1
    565    78    1       0     981    3934    3960   1
    566    78    1       0     982    3935    3961   1
    567    78    1     963     983    3935    3961   1
    596    78    1       0     984    1003    1034   1
    597    78    1     965     985       0       0   1
    600    78    1       0    3908    1004       0   1
    601    78    1     952    3908    1005    1035   1
    606    78    1     966     986    1006    1036   1
    633    78    1     970     987    3942    3971   1
    672    78    1    3881    3914    1007    1039   1
    673    78    1    3881    3914    1008       0   1
    710    78    1     972     988    3950    3986   1
    711    78    1       0     989    3950    3986   1
    712    78    1     973     990    3951    1054   1
    713    78    1       0     991    3951    1055   1
    714    78    1       0     992    1009    1040   1
    757    78    1     974     993       0       0   1
    758    78    1    3889    3919    1010       0   1
    759    78    1    3889    3919    1011    1041   1
    762    78    1    3891    3921    1012       0   1
    763    78    1    3891    3921    1013       0   1
    764    78    1    6663    3922    1014       0   1
    765    78    1    6663    3922    1015    1042   1
    766    78    1    6663    3923    1016       0   1
    767    78    1    6663    3923    1017       0   1
    768    78    1    3892    3924    1018       0   1
    769    78    1    3892    3924    1019       0   1
    773    78    1     976     994       0       0   1
    776    78    1    6664    3927    1020       0   1
    777    78    1    6664    3927    1021    1043   1
    780    78    1    3896    3929    1022       0   1
    781    78    1    3896    3929    1023    1044   1
    782    78    1    3897    3930    1024       0   1
    783    78    1    3897    3930    1025    1045   1
    784    78    1     977     995    1026       0   1
    785    78    1       0     996    1027    1046   1
    786    78    1       0     997    3954    3989   1
    809    78    1     978     998    1028    1050   1
    556    79    1    3902     999    1029       0   1
    557    79    1    3902    1000       0       0   1
    558    79    1    3903    1001       0       0   1
    560    79    1       0       0    1030       0   1
    561    79    1       0       0    1031       0   1
    562    79    1       0       0    1032    3959   1
    563    79    1     980    1002    1033    3959   1
    596    79    1     984    1003    1034    1052   1
    600    79    1    3908    1004       0       0   1
    601    79    1    3908    1005    1035       0   1
    606    79    1     986    1006    1036    3970   1
    607    79    1       0       0    1037    3970   1
    631    79    1       0       0    1038    1053   1
    672    79    1    3914    1007    1039       0   1
    673    79    1    3914    1008       0       0   1
    714    79    1     992    1009    1040       0   1
    758    79    1    3919    1010       0       0   1
    759    79    1    3919    1011    1041       0   1
    762    79    1    3921    1012       0       0   1
    763    79    1    3921    1013       0       0   1
    764    79    1    3922    1014       0       0   1
    765    79    1    3922    1015    1042       0   1
    766    79    1    3923    1016       0       0   1
    767    79    1    3923    1017       0       0   1
    768    79    1    3924    1018       0       0   1
    769    79    1    3924    1019       0       0   1
    776    79    1    3927    1020       0       0   1
    777    79    1    3927    1021    1043       0   1
    780    79    1    3929    1022       0       0   1
    781    79    1    3929    1023    1044       0   1
    782    79    1    3930    1024       0       0   1
    783    79    1    3930    1025    1045       0   1
    784    79    1     995    1026       0       0   1
    785    79    1     996    1027    1046    3988   1
    788    79    1       0       0    1047    3990   1
    789    79    1       0       0    1048    3990   1
    808    79    1       0       0    1049       0   1
    809    79    1     998    1028    1050    1057   1
    555    80    1    3901    3933    1051       0   1
    556    80    1     999    1029       0       0   1
    560    80    1       0    1030       0       0   1
    561    80    1       0    1031       0       0   1
    562    80    1       0    1032    3959    1076   1
    563    80    1    1002    1033    3959    1077   1
    596    80    1    1003    1034    1052    1059   1
    601    80    1    1005    1035       0       0   1
    606    80    1    1006    1036    3970      -1   1
    607    80    1       0    1037    3970      -1   1
    631    80    1       0    1038    1053    1062   1
    672    80    1    1007    1039       0       0   1
    712    80    1     990    3951    1054       0   1
    713    80    1     991    3951    1055       0   1
    714    80    1    1009    1040       0       0   1
    735    80    1       0       0    1056    1068   1
    759    80    1    1011    1041       0       0   1
    765    80    1    1015    1042       0       0   1
    777    80    1    1021    1043       0       0   1
    781    80    1    1023    1044       0       0   1
    783    80    1    1025    1045       0       0   1
    785    80    1    1027    1046    3988    4020   1
    788    80    1       0    1047    3990    4022   1
    789    80    1       0    1048    3990    4022   1
    808    80    1       0    1049       0       0   1
    809    80    1    1028    1050    1057    1073   1
    555    81    1    3933    1051       0       0   1
    561    81    1       0       0    1058    1075   1
    596    81    1    1034    1052    1059    4000   1
    597    81    1       0       0    1060    4000   1
    601    81    1       0       0    1061       0   1
    631    81    1    1038    1053    1062    1083   1
    712    81    1    3951    1054       0       0   1
    713    81    1    3951    1055       0       0   1
    730    81    1       0       0    1063    4014   1
    731    81    1       0       0    1064    4014   1
    732    81    1       0       0    1065    4015   1
    733    81    1       0       0    1066    4015   1
    734    81    1       0       0    1067    4016   1
    735    81    1       0    1056    1068    4016   1
    738    81    1       0       0    1069    4018   1
    739    81    1       0       0    1070    4018   1
    783    81    1       0       0    1071    4019   1
    790    81    1       0       0    1072    4023   1
    809    81    1    1050    1057    1073    1093   1
    550    82    1    6667    3957    1074    1094   1
    561    82    1       0    1058    1075       0   1
    562    82    1    1032    3959    1076       0   1
    563    82    1    1033    3959    1077       0   1
    585    82    1    6671    3964    1078    1096   1
    596    82    1    1052    1059    4000    4035   1
    597    82    1       0    1060    4000    4035   1
    601    82    1       0    1061       0       0   1
    602    82    1    3940    3968    1079       0   1
    603    82    1    3940    3968    1080    1097   1
    604    82    1    3941    3969    1081       0   1
    605    82    1    3941    3969    1082    1098   1
    631    82    1    1053    1062    1083    1099   1
    666    82    1    6678    3976    1084    1100   1
    667    82    1    6678    3976    1085       0   1
    668    82    1    3944    3977    1086       0   1
    669    82    1    3944    3977    1087    1101   1
    670    82    1    3945    3978    1088       0   1
    708    82    1    3949    3985    1089       0   1
    709    82    1    3949    3985    1090    1103   1
    710    82    1    3950    3986    1091       0   1
    730    82    1       0    1063    4014    4054   1
    731    82    1       0    1064    4014    4054   1
    732    82    1       0    1065    4015    4055   1
    733    82    1       0    1066    4015    4055   1
    734    82    1       0    1067    4016    4056   1
    735    82    1    1056    1068    4016    4056   1
    738    82    1       0    1069    4018    4058   1
    739    82    1       0    1070    4018    4058   1
    740    82    1       0       0    1092    1104   1
    783    82    1       0    1071    4019    4061   1
    790    82    1       0    1072    4023    4063   1
    809    82    1    1057    1073    1093       0   1
    550    83    1    3957    1074    1094       0   1
    551    83    1       0       0    1095       0   1
    561    83    1    1058    1075       0       0   1
    562    83    1    3959    1076       0       0   1
    563    83    1    3959    1077       0       0   1
    585    83    1    3964    1078    1096    1108   1
    602    83    1    3968    1079       0       0   1
    603    83    1    3968    1080    1097       0   1
    604    83    1    3969    1081       0       0   1
    605    83    1    3969    1082    1098       0   1
    631    83    1    1062    1083    1099    1110   1
    666    83    1    3976    1084    1100       0   1
    667    83    1    3976    1085       0       0   1
    668    83    1    3977    1086       0       0   1
    669    83    1    3977    1087    1101       0   1
    670    83    1    3978    1088       0       0   1
    695    83    1       0       0    1102       0   1
    708    83    1    3985    1089       0       0   1
    709    83    1    3985    1090    1103       0   1
    710    83    1    3986    1091       0       0   1
    740    83    1       0    1092    1104    4059   1
    741    83    1       0       0    1105    4059   1
    809    83    1    1073    1093       0       0   1
    550    84    1    1074    1094       0       0   1
    551    84    1       0    1095       0       0   1
    559    84    1       0       0    1106    1121   1
    565    84    1    3960    3993    1107    1123   1
    585    84    1    1078    1096    1108    1125   1
    598    84    1      -1    4001    1109    1126   1
    603    84    1    1080    1097       0       0   1
    605    84    1    1082    1098       0       0   1
    631    84    1    1083    1099    1110       0   1
    662    84    1    3974    4005    1111    1127   1
    663    84    1    3974    4005    1112       0   1
    664    84    1    3975    4006    1113       0   1
    665    84    1    3975    4006    1114       0   1
    666    84    1    1084    1100       0       0   1
    669    84    1    1087    1101       0       0   1
    695    84    1       0    1102       0       0   1
    704    84    1    3983    4011    1115       0   1
    705    84    1    3983    4011    1116    1128   1
    706    84    1    3984    4012    1117       0   1
    707    84    1    3984    4012    1118    1129   1
    709    84    1    1090    1103       0       0   1
    740    84    1    1092    1104    4059    4098   1
    741    84    1       0    1105    4059    4098   1
    779    84    1       0       0    1119    1132   1
    781    84    1       0       0    1120    1134   1
    559    85    1       0    1106    1121    4069   1
    564    85    1       0       0    1122    4070   1
    565    85    1    3993    1107    1123    4070   1
    584    85    1       0       0    1124    4075   1
    585    85    1    1096    1108    1125    4075   1
    598    85    1    4001    1109    1126    1139   1
    631    85    1    1099    1110       0       0   1
    662    85    1    4005    1111    1127    1143   1
    663    85    1    4005    1112       0       0   1
    664    85    1    4006    1113       0       0   1
    665    85    1    4006    1114       0       0   1
    704    85    1    4011    1115       0       0   1
    705    85    1    4011    1116    1128       0   1
    706    85    1    4012    1117       0       0   1
    707    85    1    4012    1118    1129       0   1
    777    85    1       0       0    1130    4099   1
    778    85    1       0       0    1131    4100   1
    779    85    1       0    1119    1132    4100   1
    780    85    1       0       0    1133    4101   1
    781    85    1       0    1120    1134    4101   1
    548    86    1    3992    4027    1135    1150   1
    559    86    1    1106    1121    4069    4113   1
    560    86    1       0       0    1136    1151   1
    563    86    1       0       0    1137    1154   1
    564    86    1       0    1122    4070    4116   1
    565    86    1    1107    1123    4070    4116   1
    584    86    1       0    1124    4075      -1   1
    585    86    1    1108    1125    4075      -1   1
    586    86    1    3997    4032    1138       0   1
    598    86    1    1109    1126    1139    1155   1
    633    86    1    4002    4036    1140    1156   1
    660    86    1    4004    4048    1141       0   1
    661    86    1    4004    4048    1142    1157   1
    662    86    1    1111    1127    1143       0   1
    695    86    1       0       0    1144    1159   1
    702    86    1    4010    4052    1145    1160   1
    705    86    1    1116    1128       0       0   1
    707    86    1    1118    1129       0       0   1
    728    86    1    4013    4053    1146       0   1
    729    86    1    4013    4053    1147    1161   1
    742    86    1      -1    4060    1148    1162   1
    774    86    1       0       0    1149    1165   1
    777    86    1       0    1130    4099    4143   1
    778    86    1       0    1131    4100    4144   1
    779    86    1    1119    1132    4100    4144   1
    780    86    1       0    1133    4101    6707   1
    781    86    1    1120    1134    4101    6707   1
    548    87    1    4027    1135    1150    4109   1
    560    87    1       0    1136    1151    4114   1
    561    87    1       0       0    1152    4114   1
    562    87    1       0       0    1153    4115   1
    563    87    1       0    1137    1154    4115   1
    586    87    1    4032    1138       0       0   1
    598    87    1    1126    1139    1155    1171   1
    633    87    1    4036    1140    1156       0   1
    660    87    1    4048    1141       0       0   1
    661    87    1    4048    1142    1157       0   1
    662    87    1    1127    1143       0       0   1
    694    87    1       0       0    1158    4133   1
    695    87    1       0    1144    1159    4133   1
    702    87    1    4052    1145    1160    1178   1
    728    87    1    4053    1146       0       0   1
    729    87    1    4053    1147    1161    1179   1
    742    87    1    4060    1148    1162       0   1
    772    87    1       0       0    1163    4142   1
    773    87    1       0       0    1164    4142   1
    774    87    1       0    1149    1165       0   1
    775    87    1       0       0    1166       0   1
    547    88    1    4026    4066    1167       0   1
    548    88    1    1135    1150    4109    4150   1
    551    88    1       0       0    1168    1184   1
    560    88    1    1136    1151    4114    4156   1
    561    88    1       0    1152    4114    4156   1
    562    88    1       0    1153    4115    4157   1
    563    88    1    1137    1154    4115    4157   1
    580    88    1    4031    4074    1169    1185   1
    581    88    1    4031    4074    1170       0   1
    598    88    1    1139    1155    1171    1187   1
    633    88    1    1140    1156       0       0   1
    637    88    1    4038    4080    1172       0   1
    638    88    1    4039    4081    1173       0   1
    639    88    1    4039    4081    1174    1188   1
    650    88    1    4043    4085    1175    1189   1
    651    88    1    4043    4085    1176       0   1
    661    88    1    1142    1157       0       0   1
    693    88    1       0       0    1177    1190   1
    694    88    1       0    1158    4133    4168   1
    695    88    1    1144    1159    4133    4168   1
    702    88    1    1145    1160    1178       0   1
    729    88    1    1147    1161    1179       0   1
    730    88    1    4054    4093    1180       0   1
    731    88    1    4054    4093    1181    1191   1
    742    88    1    1148    1162       0       0   1
    771    88    1       0       0    1182    1193   1
    772    88    1       0    1163    4142    1212   1
    773    88    1       0    1164    4142    1213   1
    774    88    1    1149    1165       0       0   1
    775    88    1       0    1166       0       0   1
    547    89    1    4066    1167       0       0   1
    550    89    1       0       0    1183    4151   1
    551    89    1       0    1168    1184    4151   1
    580    89    1    4074    1169    1185    4162   1
    581    89    1    4074    1170       0       0   1
    587    89    1       0       0    1186    1196   1
    598    89    1    1155    1171    1187       0   1
    637    89    1    4080    1172       0       0   1
    638    89    1    4081    1173       0       0   1
    639    89    1    4081    1174    1188       0   1
    650    89    1    4085    1175    1189       0   1
    651    89    1    4085    1176       0       0   1
    693    89    1       0    1177    1190    4167   1
    702    89    1    1160    1178       0       0   1
    729    89    1    1161    1179       0       0   1
    730    89    1    4093    1180       0       0   1
    731    89    1    4093    1181    1191    1206   1
    770    89    1       0       0    1192    4175   1
    771    89    1       0    1182    1193    4175   1
    809    89    1       0       0    1194    1216   1
    544    90    1    4065    4108    1195    1217   1
    550    90    1       0    1183    4151    4186   1
    551    90    1    1168    1184    4151    4186   1
    580    90    1    1169    1185    4162    4189   1
    587    90    1       0    1186    1196    1221   1
    594    90    1    6700    4123    1197       0   1
    595    90    1    6700    4123    1198       0   1
    596    90    1    4078    4124    1199       0   1
    597    90    1    4078    4124    1200       0   1
    598    90    1    1171    1187       0       0   1
    639    90    1    1174    1188       0       0   1
    642    90    1    4083    4126    1201       0   1
    643    90    1    4083    4126    1202       0   1
    644    90    1    6701    4127    1203       0   1
    645    90    1    6701    4127    1204    1222   1
    648    90    1    4084    4129    1205    1223   1
    650    90    1    1175    1189       0       0   1
    693    90    1    1177    1190    4167      -1   1
    731    90    1    1181    1191    1206    1230   1
    740    90    1    4098    4141    1207    1231   1
    760    90    1       0       0    1208       0   1
    761    90    1       0       0    1209       0   1
    763    90    1       0       0    1210       0   1
    769    90    1       0       0    1211    1233   1
    770    90    1       0    1192    4175    4198   1
    771    90    1    1182    1193    4175    4198   1
    772    90    1    1163    4142    1212    1234   1
    773    90    1    1164    4142    1213       0   1
    775    90    1       0       0    1214    1235   1
    807    90    1       0       0    1215    1238   1
    809    90    1       0    1194    1216    1240   1
    544    91    1    4108    1195    1217    4183   1
    545    91    1       0       0    1218    4183   1
    546    91    1       0       0    1219    4184   1
    547    91    1       0       0    1220    4184   1
    587    91    1    1186    1196    1221       0   1
    594    91    1    4123    1197       0       0   1
    595    91    1    4123    1198       0       0   1
    596    91    1    4124    1199       0       0   1
    597    91    1    4124    1200       0       0   1
    642    91    1    4126    1201       0       0   1
    643    91    1    4126    1202       0       0   1
    644    91    1    4127    1203       0       0   1
    645    91    1    4127    1204    1222       0   1
    648    91    1    4129    1205    1223    1242   1
    652    91    1       0       0    1224    1243   1
    676    91    1       0       0    1225    1245   1
    677    91    1       0       0    1226    1246   1
    678    91    1       0       0    1227    1247   1
    691    91    1       0       0    1228       0   1
    730    91    1       0       0    1229    4192   1
    731    91    1    1191    1206    1230    4192   1
    740    91    1    4141    1207    1231    1250   1
    741    91    1       0       0    1232       0   1
    760    91    1       0    1208       0       0   1
    761    91    1       0    1209       0       0   1
    763    91    1       0    1210       0       0   1
    769    91    1       0    1211    1233    4197   1
    772    91    1    4142    1212    1234    1255   1
    773    91    1    4142    1213       0       0   1
    775    91    1       0    1214    1235    1256   1
    792    91    1       0       0    1236    1259   1
    806    91    1       0       0    1237    4204   1
    807    91    1       0    1215    1238    4204   1
    808    91    1       0       0    1239    4205   1
    809    91    1    1194    1216    1240    4205   1
    544    92    1    1195    1217    4183    4209   1
    545    92    1       0    1218    4183    4209   1
    546    92    1       0    1219    4184    4210   1
    547    92    1       0    1220    4184    4210   1
    587    92    1    1196    1221       0       0   1
    645    92    1    1204    1222       0       0   1
    647    92    1    4128    4166    1241    1260   1
    648    92    1    1205    1223    1242    1261   1
    652    92    1       0    1224    1243       0   1
    671    92    1       0       0    1244    1266   1
    676    92    1       0    1225    1245    1267   1
    677    92    1       0    1226    1246       0   1
    678    92    1       0    1227    1247       0   1
    690    92    1       0       0    1248       0   1
    691    92    1       0    1228       0       0   1
    697    92    1    4134    4169    1249       0   1
    730    92    1       0    1229    4192    4219   1
    731    92    1    1206    1230    4192    4219   1
    740    92    1    1207    1231    1250       0   1
    741    92    1       0    1232       0       0   1
    750    92    1       0       0    1251    1268   1
    756    92    1       0       0    1252    1270   1
    765    92    1      -1    4174    1253       0   1
    766    92    1       0       0    1254    1272   1
    769    92    1    1211    1233    4197    4225   1
    772    92    1    1212    1234    1255    1274   1
    775    92    1    1214    1235    1256    1275   1
    776    92    1    4143    4176    1257       0   1
    777    92    1    4143    4176    1258    1276   1
    792    92    1       0    1236    1259       0   1
    806    92    1       0    1237    4204    4232   1
    807    92    1    1215    1238    4204    4232   1
    808    92    1       0    1239    4205    4233   1
    809    92    1    1216    1240    4205    4233   1
    647    93    1    4166    1241    1260       0   1
    648    93    1    1223    1242    1261       0   1
    649    93    1       0       0    1262       0   1
    652    93    1    1224    1243       0       0   1
    668    93    1       0       0    1263    4216   1
    669    93    1       0       0    1264    4216   1
    670    93    1       0       0    1265    4217   1
    671    93    1       0    1244    1266    4217   1
    676    93    1    1225    1245    1267       0   1
    677    93    1    1226    1246       0       0   1
    678    93    1    1227    1247       0       0   1
    690    93    1       0    1248       0       0   1
    697    93    1    4169    1249       0       0   1
    740    93    1    1231    1250       0       0   1
    750    93    1       0    1251    1268    1283   1
    754    93    1       0       0    1269    1285   1
    756    93    1       0    1252    1270    1286   1
    757    93    1       0       0    1271       0   1
    765    93    1    4174    1253       0       0   1
    766    93    1       0    1254    1272    4224   1
    767    93    1       0       0    1273    4224   1
    772    93    1    1234    1255    1274    1288   1
    775    93    1    1235    1256    1275       0   1
    776    93    1    4176    1257       0       0   1
    777    93    1    4176    1258    1276    1289   1
    792    93    1    1236    1259       0       0   1
    803    93    1       0       0    1277       0   1
    580    94    1    4162    4189    1278    1290   1
    647    94    1    1241    1260       0       0   1
    648    94    1    1242    1261       0       0   1
    649    94    1       0    1262       0       0   1
    665    94    1       0       0    1279    1293   1
    668    94    1       0    1263    4216    4240   1
    669    94    1       0    1264    4216    4240   1
    670    94    1       0    1265    4217    4241   1
    671    94    1    1244    1266    4217    4241   1
    674    94    1      -1    4191    1280    1294   1
    675    94    1      -1    4191    1281       0   1
    676    94    1    1245    1267       0       0   1
    681    94    1       0       0    1282    1297   1
    750    94    1    1251    1268    1283    1298   1
    753    94    1       0       0    1284    1301   1
    754    94    1       0    1269    1285    1302   1
    756    94    1    1252    1270    1286    1303   1
    757    94    1       0    1271       0       0   1
    765    94    1       0       0    1287    1305   1
    766    94    1    1254    1272    4224    4257   1
    767    94    1       0    1273    4224    4257   1
    772    94    1    1255    1274    1288    1306   1
    775    94    1    1256    1275       0       0   1
    777    94    1    1258    1276    1289    1311   1
    803    94    1       0    1277       0       0   1
    580    95    1    4189    1278    1290    1315   1
    581    95    1       0       0    1291    1316   1
    664    95    1       0       0    1292    4238   1
    665    95    1       0    1279    1293    4238   1
    674    95    1    4191    1280    1294       0   1
    675    95    1    4191    1281       0       0   1
    679    95    1       0       0    1295    4242   1
    680    95    1       0       0    1296    4243   1
    681    95    1       0    1282    1297    4243   1
    750    95    1    1268    1283    1298    4249   1
    751    95    1       0       0    1299    4249   1
    752    95    1       0       0    1300    4250   1
    753    95    1       0    1284    1301    4250   1
    754    95    1    1269    1285    1302    4251   1
    756    95    1    1270    1286    1303    4252   1
    764    95    1       0       0    1304    4256   1
    765    95    1       0    1287    1305    4256   1
    772    95    1    1274    1288    1306    4260   1
    773    95    1       0       0    1307    4260   1
    774    95    1       0       0    1308    4261   1
    775    95    1       0       0    1309    4261   1
    776    95    1       0       0    1310    4262   1
    777    95    1    1276    1289    1311    4262   1
    802    95    1       0       0    1312    4266   1
    804    95    1       0       0    1313    4267   1
    805    95    1       0       0    1314    4267   1
    580    96    1    1278    1290    1315    1326   1
    581    96    1       0    1291    1316       0   1
    661    96    1       0       0    1317    1329   1
    664    96    1       0    1292    4238    4274   1
    665    96    1    1279    1293    4238    4274   1
    672    96    1    4190    4218    1318       0   1
    673    96    1    4190    4218    1319       0   1
    674    96    1    1280    1294       0       0   1
    677    96    1       0       0    1320    1331   1
    679    96    1       0    1295    4242    4278   1
    680    96    1       0    1296    4243    1340   1
    681    96    1    1282    1297    4243       0   1
    749    96    1       0       0    1321    1334   1
    750    96    1    1283    1298    4249    4283   1
    751    96    1       0    1299    4249    4283   1
    752    96    1       0    1300    4250    4284   1
    753    96    1    1284    1301    4250    4284   1
    754    96    1    1285    1302    4251    4285   1
    756    96    1    1286    1303    4252    4286   1
    764    96    1       0    1304    4256    4290   1
    765    96    1    1287    1305    4256    4290   1
    772    96    1    1288    1306    4260    4294   1
    773    96    1       0    1307    4260    4294   1
    774    96    1       0    1308    4261    4295   1
    775    96    1       0    1309    4261    4295   1
    776    96    1       0    1310    4262    4296   1
    777    96    1    1289    1311    4262    4296   1
    786    96    1    4201    4229    1322       0   1
    787    96    1    4201    4229    1323    1335   1
    788    96    1    4202    4230    1324       0   1
    789    96    1    4202    4230    1325    1336   1
    802    96    1       0    1312    4266    4300   1
    804    96    1       0    1313    4267    4301   1
    805    96    1       0    1314    4267    4301   1
    580    97    1    1290    1315    1326    1338   1
    581    97    1    1291    1316       0       0   1
    659    97    1       0       0    1327    4271   1
    660    97    1       0       0    1328    4272   1
    661    97    1       0    1317    1329    4272   1
    672    97    1    4218    1318       0       0   1
    673    97    1    4218    1319       0       0   1
    676    97    1       0       0    1330    4277   1
    677    97    1       0    1320    1331    4277   1
    727    97    1       0       0    1332    1341   1
    738    97    1       0       0    1333       0   1
    749    97    1       0    1321    1334    4282   1
    786    97    1    4229    1322       0       0   1
    787    97    1    4229    1323    1335       0   1
    788    97    1    4230    1324       0       0   1
    789    97    1    4230    1325    1336    1343   1
    801    97    1       0       0    1337    1344   1
    580    98    1    1315    1326    1338    1345   1
    659    98    1       0    1327    4271    4306   1
    660    98    1       0    1328    4272    4307   1
    661    98    1    1317    1329    4272    4307   1
    670    98    1    4217    4241    1339       0   1
    676    98    1       0    1330    4277    4311   1
    677    98    1    1320    1331    4277    4311   1
    680    98    1    1296    4243    1340       0   1
    727    98    1       0    1332    1341    1349   1
    736    98    1    4222    4248    1342    1352   1
    738    98    1       0    1333       0       0   1
    749    98    1    1321    1334    4282    4318   1
    787    98    1    1323    1335       0       0   1
    789    98    1    1325    1336    1343    1362   1
    801    98    1       0    1337    1344    1364   1
    580    99    1    1326    1338    1345    1365   1
    581    99    1       0       0    1346    1366   1
    670    99    1    4241    1339       0       0   1
    675    99    1       0       0    1347    4310   1
    680    99    1    4243    1340       0       0   1
    726    99    1       0       0    1348       0   1
    727    99    1    1332    1341    1349    1370   1
    730    99    1       0       0    1350    1371   1
    731    99    1       0       0    1351    1372   1
    736    99    1    4248    1342    1352    4315   1
    737    99    1       0       0    1353    4315   1
    738    99    1       0       0    1354    4316   1
    739    99    1       0       0    1355    4316   1
    740    99    1       0       0    1356       0   1
    746    99    1       0       0    1357    4317   1
    747    99    1       0       0    1358    4317   1
    786    99    1       0       0    1359    4321   1
    787    99    1       0       0    1360    4321   1
    788    99    1       0       0    1361    4322   1
    789    99    1    1336    1343    1362    4322   1
    800    99    1       0       0    1363    4324   1
    801    99    1    1337    1344    1364    4324   1
    580   100    1    1338    1345    1365    1377   1
    581   100    1       0    1346    1366       0   1
    666   100    1    4239    4275    1367    1379   1
    667   100    1    4239    4275    1368       0   1
    675   100    1       0    1347    4310    4334   1
    678   100    1    4242    4278    1369       0   1
    726   100    1       0    1348       0       0   1
    727   100    1    1341    1349    1370    1381   1
    730   100    1       0    1350    1371       0   1
    731   100    1       0    1351    1372       0   1
    736   100    1    1342    1352    4315    4338   1
    737   100    1       0    1353    4315    4338   1
    738   100    1       0    1354    4316    4339   1
    739   100    1       0    1355    4316    4339   1
    740   100    1       0    1356       0       0   1
    742   100    1       0       0    1373    1384   1
    746   100    1       0    1357    4317    4341   1
    747   100    1       0    1358    4317    4341   1
    786   100    1       0    1359    4321    4345   1
    787   100    1       0    1360    4321    4345   1
    788   100    1       0    1361    4322    4346   1
    789   100    1    1343    1362    4322    4346   1
    793   100    1       0       0    1374    1387   1
    794   100    1       0       0    1375    1388   1
    799   100    1       0       0    1376    1390   1
    800   100    1       0    1363    4324    4351   1
    801   100    1    1344    1364    4324    4351   1
    580   101    1    1345    1365    1377    1391   1
    581   101    1    1346    1366       0       0   1
    655   101    1       0       0    1378    4328   1
    666   101    1    4275    1367    1379       0   1
    667   101    1    4275    1368       0       0   1
    673   101    1       0       0    1380    4333   1
    678   101    1    4278    1369       0       0   1
    727   101    1    1349    1370    1381    1393   1
    730   101    1    1350    1371       0       0   1
    731   101    1    1351    1372       0       0   1
    740   101    1       0       0    1382    4340   1
    741   101    1       0       0    1383    4340   1
    742   101    1       0    1373    1384    1395   1
    743   101    1       0       0    1385       0   1
    792   101    1       0       0    1386    4348   1
    793   101    1       0    1374    1387    4348   1
    794   101    1       0    1375    1388    4349   1
    798   101    1       0       0    1389    4350   1
    799   101    1       0    1376    1390    4350   1
    580   102    1    1365    1377    1391       0   1
    655   102    1       0    1378    4328    4355   1
    664   102    1    4274    4309    1392       0   1
    666   102    1    1367    1379       0       0   1
    673   102    1       0    1380    4333    4359   1
    727   102    1    1370    1381    1393       0   1
    729   102    1    4279    4312    1394    1405   1
    740   102    1       0    1382    4340    4362   1
    741   102    1       0    1383    4340    4362   1
    742   102    1    1373    1384    1395       0   1
    743   102    1       0    1385       0       0   1
    792   102    1       0    1386    4348    4365   1
    793   102    1    1374    1387    4348    4365   1
    794   102    1    1375    1388    4349    4366   1
    797   102    1       0       0    1396    1409   1
    798   102    1       0    1389    4350    4368   1
    799   102    1    1376    1390    4350    4368   1
    580   103    1    1377    1391       0       0   1
    652   103    1       0       0    1397    4354   1
    653   103    1       0       0    1398    4354   1
    664   103    1    4309    1392       0       0   1
    670   103    1       0       0    1399    4358   1
    671   103    1       0       0    1400    4358   1
    683   103    1       0       0    1401    1416   1
    684   103    1       0       0    1402    1417   1
    725   103    1       0       0    1403    4360   1
    726   103    1       0       0    1404    1418   1
    727   103    1    1381    1393       0       0   1
    729   103    1    4312    1394    1405    1419   1
    742   103    1    1384    1395       0       0   1
    744   103    1       0       0    1406    4363   1
    745   103    1       0       0    1407    4363   1
    796   103    1       0       0    1408    4367   1
    797   103    1       0    1396    1409    4367   1
    578   104    1    4304    4327    1410    1421   1
    651   104    1       0       0    1411    1424   1
    652   104    1       0    1397    4354    4371   1
    653   104    1       0    1398    4354    4371   1
    660   104    1    4307    4331    1412    1425   1
    661   104    1    4307    4331    1413       0   1
    669   104    1       0       0    1414    1428   1
    670   104    1       0    1399    4358    4377   1
    671   104    1       0    1400    4358    4377   1
    681   104    1       0       0    1415    1430   1
    683   104    1       0    1401    1416    1432   1
    684   104    1       0    1402    1417    1433   1
    725   104    1       0    1403    4360    4381   1
    726   104    1       0    1404    1418    1435   1
    729   104    1    1394    1405    1419    1438   1
    743   104    1       0       0    1420    1440   1
    744   104    1       0    1406    4363    4387   1
    745   104    1       0    1407    4363    4387   1
    796   104    1       0    1408    4367    4391   1
    797   104    1    1396    1409    4367    4391   1
    578   105    1    4327    1410    1421    1441   1
    579   105    1       0       0    1422       0   1
    650   105    1       0       0    1423    4370   1
    651   105    1       0    1411    1424    4370   1
    660   105    1    4331    1412    1425       0   1
    661   105    1    4331    1413       0       0   1
    667   105    1       0       0    1426    4375   1
    668   105    1       0       0    1427    4376   1
    669   105    1       0    1414    1428    4376   1
    675   105    1       0       0    1429       0   1
    681   105    1       0    1415    1430    1444   1
    682   105    1       0       0    1431    4379   1
    683   105    1    1401    1416    1432    4379   1
    684   105    1    1402    1417    1433       0   1
    723   105    1       0       0    1434    4380   1
    726   105    1    1404    1418    1435    4382   1
    727   105    1       0       0    1436    4382   1
    728   105    1       0       0    1437    4383   1
    729   105    1    1405    1419    1438    4383   1
    742   105    1       0       0    1439    4386   1
    743   105    1       0    1420    1440    4386   1
    578   106    1    1410    1421    1441    1445   1
    579   106    1       0    1422       0       0   1
    649   106    1       0       0    1442    1447   1
    650   106    1       0    1423    4370    4394   1
    651   106    1    1411    1424    4370    4394   1
    660   106    1    1412    1425       0       0   1
    667   106    1       0    1426    4375    4399   1
    668   106    1       0    1427    4376    6764   1
    669   106    1    1414    1428    4376    6764   1
    674   106    1       0       0    1443    1449   1
    675   106    1       0    1429       0       0   1
    681   106    1    1415    1430    1444    1452   1
    682   106    1       0    1431    4379    4403   1
    683   106    1    1416    1432    4379    4403   1
    684   106    1    1417    1433       0       0   1
    723   106    1       0    1434    4380    4405   1
    726   106    1    1418    1435    4382    6765   1
    727   106    1       0    1436    4382    6765   1
    728   106    1       0    1437    4383    6766   1
    729   106    1    1419    1438    4383    6766   1
    742   106    1       0    1439    4386    6769   1
    743   106    1    1420    1440    4386    6769   1
    578   107    1    1421    1441    1445    1454   1
    579   107    1       0       0    1446       0   1
    649   107    1       0    1442    1447       0   1
    665   107    1       0       0    1448    4398   1
    674   107    1       0    1443    1449    4401   1
    675   107    1       0       0    1450    4401   1
    676   107    1       0       0    1451    4402   1
    681   107    1    1430    1444    1452    1458   1
    721   107    1       0       0    1453    4404   1
    578   108    1    1441    1445    1454    1459   1
    579   108    1       0    1446       0       0   1
    649   108    1    1442    1447       0       0   1
    658   108    1    4357    4374    1455    1460   1
    663   108    1       0       0    1456    1463   1
    665   108    1       0    1448    4398    4414   1
    674   108    1    1443    1449    4401    4417   1
    675   108    1       0    1450    4401    4417   1
    676   108    1       0    1451    4402    4418   1
    678   108    1       0       0    1457    1464   1
    681   108    1    1444    1452    1458    1465   1
    721   108    1       0    1453    4404    4422   1
    578   109    1    1445    1454    1459    4407   1
    658   109    1    4374    1455    1460    4412   1
    659   109    1       0       0    1461    4412   1
    662   109    1       0       0    1462    4413   1
    663   109    1       0    1456    1463    4413   1
    678   109    1       0    1457    1464    1468   1
    681   109    1    1452    1458    1465    1469   1
    684   109    1       0       0    1466    4420   1
    578   110    1    1454    1459    4407    4425   1
    658   110    1    1455    1460    4412    4428   1
    659   110    1       0    1461    4412    4428   1
    661   110    1       0       0    1467    1472   1
    662   110    1       0    1462    4413    4430   1
    663   110    1    1456    1463    4413    4430   1
    678   110    1    1457    1464    1468    1473   1
    681   110    1    1458    1465    1469    1475   1
    684   110    1       0    1466    4420    4435   1
    580   111    1       0       0    1470    1477   1
    660   111    1       0       0    1471    4429   1
    661   111    1       0    1467    1472    4429   1
    678   111    1    1464    1468    1473    4432   1
    679   111    1       0       0    1474    4432   1
    681   111    1    1465    1469    1475    4433   1
    717   111    1       0       0    1476    1482   1
    580   112    1       0    1470    1477    1483   1
    649   112    1       0       0    1478    1486   1
    652   112    1    4395    4409    1479    1487   1
    655   112    1    4396    4410    1480    1488   1
    660   112    1       0    1471    4429    4445   1
    661   112    1    1467    1472    4429    4445   1
    678   112    1    1468    1473    4432    4448   1
    679   112    1       0    1474    4432    4448   1
    681   112    1    1469    1475    4433    4449   1
    686   112    1       0       0    1481    1489   1
    717   112    1       0    1476    1482    1492   1
    580   113    1    1470    1477    1483    4439   1
    581   113    1       0       0    1484    4439   1
    582   113    1       0       0    1485    4440   1
    649   113    1       0    1478    1486    1494   1
    652   113    1    4409    1479    1487    1495   1
    655   113    1    4410    1480    1488       0   1
    686   113    1       0    1481    1489    4452   1
    713   113    1       0       0    1490    4453   1
    716   113    1       0       0    1491    4455   1
    717   113    1    1476    1482    1492    4455   1
    580   114    1    1477    1483    4439    4463   1
    581   114    1       0    1484    4439    4463   1
    582   114    1       0    1485    4440    4464   1
    586   114    1       0       0    1493    1498   1
    649   114    1    1478    1486    1494    1500   1
    652   114    1    1479    1487    1495    1501   1
    655   114    1    1480    1488       0       0   1
    686   114    1    1481    1489    4452    4479   1
    688   114    1       0       0    1496    1505   1
    701   114    1       0       0    1497    1507   1
    713   114    1       0    1490    4453    4485   1
    716   114    1       0    1491    4455    4487   1
    717   114    1    1482    1492    4455    4487   1
    586   115    1       0    1493    1498    4466   1
    587   115    1       0       0    1499    4466   1
    649   115    1    1486    1494    1500    4468   1
    652   115    1    1487    1495    1501    4470   1
    653   115    1       0       0    1502    4470   1
    654   115    1       0       0    1503    4471   1
    655   115    1       0       0    1504    4471   1
    688   115    1       0    1496    1505    4480   1
    689   115    1       0       0    1506    4480   1
    701   115    1       0    1497    1507    4482   1
    586   116    1    1493    1498    4466    4500   1
    587   116    1       0    1499    4466    4500   1
    649   116    1    1494    1500    4468    4503   1
    652   116    1    1495    1501    4470    4505   1
    653   116    1       0    1502    4470    4505   1
    654   116    1       0    1503    4471    4506   1
    655   116    1       0    1504    4471    4506   1
    688   116    1    1496    1505    4480    4515   1
    689   116    1       0    1506    4480    4515   1
    701   116    1    1497    1507    4482    4521   1
    708   116    1       0       0    1508    1522   1
    590   117    1       0       0    1509    4502   1
    647   117    1       0       0    1510    1527   1
    692   117    1       0       0    1511    4517   1
    693   117    1       0       0    1512    4517   1
    694   117    1       0       0    1513    4518   1
    696   117    1       0       0    1514    4519   1
    697   117    1       0       0    1515    4519   1
    698   117    1       0       0    1516    4520   1
    699   117    1       0       0    1517    4520   1
    704   117    1       0       0    1518    4523   1
    705   117    1       0       0    1519    4523   1
    706   117    1       0       0    1520    4524   1
    707   117    1       0       0    1521    4524   1
    708   117    1       0    1508    1522    4525   1
    709   117    1       0       0    1523    4525   1
    578   118    1    4438    4462    1524       0   1
    579   118    1    4438    4462    1525       0   1
    580   118    1    4439    4463    1526       0   1
    590   118    1       0    1509    4502    4540   1
    647   118    1       0    1510    1527    1535   1
    692   118    1       0    1511    4517    6811   1
    693   118    1       0    1512    4517    6811   1
    694   118    1       0    1513    4518    6811   1
    696   118    1       0    1514    4519    6812   1
    697   118    1       0    1515    4519    6812   1
    698   118    1       0    1516    4520    6812   1
    699   118    1       0    1517    4520    6812   1
    704   118    1       0    1518    4523    6814   1
    705   118    1       0    1519    4523    6814   1
    706   118    1       0    1520    4524    6814   1
    707   118    1       0    1521    4524    6814   1
    708   118    1    1508    1522    4525    4548   1
    709   118    1       0    1523    4525    4548   1
    712   118    1    4453    4485    1528    1536   1
    713   118    1    4453    4485    1529       0   1
    720   118    1    6789    4489    1530    1537   1
    723   118    1    6789    4490    1531    1540   1
    578   119    1    4462    1524       0       0   1
    579   119    1    4462    1525       0       0   1
    580   119    1    4463    1526       0       0   1
    581   119    1       0       0    1532    4537   1
    592   119    1       0       0    1533    4541   1
    646   119    1       0       0    1534    4542   1
    647   119    1    1510    1527    1535    4542   1
    712   119    1    4485    1528    1536       0   1
    713   119    1    4485    1529       0       0   1
    720   119    1    4489    1530    1537    1550   1
    721   119    1       0       0    1538    1551   1
    722   119    1       0       0    1539       0   1
    723   119    1    4490    1531    1540    1552   1
    572   120    1    4459    4495    1541       0   1
    573   120    1    4459    4495    1542       0   1
    574   120    1    4460    4496    1543       0   1
    575   120    1    4460    4496    1544    1553   1
    576   120    1    4461    4497    1545       0   1
    577   120    1    4461    4497    1546    1554   1
    581   120    1       0    1532    4537    4558   1
    592   120    1       0    1533    4541    4562   1
    594   120    1       0       0    1547    1555   1
    645   120    1       0       0    1548    1557   1
    646   120    1       0    1534    4542    4565   1
    647   120    1    1527    1535    4542    4565   1
    667   120    1    4475    4510    1549    1558   1
    712   120    1    1528    1536       0       0   1
    720   120    1    1530    1537    1550       0   1
    721   120    1       0    1538    1551       0   1
    722   120    1       0    1539       0       0   1
    723   120    1    1531    1540    1552    1560   1
    572   121    1    4495    1541       0       0   1
    573   121    1    4495    1542       0       0   1
    574   121    1    4496    1543       0       0   1
    575   121    1    4496    1544    1553       0   1
    576   121    1    4497    1545       0       0   1
    577   121    1    4497    1546    1554       0   1
    594   121    1       0    1547    1555    4563   1
    644   121    1       0       0    1556    4564   1
    645   121    1       0    1548    1557    4564   1
    667   121    1    4510    1549    1558    1563   1
    713   121    1       0       0    1559    4573   1
    720   121    1    1537    1550       0       0   1
    721   121    1    1538    1551       0       0   1
    723   121    1    1540    1552    1560       0   1
    570   122    1    4494    4535    1561       0   1
    571   122    1    4494    4535    1562       0   1
    575   122    1    1544    1553       0       0   1
    577   122    1    1546    1554       0       0   1
    594   122    1    1547    1555    4563    4580   1
    644   122    1       0    1556    4564    4581   1
    645   122    1    1548    1557    4564    4581   1
    667   122    1    1549    1558    1563    1569   1
    713   122    1       0    1559    4573    4587   1
    718   122    1    4529    4552    1564       0   1
    719   122    1    4529    4552    1565       0   1
    722   122    1       0       0    1566       0   1
    723   122    1    1552    1560       0       0   1
    570   123    1    4535    1561       0       0   1
    571   123    1    4535    1562       0       0   1
    596   123    1       0       0    1567    1576   1
    666   123    1       0       0    1568    4584   1
    667   123    1    1558    1563    1569    4584   1
    718   123    1    4552    1564       0       0   1
    719   123    1    4552    1565       0       0   1
    721   123    1       0       0    1570       0   1
    722   123    1       0    1566       0       0   1
    723   123    1       0       0    1571    4589   1
    724   123    1       0       0    1572    4590   1
    725   123    1       0       0    1573    4590   1
    566   124    1    4533    4556    1574    1583   1
    581   124    1    4537    4558    1575    1584   1
    596   124    1       0    1567    1576    1585   1
    598   124    1       0       0    1577       0   1
    599   124    1       0       0    1578       0   1
    600   124    1       0       0    1579    1587   1
    666   124    1       0    1568    4584    4601   1
    667   124    1    1563    1569    4584    4601   1
    714   124    1    4550    4574    1580       0   1
    715   124    1    4550    4574    1581    1591   1
    718   124    1       0       0    1582    1592   1
    721   124    1       0    1570       0       0   1
    723   124    1       0    1571    4589    4607   1
    724   124    1       0    1572    4590    4608   1
    725   124    1       0    1573    4590    4608   1
    566   125    1    4556    1574    1583    1594   1
    581   125    1    4558    1575    1584    1595   1
    596   125    1    1567    1576    1585    4596   1
    597   125    1       0       0    1586    4596   1
    598   125    1       0    1577       0       0   1
    599   125    1       0    1578       0       0   1
    600   125    1       0    1579    1587    4597   1
    601   125    1       0       0    1588    4597   1
    602   125    1       0       0    1589    1597   1
    643   125    1       0       0    1590    1598   1
    714   125    1    4574    1580       0       0   1
    715   125    1    4574    1581    1591    4605   1
    718   125    1       0    1582    1592       0   1
    719   125    1       0       0    1593    1599   1
    566   126    1    1574    1583    1594    1600   1
    581   126    1    1575    1584    1595    1601   1
    596   126    1    1576    1585    4596    4612   1
    597   126    1       0    1586    4596    4612   1
    598   126    1       0       0    1596    1602   1
    600   126    1    1579    1587    4597    4614   1
    601   126    1       0    1588    4597    4614   1
    602   126    1       0    1589    1597    1604   1
    643   126    1       0    1590    1598    1606   1
    715   126    1    1581    1591    4605    6860   1
    718   126    1    1582    1592       0       0   1
    719   126    1       0    1593    1599    1608   1
    566   127    1    1583    1594    1600    1611   1
    581   127    1    1584    1595    1601    1612   1
    598   127    1       0    1596    1602    4613   1
    599   127    1       0       0    1603    4613   1
    602   127    1    1589    1597    1604    1613   1
    603   127    1       0       0    1605    1614   1
    643   127    1    1590    1598    1606    1615   1
    718   127    1       0       0    1607    4618   1
    719   127    1    1593    1599    1608    4618   1
    720   127    1       0       0    1609    4619   1
    721   127    1       0       0    1610    4619   1
    566   128    1    1594    1600    1611    1616   1
    581   128    1    1595    1601    1612    1617   1
    598   128    1    1596    1602    4613    4624   1
    599   128    1       0    1603    4613    4624   1
    602   128    1    1597    1604    1613    1618   1
    603   128    1       0    1605    1614       0   1
    643   128    1    1598    1606    1615    1619   1
    718   128    1       0    1607    4618    4630   1
    719   128    1    1599    1608    4618    4630   1
    720   128    1       0    1609    4619    4631   1
    721   128    1       0    1610    4619    4631   1
    566   129    1    1600    1611    1616    1620   1
    581   129    1    1601    1612    1617    1621   1
    602   129    1    1604    1613    1618    1622   1
    603   129    1    1605    1614       0       0   1
    643   129    1    1606    1615    1619    4626   1
    566   130    1    1611    1616    1620    1623   1
    581   130    1    1612    1617    1621    1626   1
    602   130    1    1613    1618    1622       0   1
    643   130    1    1615    1619    4626    4643   1
    566   131    1    1616    1620    1623    1627   1
    567   131    1       0       0    1624       0   1
    580   131    1       0       0    1625    4638   1
    581   131    1    1617    1621    1626    4638   1
    602   131    1    1618    1622       0       0   1
    566   132    1    1620    1623    1627       0   1
    567   132    1       0    1624       0       0   1
    580   132    1       0    1625    4638    4661   1
    581   132    1    1621    1626    4638    4661   1
    566   133    1    1623    1627       0       0   1
    562   134    1    6840    4636    1628       0   1
    600   134    1    4625    4642    1629    1636   1
    601   134    1    4625    4642    1630       0   1
    641   134    1       0       0    1631    1637   1
    658   134    1    6846    4647    1632    1638   1
    662   134    1    6847    4649    1633       0   1
    663   134    1    6847    4649    1634       0   1
    562   135    1    4636    1628       0       0   1
    579   135    1       0       0    1635    1640   1
    600   135    1    4642    1629    1636       0   1
    601   135    1    4642    1630       0       0   1
    641   135    1       0    1631    1637    1641   1
    658   135    1    4647    1632    1638    1643   1
    662   135    1    4649    1633       0       0   1
    663   135    1    4649    1634       0       0   1
    560   136    1    4635    4660    1639       0   1
    579   136    1       0    1635    1640    1651   1
    600   136    1    1629    1636       0       0   1
    641   136    1    1631    1637    1641    1652   1
    643   136    1    4643    4665    1642    1653   1
    658   136    1    1632    1638    1643       0   1
    665   136    1    4650    4669    1644       0   1
    684   136    1    4654    4673    1645       0   1
    685   136    1    4654    4673    1646    1654   1
    686   136    1    4655    4674    1647       0   1
    687   136    1    4655    4674    1648       0   1
    688   136    1    4656    4675    1649       0   1
    689   136    1    4656    4675    1650    1655   1
    560   137    1    4660    1639       0       0   1
    579   137    1    1635    1640    1651    4709   1
    641   137    1    1637    1641    1652       0   1
    643   137    1    4665    1642    1653       0   1
    658   137    1    1638    1643       0       0   1
    665   137    1    4669    1644       0       0   1
    684   137    1    4673    1645       0       0   1
    685   137    1    4673    1646    1654       0   1
    686   137    1    4674    1647       0       0   1
    687   137    1    4674    1648       0       0   1
    688   137    1    4675    1649       0       0   1
    689   137    1    4675    1650    1655       0   1
    558   138    1    4659    4682    1656    1663   1
    579   138    1    1640    1651    4709    4730   1
    598   138    1    4664    4688    1657       0   1
    641   138    1    1641    1652       0       0   1
    643   138    1    1642    1653       0       0   1
    646   138    1    4667    4690    1658       0   1
    666   138    1    4670    4694    1659       0   1
    667   138    1    4670    4694    1660    1667   1
    682   138    1    4672    4700    1661    1668   1
    685   138    1    1646    1654       0       0   1
    689   138    1    1650    1655       0       0   1
    691   138    1    4676    4701    1662    1673   1
    558   139    1    4682    1656    1663    1678   1
    577   139    1       0       0    1664    1679   1
    598   139    1    4688    1657       0       0   1
    645   139    1       0       0    1665       0   1
    646   139    1    4690    1658       0       0   1
    658   139    1       0       0    1666    4741   1
    666   139    1    4694    1659       0       0   1
    667   139    1    4694    1660    1667    1683   1
    682   139    1    4700    1661    1668    4748   1
    683   139    1       0       0    1669    4748   1
    684   139    1       0       0    1670    4749   1
    685   139    1       0       0    1671    4749   1
    690   139    1       0       0    1672    4751   1
    691   139    1    4701    1662    1673    4751   1
    552   140    1    4679    4706    1674       0   1
    553   140    1    4679    4706    1675       0   1
    554   140    1    4680    4707    1676       0   1
    555   140    1    4680    4707    1677       0   1
    558   140    1    1656    1663    1678    1686   1
    577   140    1       0    1664    1679       0   1
    594   140    1    4686    4713    1680    1687   1
    595   140    1    4686    4713    1681       0   1
    645   140    1       0    1665       0       0   1
    647   140    1       0       0    1682    1689   1
    658   140    1       0    1666    4741    1702   1
    667   140    1    1660    1667    1683    1690   1
    678   140    1    4698    4721    1684       0   1
    682   140    1    1661    1668    4748    4767   1
    683   140    1       0    1669    4748    4767   1
    684   140    1       0    1670    4749    4768   1
    685   140    1       0    1671    4749    4768   1
    689   140    1       0       0    1685    1692   1
    690   140    1       0    1672    4751    4771   1
    691   140    1    1662    1673    4751    4771   1
    552   141    1    4706    1674       0       0   1
    553   141    1    4706    1675       0       0   1
    554   141    1    4707    1676       0       0   1
    555   141    1    4707    1677       0       0   1
    558   141    1    1663    1678    1686       0   1
    577   141    1    1664    1679       0       0   1
    594   141    1    4713    1680    1687       0   1
    595   141    1    4713    1681       0       0   1
    646   141    1       0       0    1688    4758   1
    647   141    1       0    1682    1689    4758   1
    667   141    1    1667    1683    1690    4762   1
    678   141    1    4721    1684       0       0   1
    688   141    1       0       0    1691    4770   1
    689   141    1       0    1685    1692    4770   1
    548   142    1    4704    4727    1693    1704   1
    549   142    1    4704    4727    1694       0   1
    557   142    1    4708    4729    1695    1705   1
    558   142    1    1678    1686       0       0   1
    582   142    1    4711    4732    1696    1709   1
    583   142    1    4711    4732    1697       0   1
    584   142    1    6889    4733    1698       0   1
    585   142    1    6889    4733    1699       0   1
    586   142    1    6889    4734    1700       0   1
    594   142    1    1680    1687       0       0   1
    645   142    1       0       0    1701    1712   1
    646   142    1       0    1688    4758    4779   1
    647   142    1    1682    1689    4758    4779   1
    658   142    1    1666    4741    1702    1713   1
    667   142    1    1683    1690    4762    4783   1
    674   142    1    6892    4745    1703       0   1
    688   142    1       0    1691    4770    6904   1
    689   142    1    1685    1692    4770    6904   1
    548   143    1    4727    1693    1704    1714   1
    549   143    1    4727    1694       0       0   1
    557   143    1    4729    1695    1705    1715   1
    558   143    1       0       0    1706    4776   1
    559   143    1       0       0    1707    4776   1
    577   143    1       0       0    1708       0   1
    582   143    1    4732    1696    1709       0   1
    583   143    1    4732    1697       0       0   1
    584   143    1    4733    1698       0       0   1
    585   143    1    4733    1699       0       0   1
    586   143    1    4734    1700       0       0   1
    643   143    1       0       0    1710    4777   1
    644   143    1       0       0    1711    4778   1
    645   143    1       0    1701    1712    4778   1
    658   143    1    4741    1702    1713    1720   1
    674   143    1    4745    1703       0       0   1
    548   144    1    1693    1704    1714    1724   1
    557   144    1    1695    1705    1715    1725   1
    558   144    1       0    1706    4776    1732   1
    559   144    1       0    1707    4776    1733   1
    577   144    1       0    1708       0       0   1
    578   144    1    4730    4756    1716       0   1
    579   144    1    4730    4756    1717    1727   1
    580   144    1    4731    4757    1718       0   1
    581   144    1    4731    4757    1719       0   1
    582   144    1    1696    1709       0       0   1
    643   144    1       0    1710    4777    4789   1
    644   144    1       0    1711    4778    4790   1
    645   144    1    1701    1712    4778    4790   1
    658   144    1    1702    1713    1720       0   1
    670   144    1    4743    4764    1721       0   1
    678   144    1       0       0    1722    1730   1
    679   144    1       0       0    1723       0   1
    548   145    1    1704    1714    1724    1731   1
    557   145    1    1705    1715    1725       0   1
    560   145    1       0       0    1726       0   1
    578   145    1    4756    1716       0       0   1
    579   145    1    4756    1717    1727       0   1
    580   145    1    4757    1718       0       0   1
    581   145    1    4757    1719       0       0   1
    641   145    1       0       0    1728    1734   1
    658   145    1    1713    1720       0       0   1
    670   145    1    4764    1721       0       0   1
    677   145    1       0       0    1729    1741   1
    678   145    1       0    1722    1730    4794   1
    679   145    1       0    1723       0       0   1
    548   146    1    1714    1724    1731    1742   1
    557   146    1    1715    1725       0       0   1
    558   146    1    1706    4776    1732    1743   1
    559   146    1    1707    4776    1733       0   1
    560   146    1       0    1726       0       0   1
    579   146    1    1717    1727       0       0   1
    641   146    1       0    1728    1734    1744   1
    656   146    1    4761    4782    1735    1745   1
    665   146    1       0       0    1736    1747   1
    666   146    1    4762    4783    1737       0   1
    667   146    1    4762    4783    1738       0   1
    668   146    1    4763    4784    1739       0   1
    669   146    1    4763    4784    1740    1748   1
    677   146    1       0    1729    1741    1755   1
    678   146    1    1722    1730    4794    4807   1
    548   147    1    1724    1731    1742       0   1
    558   147    1    4776    1732    1743       0   1
    559   147    1    4776    1733       0       0   1
    641   147    1    1728    1734    1744    1757   1
    656   147    1    4782    1735    1745    1758   1
    664   147    1       0       0    1746    1760   1
    665   147    1       0    1736    1747       0   1
    666   147    1    4783    1737       0       0   1
    667   147    1    4783    1738       0       0   1
    668   147    1    4784    1739       0       0   1
    669   147    1    4784    1740    1748    1761   1
    670   147    1       0       0    1749    4804   1
    671   147    1       0       0    1750    4804   1
    673   147    1       0       0    1751    4805   1
    674   147    1       0       0    1752    1762   1
    675   147    1       0       0    1753    1763   1
    676   147    1       0       0    1754    4806   1
    677   147    1    1729    1741    1755    4806   1
    548   148    1    1731    1742       0       0   1
    557   148    1       0       0    1756       0   1
    558   148    1    1732    1743       0       0   1
    641   148    1    1734    1744    1757    1765   1
    656   148    1    1735    1745    1758       0   1
    663   148    1       0       0    1759    1766   1
    664   148    1       0    1746    1760       0   1
    665   148    1    1736    1747       0       0   1
    669   148    1    1740    1748    1761    1770   1
    670   148    1       0    1749    4804    4817   1
    671   148    1       0    1750    4804    4817   1
    673   148    1       0    1751    4805       0   1
    674   148    1       0    1752    1762       0   1
    675   148    1       0    1753    1763    1771   1
    676   148    1       0    1754    4806    4819   1
    677   148    1    1741    1755    4806    4819   1
    557   149    1       0    1756       0       0   1
    640   149    1       0       0    1764    4810   1
    641   149    1    1744    1757    1765    4810   1
    656   149    1    1745    1758       0       0   1
    663   149    1       0    1759    1766       0   1
    664   149    1    1746    1760       0       0   1
    666   149    1       0       0    1767    1773   1
    667   149    1       0       0    1768    1774   1
    668   149    1       0       0    1769    4816   1
    669   149    1    1748    1761    1770    4816   1
    674   149    1    1752    1762       0       0   1
    675   149    1    1753    1763    1771    4818   1
    640   150    1       0    1764    4810    4823   1
    641   150    1    1757    1765    4810    4823   1
    663   150    1    1759    1766       0       0   1
    664   150    1       0       0    1772       0   1
    666   150    1       0    1767    1773       0   1
    667   150    1       0    1768    1774    1778   1
    668   150    1       0    1769    4816    4828   1
    669   150    1    1761    1770    4816    4828   1
    672   150    1       0    4805    1775    1779   1
    675   150    1    1763    1771    4818      -1   1
    639   151    1       0       0    1776    1780   1
    664   151    1       0    1772       0       0   1
    665   151    1       0       0    1777       0   1
    666   151    1    1767    1773       0       0   1
    667   151    1    1768    1774    1778    4827   1
    672   151    1    4805    1775    1779    1782   1
    639   152    1       0    1776    1780    1783   1
    652   152    1    4802    4814    1781    1784   1
    665   152    1       0    1777       0       0   1
    667   152    1    1774    1778    4827      -1   1
    672   152    1    1775    1779    1782    1785   1
    639   153    1    1776    1780    1783    1789   1
    652   153    1    4814    1781    1784    1790   1
    672   153    1    1779    1782    1785    4840   1
    673   153    1       0       0    1786    4840   1
    674   153    1       0       0    1787    4841   1
    675   153    1       0       0    1788    4841   1
    639   154    1    1780    1783    1789    1792   1
    652   154    1    1781    1784    1790    1793   1
    672   154    1    1782    1785    4840    6935   1
    673   154    1       0    1786    4840    6935   1
    674   154    1       0    1787    4841    6935   1
    675   154    1       0    1788    4841    6935   1
    638   155    1       0       0    1791    4850   1
    639   155    1    1783    1789    1792    4850   1
    652   155    1    1784    1790    1793    1795   1
    665   155    1       0       0    1794       0   1
    638   156    1       0    1791    4850    4864   1
    639   156    1    1789    1792    4850    4864   1
    652   156    1    1790    1793    1795    1798   1
    665   156    1       0    1794       0       0   1
    667   156    1       0       0    1796    1801   1
    637   157    1       0       0    1797    4863   1
    652   157    1    1793    1795    1798    4869   1
    653   157    1       0       0    1799    4869   1
    666   157    1       0       0    1800    4870   1
    667   157    1       0    1796    1801    4870   1
    637   158    1       0    1797    4863    4882   1
    652   158    1    1795    1798    4869    4884   1
    653   158    1       0    1799    4869    4884   1
    656   158    1       0       0    1802    1807   1
    665   158    1       0       0    1803    1813   1
    666   158    1       0    1800    4870    4891   1
    667   158    1    1796    1801    4870    4891   1
    635   159    1       0       0    1804    1816   1
    654   159    1       0       0    1805    4885   1
    655   159    1       0       0    1806    4885   1
    656   159    1       0    1802    1807    4886   1
    657   159    1       0       0    1808    4886   1
    658   159    1       0       0    1809    4887   1
    659   159    1       0       0    1810    4887   1
    663   159    1       0       0    1811    4889   1
    664   159    1       0       0    1812    4890   1
    665   159    1       0    1803    1813    4890   1
    412   160    1    4846    4859    1814       0   1
    413   160    1    4846    4859    1815    1817   1
    635   160    1       0    1804    1816    1818   1
    654   160    1       0    1805    4885    4902   1
    655   160    1       0    1806    4885    4902   1
    656   160    1    1802    1807    4886    4903   1
    657   160    1       0    1808    4886    4903   1
    658   160    1       0    1809    4887    4904   1
    659   160    1       0    1810    4887    4904   1
    663   160    1       0    1811    4889    4906   1
    664   160    1       0    1812    4890    4907   1
    665   160    1    1803    1813    4890    4907   1
    412   161    1    4859    1814       0       0   1
    413   161    1    4859    1815    1817    1821   1
    635   161    1    1804    1816    1818    4898   1
    406   162    1    6929    4874    1819    1823   1
    409   162    1    4857    4875    1820    1826   1
    413   162    1    1815    1817    1821    1828   1
    546   162    1    4862    4881    1822    1829   1
    635   162    1    1816    1818    4898    4919   1
    406   163    1    4874    1819    1823    4910   1
    407   163    1       0       0    1824    4910   1
    408   163    1       0       0    1825    4911   1
    409   163    1    4875    1820    1826    4911   1
    412   163    1       0       0    1827    4913   1
    413   163    1    1817    1821    1828    4913   1
    546   163    1    4881    1822    1829    1832   1
    406   164    1    1819    1823    4910       0   1
    407   164    1       0    1824    4910    1835   1
    408   164    1       0    1825    4911    4921   1
    409   164    1    1820    1826    4911    4921   1
    412   164    1       0    1827    4913    1836   1
    413   164    1    1821    1828    4913       0   1
    414   164    1    4877    4894    1830       0   1
    415   164    1    4877    4894    1831    1833   1
    546   164    1    1822    1829    1832    1834   1
    414   165    1    4894    1830       0       0   1
    415   165    1    4894    1831    1833    1837   1
    546   165    1    1829    1832    1834       0   1
    407   166    1    1824    4910    1835    1838   1
    412   166    1    1827    4913    1836       0   1
    415   166    1    1831    1833    1837    1840   1
    546   166    1    1832    1834       0       0   1
    407   167    1    4910    1835    1838    1842   1
    412   167    1    4913    1836       0       0   1
    413   167    1       0       0    1839       0   1
    415   167    1    1833    1837    1840    4930   1
    633   167    1       0       0    1841    1846   1
    407   168    1    1835    1838    1842    1847   1
    408   168    1    4911    4921    1843    1848   1
    413   168    1       0    1839       0       0   1
    415   168    1    1837    1840    4930    4938   1
    544   168    1    4918    4927    1844    1853   1
    545   168    1    4918    4927    1845       0   1
    633   168    1       0    1841    1846    1857   1
    407   169    1    1838    1842    1847    1858   1
    408   169    1    4921    1843    1848       0   1
    409   169    1       0       0    1849       0   1
    411   169    1       0       0    1850    1859   1
    412   169    1       0       0    1851    4937   1
    413   169    1       0       0    1852    4937   1
    544   169    1    4927    1844    1853    1860   1
    545   169    1    4927    1845       0       0   1
    630   169    1       0       0    1854    4943   1
    631   169    1       0       0    1855    4943   1
    632   169    1       0       0    1856    4944   1
    633   169    1    1841    1846    1857    4944   1
    407   170    1    1842    1847    1858    1862   1
    408   170    1    1843    1848       0       0   1
    409   170    1       0    1849       0       0   1
    411   170    1       0    1850    1859    1866   1
    412   170    1       0    1851    4937    4950   1
    413   170    1       0    1852    4937    4950   1
    544   170    1    1844    1853    1860    1867   1
    629   170    1       0       0    1861    1868   1
    630   170    1       0    1854    4943    4955   1
    631   170    1       0    1855    4943    4955   1
    632   170    1       0    1856    4944    6975   1
    633   170    1    1846    1857    4944    6975   1
    407   171    1    1847    1858    1862    4947   1
    408   171    1       0       0    1863    4948   1
    409   171    1       0       0    1864    4948   1
    410   171    1       0       0    1865    4949   1
    411   171    1    1850    1859    1866    4949   1
    544   171    1    1853    1860    1867    1869   1
    629   171    1       0    1861    1868    4954   1
    407   172    1    1858    1862    4947    4957   1
    408   172    1       0    1863    4948    4958   1
    409   172    1       0    1864    4948    4958   1
    410   172    1       0    1865    4949    4959   1
    411   172    1    1859    1866    4949    4959   1
    544   172    1    1860    1867    1869       0   1
    629   172    1    1861    1868    4954    4963   1
    544   173    1    1867    1869       0       0   1
    542   174    1    4942    4953    1870    1873   1
    543   174    1    4942    4953    1871       0   1
    627   174    1       0       0    1872    1874   1
    542   175    1    4953    1870    1873       0   1
    543   175    1    4953    1871       0       0   1
    627   175    1       0    1872    1874    1875   1
    542   176    1    1870    1873       0       0   1
    627   176    1    1872    1874    1875       0   1
    627   177    1    1874    1875       0       0   1
    540   178    1    4962    4967    1876       0   1
    628   178    1    4963    4968    1877       0   1
    631   178    1    4964    4969    1878    1879   1
    540   179    1    4967    1876       0       0   1
    628   179    1    4968    1877       0       0   1
    631   179    1    4969    1878    1879       0   1
    538   180    1    4966    4973    1880       0   1
    631   180    1    1878    1879       0       0   1
    632   180    1    4970    4974    1881       0   1
    633   180    1    4970    4974    1882    1883   1
    538   181    1    4973    1880       0       0   1
    632   181    1    4974    1881       0       0   1
    633   181    1    4974    1882    1883    1884   1
    633   182    1    1882    1883    1884       0   1
    538   183    1       0       0    1885    1886   1
    633   183    1    1883    1884       0       0   1
    538   184    1       0    1885    1886       0   1
    538   185    1    1885    1886       0       0   1
    540   186    1       0       0    1887    1889   1
    538   187    1       0       0    1888    1891   1
    540   187    1       0    1887    1889    1892   1
    541   187    1       0       0    1890       0   1
    538   188    1       0    1888    1891    1896   1
    540   188    1    1887    1889    1892       0   1
    541   188    1       0    1890       0       0   1
    635   188    1    4981    4985    1893       0   1
    636   188    1    4982    4986    1894       0   1
    637   188    1    4982    4986    1895    1898   1
    538   189    1    1888    1891    1896    1899   1
    539   189    1       0       0    1897       0   1
    540   189    1    1889    1892       0       0   1
    635   189    1    4985    1893       0       0   1
    636   189    1    4986    1894       0       0   1
    637   189    1    4986    1895    1898    1900   1
    538   190    1    1891    1896    1899    1901   1
    539   190    1       0    1897       0       0   1
    637   190    1    1895    1898    1900       0   1
    538   191    1    1896    1899    1901    1902   1
    637   191    1    1898    1900       0       0   1
    538   192    1    1899    1901    1902    1904   1
    639   192    1    4989    4993    1903    1905   1
    538   193    1    1901    1902    1904    1906   1
    639   193    1    4993    1903    1905       0   1
    538   194    1    1902    1904    1906    1909   1
    639   194    1    1903    1905       0       0   1
    640   194    1    4994    4997    1907       0   1
    641   194    1    4994    4997    1908       0   1
    538   195    1    1904    1906    1909    5006   1
    539   195    1       0       0    1910    5006   1
    640   195    1    4997    1907       0       0   1
    641   195    1    4997    1908       0       0   1
    538   196    1    1906    1909    5006    1911   1
    539   196    1       0    1910    5006       0   1
    538   198    1    1909    5006    1911       0   1
    642   198    1    5000    5007    1912       0   1
    643   198    1    5000    5007    1913    1914   1
    538   199    1    5006    1911       0       0   1
    642   199    1    5007    1912       0       0   1
    643   199    1    5007    1913    1914    1916   1
    532   200    1    5003    5012    1915    1917   1
    643   200    1    1913    1914    1916    1920   1
    532   201    1    5012    1915    1917    1921   1
    533   201    1       0       0    1918    1922   1
    536   201    1       0       0    1919    5033   1
    643   201    1    1914    1916    1920    5034   1
    532   202    1    1915    1917    1921       0   1
    533   202    1       0    1918    1922    1926   1
    536   202    1       0    1919    5033    5043   1
    538   202    1       0       0    1923       0   1
    639   202    1       0       0    1924    1928   1
    641   202    1       0       0    1925    1930   1
    643   202    1    1916    1920    5034    5046   1
    532   203    1    1917    1921       0       0   1
    533   203    1    1918    1922    1926    1932   1
    538   203    1       0    1923       0       0   1
    638   203    1       0       0    1927    5044   1
    639   203    1       0    1924    1928    5044   1
    640   203    1       0       0    1929    5045   1
    641   203    1       0    1925    1930    5045   1
    181   204    1    5019    5028    1931    1933   1
    533   204    1    1922    1926    1932    1934   1
    638   204    1       0    1927    5044    5056   1
    639   204    1    1924    1928    5044    5056   1
    640   204    1       0    1929    5045    5057   1
    641   204    1    1925    1930    5045    5057   1
    181   205    1    5028    1931    1933    5049   1
    533   205    1    1926    1932    1934    5053   1
    181   206    1    1931    1933    5049    7061   1
    533   206    1    1932    1934    5053    5061   1
    538   206    1       0       0    1935    1936   1
    538   207    1       0    1935    1936       0   1
    637   207    1       0       0    1937       0   1
    538   208    1    1935    1936       0       0   1
    637   208    1       0    1937       0       0   1
    532   210    1    5053    5061    1938       0   1
    533   210    1    5053    5061    1939    1943   1
    536   210    1    5055    5063    1940    1944   1
    638   210    1    5056    5064    1941       0   1
    639   210    1    5056    5064    1942    1945   1
    532   211    1    5061    1938       0       0   1
    533   211    1    5061    1939    1943    1946   1
    536   211    1    5063    1940    1944       0   1
    638   211    1    5064    1941       0       0   1
    639   211    1    5064    1942    1945       0   1
    533   212    1    1939    1943    1946    1948   1
    536   212    1    1940    1944       0       0   1
    639   212    1    1942    1945       0       0   1
    641   212    1    5065    5070    1947       0   1
    533   213    1    1943    1946    1948       0   1
    641   213    1    5070    1947       0       0   1
    528   214    1    5067    5074    1949    1951   1
    533   214    1    1946    1948       0       0   1
    643   214    1    5071    5076    1950       0   1
    528   215    1    5074    1949    1951    5093   1
    529   215    1       0       0    1952    5093   1
    643   215    1    5076    1950       0       0   1
    528   216    1    1949    1951    5093    5115   1
    529   216    1       0    1952    5093    5115   1
    644   216    1    5077    5081    1953       0   1
    645   216    1    5077    5081    1954       0   1
    644   217    1    5081    1953       0       0   1
    645   217    1    5081    1954       0       0   1
    647   218    1    5082    5094    1955       0   1
    662   218    1    7097    5100    1956    1967   1
    666   218    1    7098    5102    1957       0   1
    667   218    1    7098    5102    1958    1969   1
    553   219    1       0       0    1959    5132   1
    554   219    1       0       0    1960    5133   1
    555   219    1       0       0    1961    5133   1
    556   219    1       0       0    1962    5134   1
    557   219    1       0       0    1963    5134   1
    558   219    1       0       0    1964    5135   1
    559   219    1       0       0    1965    5135   1
    560   219    1       0       0    1966    5136   1
    647   219    1    5094    1955       0       0   1
    662   219    1    5100    1956    1967    5141   1
    663   219    1       0       0    1968    5141   1
    666   219    1    5102    1957       0       0   1
    667   219    1    5102    1958    1969       0   1
     52   220    1    5085    5107    1970       0   1
     53   220    1    5085    5107    1971    1982   1
    100   220    1    5089    5111    1972       0   1
    101   220    1    5089    5111    1973    1983   1
    551   220    1       0       0    1974    1984   1
    553   220    1       0    1959    5132    5154   1
    554   220    1       0    1960    5133    5155   1
    555   220    1       0    1961    5133    5155   1
    556   220    1       0    1962    5134    5156   1
    557   220    1       0    1963    5134    5156   1
    558   220    1       0    1964    5135    5157   1
    559   220    1       0    1965    5135    5157   1
    560   220    1       0    1966    5136    5158   1
    562   220    1       0       0    1975    1985   1
    649   220    1    5095    5116    1976       0   1
    650   220    1    5096    5117    1977       0   1
    652   220    1    5097    5118    1978       0   1
    653   220    1    5097    5118    1979    1988   1
    662   220    1    1956    1967    5141    5163   1
    663   220    1       0    1968    5141    5163   1
    667   220    1    1958    1969       0       0   1
    668   220    1    5103    5121    1980       0   1
    669   220    1    5103    5121    1981    1990   1
     52   221    1    5107    1970       0       0   1
     53   221    1    5107    1971    1982    1991   1
    100   221    1    5111    1972       0       0   1
    101   221    1    5111    1973    1983    5150   1
    551   221    1       0    1974    1984    1993   1
    562   221    1       0    1975    1985    5159   1
    563   221    1       0       0    1986    5159   1
    564   221    1       0       0    1987    5160   1
    649   221    1    5116    1976       0       0   1
    650   221    1    5117    1977       0       0   1
    652   221    1    5118    1978       0       0   1
    653   221    1    5118    1979    1988       0   1
    664   221    1       0       0    1989    5164   1
    668   221    1    5121    1980       0       0   1
    669   221    1    5121    1981    1990    1996   1
     53   222    1    1971    1982    1991    1998   1
    101   222    1    1973    1983    5150    5172   1
    103   222    1    5112    5128    1992    2000   1
    551   222    1    1974    1984    1993       0   1
    562   222    1    1975    1985    5159    7140   1
    563   222    1       0    1986    5159    7140   1
    564   222    1       0    1987    5160    5181   1
    653   222    1    1979    1988       0       0   1
    656   222    1    7111    5138    1994       0   1
    657   222    1    7111    5138    1995    2002   1
    664   222    1       0    1989    5164    5183   1
    669   222    1    1981    1990    1996    2004   1
     52   223    1       0       0    1997    5170   1
     53   223    1    1982    1991    1998    5170   1
    102   223    1       0       0    1999    5173   1
    103   223    1    5128    1992    2000    5173   1
    551   223    1    1984    1993       0       0   1
    566   223    1       0       0    2001    5182   1
    656   223    1    5138    1994       0       0   1
    657   223    1    5138    1995    2002       0   1
    666   223    1       0       0    2003    2009   1
    669   223    1    1990    1996    2004       0   1
     52   224    1       0    1997    5170    5190   1
     53   224    1    1991    1998    5170    5190   1
    102   224    1       0    1999    5173    5193   1
    103   224    1    1992    2000    5173    5193   1
    530   224    1       0       0    2005    2012   1
    551   224    1       0       0    2006    2013   1
    566   224    1       0    2001    5182    5202   1
    657   224    1    1995    2002       0       0   1
    662   224    1    5141    5163    2007       0   1
    663   224    1    5141    5163    2008    2015   1
    666   224    1       0    2003    2009    2016   1
    669   224    1    1996    2004       0       0   1
    670   224    1    5142    5165    2010       0   1
    671   224    1    5142    5165    2011    2019   1
    530   225    1       0    2005    2012       0   1
    551   225    1       0    2006    2013    5198   1
    568   225    1       0       0    2014    2021   1
    662   225    1    5163    2007       0       0   1
    663   225    1    5163    2008    2015       0   1
    666   225    1    2003    2009    2016    2024   1
    667   225    1       0       0    2017    2025   1
    668   225    1       0       0    2018    2026   1
    670   225    1    5165    2010       0       0   1
    671   225    1    5165    2011    2019       0   1
    528   226    1    5153    5178    2020    2028   1
    530   226    1    2005    2012       0       0   1
    551   226    1    2006    2013    5198    5210   1
    568   226    1       0    2014    2021    2033   1
    569   226    1       0       0    2022       0   1
    663   226    1    2008    2015       0       0   1
    665   226    1    5164    5183    2023       0   1
    666   226    1    2009    2016    2024       0   1
    667   226    1       0    2017    2025    2034   1
    668   226    1       0    2018    2026    2035   1
    671   226    1    2011    2019       0       0   1
    673   226    1    5166    5184    2027    2037   1
    528   227    1    5178    2020    2028    5208   1
    529   227    1       0       0    2029    5208   1
    545   227    1       0       0    2030    2038   1
    548   227    1       0       0    2031    5209   1
    549   227    1       0       0    2032    5209   1
    568   227    1    2014    2021    2033    2040   1
    569   227    1       0    2022       0       0   1
    665   227    1    5183    2023       0       0   1
    666   227    1    2016    2024       0       0   1
    667   227    1    2017    2025    2034       0   1
    668   227    1    2018    2026    2035       0   1
    669   227    1       0       0    2036    2041   1
    673   227    1    5184    2027    2037       0   1
    528   228    1    2020    2028    5208    5221   1
    529   228    1       0    2029    5208    5221   1
    545   228    1       0    2030    2038    2045   1
    547   228    1       0       0    2039    2047   1
    548   228    1       0    2031    5209    5223   1
    549   228    1       0    2032    5209    5223   1
    568   228    1    2021    2033    2040    2048   1
    667   228    1    2025    2034       0       0   1
    668   228    1    2026    2035       0       0   1
    669   228    1       0    2036    2041    2049   1
    673   228    1    2027    2037       0       0   1
    675   228    1    5185    5203    2042    2051   1
    543   229    1       0       0    2043       0   1
    544   229    1       0       0    2044       0   1
    545   229    1    2030    2038    2045    2054   1
    546   229    1       0       0    2046    5222   1
    547   229    1       0    2039    2047    5222   1
    568   229    1    2033    2040    2048    2055   1
    669   229    1    2036    2041    2049    2056   1
    670   229    1       0       0    2050    5229   1
    675   229    1    5203    2042    2051       0   1
    530   230    1       0       0    2052       0   1
    542   230    1       0       0    2053    2060   1
    543   230    1       0    2043       0       0   1
    544   230    1       0    2044       0       0   1
    545   230    1    2038    2045    2054    2061   1
    546   230    1       0    2046    5222    5238   1
    547   230    1    2039    2047    5222    5238   1
    568   230    1    2040    2048    2055       0   1
    669   230    1    2041    2049    2056       0   1
    670   230    1       0    2050    5229      -1   1
    675   230    1    2042    2051       0       0   1
    677   230    1    5204    5215    2057    2062   1
    530   231    1       0    2052       0       0   1
    540   231    1       0       0    2058    2063   1
    541   231    1       0       0    2059       0   1
    542   231    1       0    2053    2060       0   1
    545   231    1    2045    2054    2061    2064   1
    568   231    1    2048    2055       0       0   1
    669   231    1    2049    2056       0       0   1
    677   231    1    5215    2057    2062    2067   1
    540   232    1       0    2058    2063       0   1
    541   232    1       0    2059       0       0   1
    542   232    1    2053    2060       0       0   1
    545   232    1    2054    2061    2064    2070   1
    564   232    1    5213    5227    2065    2071   1
    565   232    1    5213    5227    2066       0   1
    677   232    1    2057    2062    2067       0   1
    678   232    1    5216    5230    2068       0   1
    679   232    1    5216    5230    2069    2072   1
    540   233    1    2058    2063       0       0   1
    545   233    1    2061    2064    2070    2074   1
    564   233    1    5227    2065    2071    2075   1
    565   233    1    5227    2066       0       0   1
    677   233    1    2062    2067       0       0   1
    678   233    1    5230    2068       0       0   1
    679   233    1    5230    2069    2072    5251   1
    530   234    1       0       0    2073    2076   1
    545   234    1    2064    2070    2074    2077   1
    564   234    1    2065    2071    2075    2078   1
    679   234    1    2069    2072    5251    5271   1
    530   235    1       0    2073    2076    5267   1
    545   235    1    2070    2074    2077    2082   1
    564   235    1    2071    2075    2078    2083   1
    676   235    1       0       0    2079       0   1
    677   235    1       0       0    2080    2084   1
     89   236    1    5235    5245    2081    2088   1
    530   236    1    2073    2076    5267    5286   1
    545   236    1    2074    2077    2082    2090   1
    564   236    1    2075    2078    2083    2091   1
    676   236    1       0    2079       0       0   1
    677   236    1       0    2080    2084    2092   1
     86   237    1       0       0    2085    5279   1
     87   237    1       0       0    2086    5279   1
     88   237    1       0       0    2087    5280   1
     89   237    1    5245    2081    2088    5280   1
    544   237    1       0       0    2089    5288   1
    545   237    1    2077    2082    2090    5288   1
    564   237    1    2078    2083    2091       0   1
    677   237    1    2080    2084    2092       0   1
     64   238    1    7167    5256    2093    2096   1
     86   238    1       0    2085    5279    7212   1
     87   238    1       0    2086    5279    7212   1
     88   238    1       0    2087    5280    7213   1
     89   238    1    2081    2088    5280    7213   1
    543   238    1       0       0    2094    2104   1
    544   238    1       0    2089    5288    5312   1
    545   238    1    2082    2090    5288    5312   1
    564   238    1    2083    2091       0       0   1
    677   238    1    2084    2092       0       0   1
    679   238    1    5251    5271    2095    2105   1
     64   239    1    5256    2093    2096    5300   1
     65   239    1       0       0    2097    5300   1
     66   239    1       0       0    2098    5301   1
     67   239    1       0       0    2099    5301   1
    218   239    1       0       0    2100    5305   1
    219   239    1       0       0    2101    5305   1
    534   239    1       0       0    2102    5309   1
    535   239    1       0       0    2103    5309   1
    543   239    1       0    2094    2104    5311   1
    679   239    1    5271    2095    2105    2107   1
     64   240    1    2093    2096    5300    5324   1
     65   240    1       0    2097    5300    5324   1
     66   240    1       0    2098    5301    5325   1
     67   240    1       0    2099    5301    5325   1
    218   240    1       0    2100    5305    5329   1
    219   240    1       0    2101    5305    5329   1
    534   240    1       0    2102    5309    5333   1
    535   240    1       0    2103    5309    5333   1
    538   240    1       0       0    2106    2108   1
    543   240    1    2094    2104    5311    5337   1
    679   240    1    2095    2105    2107    2111   1
    538   241    1       0    2106    2108    5335   1
    541   241    1       0       0    2109    5336   1
    677   241    1       0       0    2110    2112   1
    679   241    1    2105    2107    2111    5342   1
    538   242    1    2106    2108    5335    7250   1
    541   242    1       0    2109    5336    7251   1
    677   242    1       0    2110    2112       0   1
    679   242    1    2107    2111    5342    2114   1
    677   243    1    2110    2112       0       0   1
     49   244    1    5296    5320    2113    2116   1
    679   244    1    2111    5342    2114    2117   1
     48   245    1       0       0    2115    5363   1
     49   245    1    5320    2113    2116    5363   1
    679   245    1    5342    2114    2117    2119   1
     38   246    1    7205    5346    2118    2120   1
     48   246    1       0    2115    5363    7260   1
     49   246    1    2113    2116    5363    7260   1
    679   246    1    2114    2117    2119       0   1
     38   247    1    5346    2118    2120    5371   1
     39   247    1       0       0    2121    5371   1
    562   247    1       0       0    2122    2123   1
    679   247    1    2117    2119       0       0   1
     38   248    1    2118    2120    5371    2128   1
     39   248    1       0    2121    5371       0   1
    562   248    1       0    2122    2123    2126   1
    682   248    1    5355    5367    2124       0   1
    683   248    1    5355    5367    2125    2127   1
    562   249    1    2122    2123    2126    2129   1
    682   249    1    5367    2124       0       0   1
    683   249    1    5367    2125    2127    2130   1
     38   250    1    2120    5371    2128    2131   1
    562   250    1    2123    2126    2129       0   1
    683   250    1    2125    2127    2130    2133   1
     38   251    1    5371    2128    2131    5388   1
     39   251    1       0       0    2132    5388   1
    562   251    1    2126    2129       0       0   1
    683   251    1    2127    2130    2133       0   1
     38   252    1    2128    2131    5388    5400   1
     39   252    1       0    2132    5388    5400   1
    560   252    1    5376    5384    2134    2136   1
    561   252    1    5376    5384    2135       0   1
    683   252    1    2130    2133       0       0   1
    560   253    1    5384    2134    2136    5409   1
    561   253    1    5384    2135       0       0   1
    560   254    1    2134    2136    5409    5414   1
    562   254    1       0       0    2137    2139   1
    685   254    1    5385    5397    2138    2140   1
    562   255    1       0    2137    2139    5415   1
    685   255    1    5397    2138    2140       0   1
    109   256    1    5393    5405    2141    2142   1
    562   256    1    2137    2139    5415    5424   1
    685   256    1    2138    2140       0       0   1
    109   257    1    5405    2141    2142    5421   1
    564   257    1       0       0    2143    2144   1
    109   258    1    2141    2142    5421    7314   1
    564   258    1       0    2143    2144    2145   1
    564   259    1    2143    2144    2145    2146   1
    564   260    1    2144    2145    2146       0   1
    688   260    1    5417    5425    2147       0   1
    689   260    1    5417    5425    2148    2149   1
    564   261    1    2145    2146       0       0   1
    688   261    1    5425    2147       0       0   1
    689   261    1    5425    2148    2149       0   1
    689   262    1    2148    2149       0       0   1
    691   264    1    5429    5434    2150    2151   1
    691   265    1    5434    2150    2151    2153   1
     85   266    1    7308    5439    2152    2155   1
    691   266    1    2150    2151    2153    2158   1
     84   267    1       0       0    2154    5454   1
     85   267    1    5439    2152    2155    5454   1
    564   267    1       0       0    2156    5458   1
    565   267    1       0       0    2157    5458   1
    691   267    1    2151    2153    2158       0   1
     84   268    1       0    2154    5454    5462   1
     85   268    1    2152    2155    5454    5462   1
    564   268    1       0    2156    5458    5466   1
    565   268    1       0    2157    5458    5466   1
    566   268    1       0       0    2159    2162   1
    691   268    1    2153    2158       0       0   1
    692   268    1    5443    5450    2160       0   1
    693   268    1    5443    5450    2161    2164   1
    566   269    1       0    2159    2162    5467   1
    567   269    1       0       0    2163    5467   1
    692   269    1    5450    2160       0       0   1
    693   269    1    5450    2161    2164    2167   1
    566   270    1    2159    2162    5467    5474   1
    567   270    1       0    2163    5467    5474   1
    568   270    1       0       0    2165    2168   1
    692   270    1       0       0    2166       0   1
    693   270    1    2161    2164    2167    2169   1
    568   271    1       0    2165    2168    2170   1
    692   271    1       0    2166       0       0   1
    693   271    1    2164    2167    2169    2171   1
    568   272    1    2165    2168    2170    2172   1
    693   272    1    2167    2169    2171    2174   1
    568   273    1    2168    2170    2172    5484   1
    569   273    1       0       0    2173    5484   1
    693   273    1    2169    2171    2174    2176   1
    568   274    1    2170    2172    5484    5491   1
    569   274    1       0    2173    5484    5491   1
    570   274    1       0       0    2175    2177   1
    693   274    1    2171    2174    2176    2178   1
    570   275    1       0    2175    2177    2179   1
    693   275    1    2174    2176    2178       0   1
    570   276    1    2175    2177    2179    2184   1
    693   276    1    2176    2178       0       0   1
    694   276    1    5475    5485    2180       0   1
    695   276    1    5475    5485    2181    2185   1
     78   277    1       0       0    2182    5495   1
     79   277    1       0       0    2183    5495   1
    570   277    1    2177    2179    2184    2186   1
    694   277    1    5485    2180       0       0   1
    695   277    1    5485    2181    2185    2187   1
     78   278    1       0    2182    5495    7370   1
     79   278    1       0    2183    5495    7370   1
    570   278    1    2179    2184    2186    2188   1
    695   278    1    2181    2185    2187    2189   1
    570   279    1    2184    2186    2188    2190   1
    695   279    1    2185    2187    2189       0   1
    570   280    1    2186    2188    2190    2191   1
    695   280    1    2187    2189       0       0   1
    570   281    1    2188    2190    2191    2195   1
     35   282    1    7353    5504    2192    2199   1
     36   282    1    7354    5505    2193       0   1
     37   282    1    7354    5505    2194    2200   1
    570   282    1    2190    2191    2195    2201   1
     32   283    1       0       0    2196    5518   1
     33   283    1       0       0    2197    5518   1
     34   283    1       0       0    2198    5519   1
     35   283    1    5504    2192    2199    5519   1
     36   283    1    5505    2193       0       0   1
     37   283    1    5505    2194    2200    5520   1
    570   283    1    2191    2195    2201       0   1
     32   284    1       0    2196    5518    5531   1
     33   284    1       0    2197    5518    5531   1
     34   284    1       0    2198    5519    5532   1
     35   284    1    2192    2199    5519    5532   1
     37   284    1    2194    2200    5520    5533   1
    570   284    1    2195    2201       0       0   1
    689   285    1       0       0    2202    2204   1
    694   285    1       0       0    2203    5540   1
    689   286    1       0    2202    2204       0   1
    694   286    1       0    2203    5540    5547   1
    689   287    1    2202    2204       0       0   1
    568   288    1    5524    5537    2205       0   1
    569   288    1    5524    5537    2206       0   1
    568   289    1    5537    2205       0       0   1
    569   289    1    5537    2206       0       0   1
    568   290    1       0       0    2207    2211   1
    569   290    1       0       0    2208       0   1
    690   290    1    5538    5545    2209       0   1
    691   290    1    5538    5545    2210    2212   1
    568   291    1       0    2207    2211    5554   1
    569   291    1       0    2208       0       0   1
    690   291    1    5545    2209       0       0   1
    691   291    1    5545    2210    2212       0   1
    568   292    1    2207    2211    5554    2214   1
    691   292    1    2210    2212       0       0   1
    691   293    1       0       0    2213    2215   1
    568   294    1    2211    5554    2214    2216   1
    691   294    1       0    2213    2215    2219   1
    568   295    1    5554    2214    2216    5563   1
    569   295    1       0       0    2217    5563   1
    690   295    1       0       0    2218    5564   1
    691   295    1    2213    2215    2219    5564   1
    568   296    1    2214    2216    5563    5569   1
    569   296    1       0    2217    5563    5569   1
    689   296    1       0       0    2220    2227   1
    690   296    1       0    2218    5564    5574   1
    691   296    1    2215    2219    5564    5574   1
    570   297    1       0       0    2221    2228   1
    682   297    1       0       0    2222    5570   1
    683   297    1       0       0    2223    5570   1
    684   297    1       0       0    2224    5571   1
    685   297    1       0       0    2225    5571   1
    688   297    1       0       0    2226    5573   1
    689   297    1       0    2220    2227    5573   1
    570   298    1       0    2221    2228    2230   1
    680   298    1       0       0    2229    2233   1
    682   298    1       0    2222    5570    5580   1
    683   298    1       0    2223    5570    5580   1
    684   298    1       0    2224    5571    7408   1
    685   298    1       0    2225    5571    7408   1
    688   298    1       0    2226    5573    7409   1
    689   298    1    2220    2227    5573    7409   1
    570   299    1    2221    2228    2230    5578   1
    571   299    1       0       0    2231    5578   1
    679   299    1       0       0    2232    2235   1
    680   299    1       0    2229    2233    5579   1
    681   299    1       0       0    2234    5579   1
    570   300    1    2228    2230    5578    2237   1
    571   300    1       0    2231    5578       0   1
    679   300    1       0    2232    2235    2236   1
    680   300    1    2229    2233    5579    5583   1
    681   300    1       0    2234    5579    5583   1
    679   301    1    2232    2235    2236    5582   1
    570   302    1    2230    5578    2237       0   1
    679   302    1    2235    2236    5582    5588   1
    570   303    1    5578    2237       0       0   1
    677   305    1       0       0    2238    2240   1
    568   306    1    5581    5587    2239       0   1
    677   306    1       0    2238    2240    2242   1
    568   307    1    5587    2239       0       0   1
    676   307    1       0       0    2241    5595   1
    677   307    1    2238    2240    2242    5595   1
    676   308    1       0    2241    5595    5599   1
    677   308    1    2240    2242    5595    5599   1
    564   310    1    5589    5594    2243    2244   1
    564   311    1    5594    2243    2244    2247   1
    565   311    1       0       0    2245       0   1
    675   311    1       0       0    2246    2248   1
    564   312    1    2243    2244    2247    2249   1
    565   312    1       0    2245       0       0   1
    675   312    1       0    2246    2248    2250   1
    564   313    1    2244    2247    2249    2251   1
    675   313    1    2246    2248    2250    2252   1
    564   314    1    2247    2249    2251    2253   1
    675   314    1    2248    2250    2252    2255   1
    564   315    1    2249    2251    2253    5611   1
    565   315    1       0       0    2254    5611   1
    675   315    1    2250    2252    2255    2256   1
    564   316    1    2251    2253    5611    5616   1
    565   316    1       0    2254    5611    5616   1
    675   316    1    2252    2255    2256    2258   1
    674   317    1       0       0    2257       0   1
    675   317    1    2255    2256    2258    2259   1
    674   318    1       0    2257       0       0   1
    675   318    1    2256    2258    2259    2263   1
    568   319    1       0       0    2260    5622   1
    569   319    1       0       0    2261    5622   1
    674   319    1       0       0    2262    5623   1
    675   319    1    2258    2259    2263    5623   1
    568   320    1       0    2260    5622    2265   1
    569   320    1       0    2261    5622       0   1
    674   320    1       0    2262    5623    5628   1
    675   320    1    2259    2263    5623    5628   1
    673   321    1       0       0    2264    2266   1
    568   322    1    2260    5622    2265    2267   1
    673   322    1       0    2264    2266    2268   1
    568   323    1    5622    2265    2267    2269   1
    673   323    1    2264    2266    2268    2270   1
    568   324    1    2265    2267    2269    2271   1
    673   324    1    2266    2268    2270       0   1
    568   325    1    2267    2269    2271    5638   1
    569   325    1       0       0    2272    5638   1
    673   325    1    2268    2270       0       0   1
    568   326    1    2269    2271    5638    5642   1
    569   326    1       0    2272    5638    5642   1
    570   326    1       0       0    2273    2274   1
    570   327    1       0    2273    2274    2275   1
    570   328    1    2273    2274    2275    2278   1
    674   328    1    5633    5639    2276       0   1
    675   328    1    5633    5639    2277    2279   1
    570   329    1    2274    2275    2278    2280   1
    674   329    1    5639    2276       0       0   1
    675   329    1    5639    2277    2279       0   1
    570   330    1    2275    2278    2280       0   1
    675   330    1    2277    2279       0       0   1
    570   331    1    2278    2280       0       0   1
    570   332    1       0       0    2281    2283   1
    675   332    1       0       0    2282    2286   1
    570   333    1       0    2281    2283    5652   1
    571   333    1       0       0    2284    5652   1
    572   333    1       0       0    2285    2287   1
    675   333    1       0    2282    2286    2288   1
    570   334    1    2281    2283    5652    5656   1
    571   334    1       0    2284    5652    5656   1
    572   334    1       0    2285    2287    2289   1
    675   334    1    2282    2286    2288       0   1
    572   335    1    2285    2287    2289    2290   1
    675   335    1    2286    2288       0       0   1
    572   336    1    2287    2289    2290    2292   1
    573   336    1       0       0    2291       0   1
    572   337    1    2289    2290    2292    2293   1
    573   337    1       0    2291       0       0   1
    572   338    1    2290    2292    2293    2295   1
    675   338    1       0       0    2294    2296   1
    572   339    1    2292    2293    2295    2297   1
    675   339    1       0    2294    2296    2298   1
    572   340    1    2293    2295    2297    2299   1
    675   340    1    2294    2296    2298    2300   1
    572   341    1    2295    2297    2299    2301   1
    675   341    1    2296    2298    2300    2302   1
    572   342    1    2297    2299    2301    2303   1
    675   342    1    2298    2300    2302       0   1
    572   343    1    2299    2301    2303    5673   1
    573   343    1       0       0    2304    5673   1
    675   343    1    2300    2302       0       0   1
    572   344    1    2301    2303    5673    5679   1
    573   344    1       0    2304    5673    5679   1
    574   344    1       0       0    2305    2307   1
    677   344    1    5665    5669    2306       0   1
    574   345    1       0    2305    2307    5680   1
    677   345    1    5669    2306       0       0   1
    574   346    1    2305    2307    5680    5683   1
    680   346    1    7454    5675    2308       0   1
    681   346    1    7454    5675    2309    2310   1
    680   347    1    5675    2308       0       0   1
    681   347    1    5675    2309    2310       0   1
    681   348    1    2309    2310       0       0   1
    576   350    1       0       0    2311    2313   1
    683   350    1    5681    5684    2312       0   1
    576   351    1       0    2311    2313    5693   1
    577   351    1       0       0    2314    5693   1
    683   351    1    5684    2312       0       0   1
    576   352    1    2311    2313    5693    5697   1
    577   352    1       0    2314    5693    5697   1
    684   352    1    5685    5689    2315       0   1
    685   352    1    5685    5689    2316    2324   1
    578   353    1       0       0    2317    2325   1
    657   353    1       0       0    2318    5699   1
    658   353    1       0       0    2319    5700   1
    659   353    1       0       0    2320    5700   1
    660   353    1       0       0    2321    5701   1
    661   353    1       0       0    2322    5701   1
    662   353    1       0       0    2323    5702   1
    684   353    1    5689    2315       0       0   1
    685   353    1    5689    2316    2324    2327   1
    578   354    1       0    2317    2325    2328   1
    653   354    1       0       0    2326    2334   1
    657   354    1       0    2318    5699    7471   1
    658   354    1       0    2319    5700    7471   1
    659   354    1       0    2320    5700    7471   1
    660   354    1       0    2321    5701    7472   1
    661   354    1       0    2322    5701    7472   1
    662   354    1       0    2323    5702    7472   1
    685   354    1    2316    2324    2327    2336   1
    578   355    1    2317    2325    2328    5706   1
    579   355    1       0       0    2329    5706   1
    647   355    1       0       0    2330       0   1
    649   355    1       0       0    2331    5707   1
    651   355    1       0       0    2332    5708   1
    652   355    1       0       0    2333    5709   1
    653   355    1       0    2326    2334    5709   1
    666   355    1       0       0    2335    5712   1
    685   355    1    2324    2327    2336    5713   1
    578   356    1    2325    2328    5706    5716   1
    579   356    1       0    2329    5706    5716   1
    642   356    1       0       0    2337    2338   1
    647   356    1       0    2330       0       0   1
    649   356    1       0    2331    5707    5720   1
    651   356    1       0    2332    5708    5721   1
    652   356    1       0    2333    5709    5722   1
    653   356    1    2326    2334    5709    5722   1
    666   356    1       0    2335    5712    5725   1
    685   356    1    2327    2336    5713    2344   1
    642   357    1       0    2337    2338    5717   1
    645   357    1       0       0    2339    5718   1
    646   357    1       0       0    2340    5719   1
    647   357    1       0       0    2341    5719   1
    668   357    1       0       0    2342    5726   1
    641   358    1       0       0    2343    2346   1
    642   358    1    2337    2338    5717    5732   1
    645   358    1       0    2339    5718    7477   1
    646   358    1       0    2340    5719    7477   1
    647   358    1       0    2341    5719    7477   1
    668   358    1       0    2342    5726    5733   1
    685   358    1    2336    5713    2344    2349   1
    640   359    1       0       0    2345    5731   1
    641   359    1       0    2343    2346    5731   1
    671   359    1       0       0    2347    5734   1
    684   359    1       0       0    2348    5735   1
    685   359    1    5713    2344    2349    5735   1
    640   360    1       0    2345    5731    5741   1
    641   360    1    2343    2346    5731    5741   1
    671   360    1       0    2347    5734    5744   1
    684   360    1       0    2348    5735    5747   1
    685   360    1    2344    2349    5735    5747   1
    636   361    1       0       0    2350    5739   1
    637   361    1       0       0    2351    5739   1
    683   361    1       0       0    2352    5746   1
    578   362    1    5716    5729    2353    2354   1
    636   362    1       0    2350    5739    7487   1
    637   362    1       0    2351    5739    7487   1
    683   362    1       0    2352    5746    5755   1
    578   363    1    5729    2353    2354    2357   1
    632   363    1       0       0    2355    5750   1
    633   363    1       0       0    2356    5750   1
    578   364    1    2353    2354    2357       0   1
    631   364    1       0       0    2358    2363   1
    632   364    1       0    2355    5750    5760   1
    633   364    1       0    2356    5750    5760   1
    672   364    1       0       0    2359    2364   1
    679   364    1       0       0    2360    2365   1
    578   365    1    2354    2357       0       0   1
    629   365    1       0       0    2361    5758   1
    630   365    1       0       0    2362    5759   1
    631   365    1       0    2358    2363    5759   1
    672   365    1       0    2359    2364    2367   1
    679   365    1       0    2360    2365    2368   1
    629   366    1       0    2361    5758    7500   1
    630   366    1       0    2362    5759    7500   1
    631   366    1    2358    2363    5759    7500   1
    670   366    1    5744    5753    2366    2373   1
    672   366    1    2359    2364    2367       0   1
    679   366    1    2360    2365    2368    2374   1
    578   367    1       0       0    2369    5766   1
    579   367    1       0       0    2370    5766   1
    624   367    1       0       0    2371    5769   1
    625   367    1       0       0    2372    5769   1
    670   367    1    5753    2366    2373    2377   1
    672   367    1    2364    2367       0       0   1
    679   367    1    2365    2368    2374    5774   1
    578   368    1       0    2369    5766    5778   1
    579   368    1       0    2370    5766    5778   1
    580   368    1       0       0    2375    2378   1
    588   368    1       0       0    2376    2384   1
    624   368    1       0    2371    5769    5787   1
    625   368    1       0    2372    5769    5787   1
    670   368    1    2366    2373    2377    2388   1
    679   368    1    2368    2374    5774    5792   1
    580   369    1       0    2375    2378    5779   1
    581   369    1       0       0    2379    5779   1
    582   369    1       0       0    2380    5780   1
    583   369    1       0       0    2381    5780   1
    584   369    1       0       0    2382    5781   1
    585   369    1       0       0    2383    5781   1
    588   369    1       0    2376    2384    5783   1
    589   369    1       0       0    2385    5783   1
    590   369    1       0       0    2386    2389   1
    621   369    1       0       0    2387    5785   1
    670   369    1    2373    2377    2388    2390   1
    580   370    1    2375    2378    5779    7508   1
    581   370    1       0    2379    5779    7508   1
    582   370    1       0    2380    5780    7508   1
    583   370    1       0    2381    5780    7508   1
    584   370    1       0    2382    5781    7509   1
    585   370    1       0    2383    5781    7509   1
    588   370    1    2376    2384    5783    5795   1
    589   370    1       0    2385    5783    5795   1
    590   370    1       0    2386    2389    2391   1
    621   370    1       0    2387    5785    5800   1
    670   370    1    2377    2388    2390    2395   1
    590   371    1    2386    2389    2391    2397   1
    598   371    1       0       0    2392    5796   1
    599   371    1       0       0    2393    5796   1
    619   371    1       0       0    2394    5799   1
    670   371    1    2388    2390    2395    5803   1
    671   371    1       0       0    2396    5803   1
    590   372    1    2389    2391    2397    2399   1
    598   372    1       0    2392    5796    5809   1
    599   372    1       0    2393    5796    5809   1
    617   372    1       0       0    2398    2407   1
    619   372    1       0    2394    5799    5819   1
    670   372    1    2390    2395    5803    5823   1
    671   372    1       0    2396    5803    5823   1
    590   373    1    2391    2397    2399    5807   1
    597   373    1       0       0    2400    5808   1
    604   373    1       0       0    2401    5812   1
    605   373    1       0       0    2402    5812   1
    608   373    1       0       0    2403    5814   1
    609   373    1       0       0    2404    5814   1
    615   373    1       0       0    2405    5817   1
    616   373    1       0       0    2406    5818   1
    617   373    1       0    2398    2407    5818   1
    590   374    1    2397    2399    5807    5827   1
    597   374    1       0    2400    5808    5830   1
    604   374    1       0    2401    5812    7520   1
    605   374    1       0    2402    5812    7520   1
    608   374    1       0    2403    5814    7521   1
    609   374    1       0    2404    5814    7521   1
    615   374    1       0    2405    5817    7522   1
    616   374    1       0    2406    5818    7523   1
    617   374    1    2398    2407    5818    7523   1
    592   375    1       0       0    2408    5828   1
    593   375    1       0       0    2409    5828   1
    594   375    1       0       0    2410    5829   1
    592   376    1       0    2408    5828    5834   1
    593   376    1       0    2409    5828    5834   1
    594   376    1       0    2410    5829    5835   1
    654   384    1    5839    5843    2411       0   1
    655   384    1    5839    5843    2412    2415   1
    656   384    1    5840    5844    2413       0   1
    657   384    1    5840    5844    2414    2416   1
    654   385    1    5843    2411       0       0   1
    655   385    1    5843    2412    2415       0   1
    656   385    1    5844    2413       0       0   1
    657   385    1    5844    2414    2416       0   1
    622   386    1    7546    5849    2417       0   1
    623   386    1    7546    5849    2418       0   1
    624   386    1    7547    5850    2419       0   1
    625   386    1    7547    5850    2420       0   1
    626   386    1    7547    5851    2421       0   1
    627   386    1    7547    5851    2422    2425   1
    628   386    1    7548    5852    2423       0   1
    629   386    1    7548    5852    2424    2426   1
    655   386    1    2412    2415       0       0   1
    657   386    1    2414    2416       0       0   1
    622   387    1    5849    2417       0       0   1
    623   387    1    5849    2418       0       0   1
    624   387    1    5850    2419       0       0   1
    625   387    1    5850    2420       0       0   1
    626   387    1    5851    2421       0       0   1
    627   387    1    5851    2422    2425       0   1
    628   387    1    5852    2423       0       0   1
    629   387    1    5852    2424    2426       0   1
    657   387    1       0       0    2427       0   1
    618   388    1    5847    5861    2428    2433   1
    627   388    1    2422    2425       0       0   1
    629   388    1    2424    2426       0       0   1
    632   388    1    5854    5864    2429       0   1
    657   388    1       0    2427       0       0   1
    659   388    1    5857    5867    2430       0   1
    660   388    1    5858    5868    2431       0   1
    661   388    1    5858    5868    2432    2437   1
    618   389    1    5861    2428    2433    5877   1
    619   389    1       0       0    2434    5877   1
    632   389    1    5864    2429       0       0   1
    633   389    1       0       0    2435    5882   1
    654   389    1       0       0    2436       0   1
    659   389    1    5867    2430       0       0   1
    660   389    1    5868    2431       0       0   1
    661   389    1    5868    2432    2437       0   1
    618   390    1    2428    2433    5877    5889   1
    619   390    1       0    2434    5877    5889   1
    626   390    1       0       0    2438    2440   1
    633   390    1       0    2435    5882    7570   1
    654   390    1       0    2436       0       0   1
    655   390    1       0       0    2439       0   1
    661   390    1    2432    2437       0       0   1
    626   391    1       0    2438    2440    5893   1
    627   391    1       0       0    2441    5893   1
    628   391    1       0       0    2442    5894   1
    629   391    1       0       0    2443    5894   1
    654   391    1       0       0    2444    5897   1
    655   391    1       0    2439       0       0   1
    626   392    1    2438    2440    5893    5905   1
    627   392    1       0    2441    5893    5905   1
    628   392    1       0    2442    5894    5906   1
    629   392    1       0    2443    5894    5906   1
    654   392    1       0    2444    5897    5909   1
    662   392    1    5873    5885    2445       0   1
    662   393    1    5885    2445       0       0   1
    656   395    1       0       0    2446    5919   1
    663   395    1       0       0    2447    5920   1
    618   396    1    5889    5901    2448       0   1
    619   396    1    5889    5901    2449    2451   1
    656   396    1       0    2446    5919    5933   1
    661   396    1       0       0    2450    2455   1
    663   396    1       0    2447    5920    5936   1
    618   397    1    5901    2448       0       0   1
    619   397    1    5901    2449    2451       0   1
    658   397    1       0       0    2452    5934   1
    659   397    1       0       0    2453    5934   1
    660   397    1       0       0    2454    5935   1
    661   397    1       0    2450    2455    5935   1
    616   398    1    5900    5914    2456       0   1
    619   398    1    2449    2451       0       0   1
    658   398    1       0    2452    5934    7600   1
    659   398    1       0    2453    5934    7600   1
    660   398    1       0    2454    5935    7601   1
    661   398    1    2450    2455    5935    7601   1
    616   399    1    5914    2456       0       0   1
    677   400    1    5925    5941    2457    2458   1
    677   401    1    5941    2457    2458    5956   1
    619   402    1       0       0    2459       0   1
    677   402    1    2457    2458    5956    7624   1
    619   403    1       0    2459       0       0   1
    616   404    1       0       0    2460    2462   1
    619   404    1       0       0    2461    2464   1
    616   405    1       0    2460    2462    2465   1
    618   405    1       0       0    2463       0   1
    619   405    1       0    2461    2464    2466   1
    616   406    1    2460    2462    2465    2467   1
    618   406    1       0    2463       0       0   1
    619   406    1    2461    2464    2466    2470   1
    616   407    1    2462    2465    2467    5972   1
    617   407    1       0       0    2468    5972   1
    618   407    1       0       0    2469    5973   1
    619   407    1    2464    2466    2470    5973   1
    616   408    1    2465    2467    5972    5989   1
    617   408    1       0    2468    5972    5989   1
    618   408    1       0    2469    5973    5990   1
    619   408    1    2466    2470    5973    5990   1
     62   410    1    7607    5967    2471    2472   1
     62   411    1    5967    2471    2472    6002   1
     63   411    1       0       0    2473    6002   1
     62   412    1    2471    2472    6002    6009   1
     63   412    1       0    2473    6002    6009   1
    628   412    1    5978    5995    2474       0   1
    629   412    1    5978    5995    2475    2479   1
    630   412    1    5979    5996    2476       0   1
    631   412    1    5979    5996    2477       0   1
    637   412    1    5982    5999    2478    2480   1
    628   413    1    5995    2474       0       0   1
    629   413    1    5995    2475    2479       0   1
    630   413    1    5996    2476       0       0   1
    631   413    1    5996    2477       0       0   1
    637   413    1    5999    2478    2480    2482   1
    626   414    1    5994    6006    2481    2483   1
    629   414    1    2475    2479       0       0   1
    637   414    1    2478    2480    2482    2485   1
    626   415    1    6006    2481    2483       0   1
    627   415    1       0       0    2484       0   1
    637   415    1    2480    2482    2485    2486   1
    626   416    1    2481    2483       0       0   1
    627   416    1       0    2484       0       0   1
    637   416    1    2482    2485    2486    2487   1
    637   417    1    2485    2486    2487    2489   1
    624   418    1    6012    6016    2488    2490   1
    637   418    1    2486    2487    2489    2498   1
    624   419    1    6016    2488    2490    6023   1
    625   419    1       0       0    2491    6023   1
    626   419    1       0       0    2492    6024   1
    627   419    1       0       0    2493    6024   1
    631   419    1       0       0    2494    6025   1
    633   419    1       0       0    2495    6026   1
    634   419    1       0       0    2496    6027   1
    636   419    1       0       0    2497    6028   1
    637   419    1    2487    2489    2498    6028   1
    624   420    1    2488    2490    6023    6038   1
    625   420    1       0    2491    6023    6038   1
    626   420    1       0    2492    6024    6039   1
    627   420    1       0    2493    6024    6039   1
    631   420    1       0    2494    6025    6041   1
    633   420    1       0    2495    6026    6042   1
    634   420    1       0    2496    6027       0   1
    636   420    1       0    2497    6028    6043   1
    637   420    1    2489    2498    6028    6043   1
    628   421    1       0       0    2499    6040   1
    629   421    1       0       0    2500    6040   1
    628   422    1       0    2499    6040    7674   1
    629   422    1       0    2500    6040    7674   1
    635   422    1       0    6027    2501    2502   1
    635   423    1    6027    2501    2502    6052   1
    635   424    1    2501    2502    6052    6060   1
    660   424    1    6032    6047    2503       0   1
    661   424    1    6032    6047    2504    2507   1
    662   424    1    6033    6048    2505       0   1
    663   424    1    6033    6048    2506    2508   1
    660   425    1    6047    2503       0       0   1
    661   425    1    6047    2504    2507       0   1
    662   425    1    6048    2505       0       0   1
    663   425    1    6048    2506    2508       0   1
    658   426    1    6046    6056    2509       0   1
    659   426    1    6046    6056    2510       0   1
    661   426    1    2504    2507       0       0   1
    663   426    1    2506    2508       0       0   1
    664   426    1    6049    6057    2511       0   1
    665   426    1    6049    6057    2512    2513   1
    658   427    1    6056    2509       0       0   1
    659   427    1    6056    2510       0       0   1
    664   427    1    6057    2511       0       0   1
    665   427    1    6057    2512    2513    2514   1
    665   428    1    2512    2513    2514    2515   1
    665   429    1    2513    2514    2515    6073   1
    658   430    1       0       0    2516    2517   1
    665   430    1    2514    2515    6073    6084   1
    658   431    1       0    2516    2517    6081   1
    659   431    1       0       0    2518    6081   1
    662   431    1       0       0    2519    6083   1
    663   431    1       0       0    2520    6083   1
      1   432    1    6065    6069    2521       0   1
    658   432    1    2516    2517    6081    6089   1
    659   432    1       0    2518    6081    6089   1
    662   432    1       0    2519    6083    6091   1
    663   432    1       0    2520    6083    6091   1
      1   433    1    6069    2521       0       0   1
      3   434    1    6070    6075    2522       0   1
      4   434    1    7680    6076    2523       0   1
      5   434    1    7680    6076    2524       0   1
      7   434    1    7680    6077    2525    2526   1
      3   435    1    6075    2522       0       0   1
      4   435    1    6076    2523       0       0   1
      5   435    1    6076    2524       0       0   1
      7   435    1    6077    2525    2526    2527   1
      7   436    1    2525    2526    2527    2529   1
      6   437    1       0       0    2528    6096   1
      7   437    1    2526    2527    2529    6096   1
      5   438    1       0       0    2530    2531   1
      6   438    1       0    2528    6096    6099   1
      7   438    1    2527    2529    6096    6099   1
      5   439    1       0    2530    2531    2532   1
      5   440    1    2530    2531    2532    2533   1
      5   441    1    2531    2532    2533    2534   1
      5   442    1    2532    2533    2534    2535   1
      5   443    1    2533    2534    2535    2536   1
      5   444    1    2534    2535    2536    2538   1
      4   445    1       0       0    2537    6102   1
      5   445    1    2535    2536    2538    6102   1
      4   446    1       0    2537    6102    6104   1
      5   446    1    2536    2538    6102    6104   1
      3   449    1       0       0    2539    2540   1
      3   450    1       0    2539    2540    2541   1
      3   451    1    2539    2540    2541    6116   1
      3   452    1    2540    2541    6116    6124   1
    672   452    1    6108    6114    2542       0   1
    673   452    1    6108    6114    2543    2544   1
    672   453    1    6114    2542       0       0   1
    673   453    1    6114    2543    2544       0   1
    673   454    1    2543    2544       0       0   1
    675   454    1    6115    6121    2545    2549   1
    672   455    1       0       0    2546    6134   1
    673   455    1       0       0    2547    6134   1
    674   455    1       0       0    2548    6135   1
    675   455    1    6121    2545    2549    6135   1
      1   456    1       0       0    2550    2552   1
    672   456    1       0    2546    6134    6142   1
    673   456    1       0    2547    6134    6142   1
    674   456    1       0    2548    6135    6143   1
    675   456    1    2545    2549    6135    6143   1
      0   457    1       0       0    2551    6138   1
      1   457    1       0    2550    2552    6138   1
      0   458    1       0    2551    6138    7734   1
      1   458    1    2550    2552    6138    7734   1
    654   472    1    6147    6151    2553       0   1
    656   472    1    6148    6152    2554       0   1
    657   472    1    6148    6152    2555    2556   1
    654   473    1    6151    2553       0       0   1
    656   473    1    6152    2554       0       0   1
    657   473    1    6152    2555    2556       0   1
    654   474    1       0       0    2557       0   1
    657   474    1    2555    2556       0       0   1
    653   475    1       0       0    2558    2560   1
    654   475    1       0    2557       0       0   1
    650   476    1    6155    6161    2559    2564   1
    653   476    1       0    2558    2560    2567   1
    657   476    1       0       0    2561    2569   1
    660   476    1    6158    6163    2562       0   1
    661   476    1    6158    6163    2563    2570   1
    650   477    1    6161    2559    2564    6171   1
    651   477    1       0       0    2565    6171   1
    652   477    1       0       0    2566    6172   1
    653   477    1    2558    2560    2567    6172   1
    654   477    1       0       0    2568    6173   1
    657   477    1       0    2561    2569    6174   1
    660   477    1    6163    2562       0       0   1
    661   477    1    6163    2563    2570       0   1
    650   478    1    2559    2564    6171    7771   1
    651   478    1       0    2565    6171    7771   1
    652   478    1       0    2566    6172    7772   1
    653   478    1    2560    2567    6172    7772   1
    654   478    1       0    2568    6173    7772   1
    657   478    1    2561    2569    6174    6177   1
    658   478    1    6162    6166    2571    2573   1
    661   478    1    2563    2570       0       0   1
    663   478    1    6164    6167    2572    2574   1
    658   479    1    6166    2571    2573    2575   1
    663   479    1    6167    2572    2574       0   1
    658   480    1    2571    2573    2575    2576   1
    663   480    1    2572    2574       0       0   1
    658   481    1    2573    2575    2576    6183   1
    659   481    1       0       0    2577    6183   1
    660   481    1       0       0    2578    6184   1
    663   481    1       0       0    2579       0   1
    658   482    1    2575    2576    6183    6188   1
    659   482    1       0    2577    6183    6188   1
    660   482    1       0    2578    6184    2585   1
    663   482    1       0    2579       0       0   1
    664   482    1    6175    6178    2580       0   1
    665   482    1    6175    6178    2581       0   1
    666   482    1    6176    6179    2582       0   1
    667   482    1    6176    6179    2583    2584   1
    664   483    1    6178    2580       0       0   1
    665   483    1    6178    2581       0       0   1
    666   483    1    6179    2582       0       0   1
    667   483    1    6179    2583    2584    2586   1
    660   484    1    2578    6184    2585    2587   1
    667   484    1    2583    2584    2586    2591   1
    660   485    1    6184    2585    2587    6193   1
    661   485    1       0       0    2588    6193   1
    662   485    1       0       0    2589    6194   1
    663   485    1       0       0    2590    6194   1
    667   485    1    2584    2586    2591    6196   1
    660   486    1    2585    2587    6193    7790   1
    661   486    1       0    2588    6193    7790   1
    662   486    1       0    2589    6194    7790   1
    663   486    1       0    2590    6194    7790   1
    667   486    1    2586    2591    6196    7791   1
    350   494    1    7782    6200    2592    2594   1
    353   494    1    7783    6201    2593    2597   1
    350   495    1    6200    2592    2594    6214   1
    351   495    1       0       0    2595    6214   1
    352   495    1       0       0    2596    6215   1
    353   495    1    6201    2593    2597    6215   1
    350   496    1    2592    2594    6214    6225   1
    351   496    1       0    2595    6214    6225   1
    352   496    1       0    2596    6215    6226   1
    353   496    1    2593    2597    6215    6226   1
    652   496    1    6205    6211    2598       0   1
    653   496    1    6205    6211    2599    2600   1
    652   497    1    6211    2598       0       0   1
    653   497    1    6211    2599    2600       0   1
    650   498    1    6210    6218    2601    2605   1
    653   498    1    2599    2600       0       0   1
    655   498    1    6212    6219    2602    2607   1
    658   498    1    7799    6221    2603    2608   1
    661   498    1    7800    6222    2604    2611   1
    650   499    1    6218    2601    2605    6236   1
    651   499    1       0       0    2606    6236   1
    655   499    1    6219    2602    2607       0   1
    658   499    1    6221    2603    2608    6238   1
    659   499    1       0       0    2609    6238   1
    660   499    1       0       0    2610    6239   1
    661   499    1    6222    2604    2611    6239   1
    650   500    1    2601    2605    6236    6244   1
    651   500    1       0    2606    6236    6244   1
    655   500    1    2602    2607       0       0   1
    658   500    1    2603    2608    6238    6245   1
    659   500    1       0    2609    6238    6245   1
    660   500    1       0    2610    6239    6246   1
    661   500    1    2604    2611    6239    6246   1
    353   502    1    6226    6233    2612    2617   1
    652   502    1       0       0    2613    2618   1
    350   503    1       0       0    2614    6249   1
    351   503    1       0       0    2615    6249   1
    352   503    1       0       0    2616    6250   1
    353   503    1    6233    2612    2617    6250   1
    652   503    1       0    2613    2618    6254   1
    653   503    1       0       0    2619    6254   1
    657   503    1       0       0    2620    2621   1
    350   504    1       0    2614    6249    6257   1
    351   504    1       0    2615    6249    6257   1
    352   504    1       0    2616    6250    6258   1
    353   504    1    2612    2617    6250    6258   1
    652   504    1    2613    2618    6254    6262   1
    653   504    1       0    2619    6254    6262   1
    657   504    1       0    2620    2621    2622   1
    657   505    1    2620    2621    2622    2623   1
    657   506    1    2621    2622    2623    2627   1
    654   507    1       0       0    2624    6265   1
    655   507    1       0       0    2625    6265   1
    656   507    1       0       0    2626    6266   1
    657   507    1    2622    2623    2627    6266   1
    654   508    1       0    2624    6265    6271   1
    655   508    1       0    2625    6265    6271   1
    656   508    1       0    2626    6266    6272   1
    657   508    1    2623    2627    6266    6272   1
    659   510    1    6263    6267    2628    2630   1
    658   511    1       0       0    2629       0   1
    659   511    1    6267    2628    2630       0   1
    658   512    1       0    2629       0       0   1
    659   512    1    2628    2630       0       0   1
    536     0    2      -1      -1    2631    2665   2
    538     0    2      -1      -1    2632    2666   2
    540     0    2      -1      -1    2633    2667   2
    542     0    2      -1      -1    2634    2668   2
    600     0    2      -1      -1    2635    2669   2
    602     0    2      -1      -1    2636       0   2
    630     0    2      -1      -1    2637    2670   2
    632     0    2      -1      -1    2638    2671   2
    634     0    2      -1      -1    2639    2672   2
    656     0    2      -1      -1    2640    2673   2
    658     0    2      -1      -1    2641    2674   2
    672     0    2      -1      -1    2642    2677   2
    674     0    2      -1      -1    2643    2678   2
    676     0    2      -1      -1    2644    2679   2
    678     0    2      -1      -1    2645    2680   2
    680     0    2      -1      -1    2646    2681   2
    682     0    2      -1      -1    2647    2682   2
    684     0    2      -1      -1    2648    2683   2
    686     0    2      -1      -1    2649    2684   2
    688     0    2      -1      -1    2650       0   2
    706     0    2      -1      -1    2651    2685   2
    736     0    2      -1      -1    2652    2686   2
    762     0    2      -1      -1    2653    2689   2
    764     0    2      -1      -1    2654    2690   2
    766     0    2      -1      -1    2655      -1   2
    772     0    2      -1      -1    2656    2691   2
    774     0    2      -1      -1    2657    2692   2
    780     0    2      -1      -1    2658    2693   2
    782     0    2      -1      -1    2659    2694   2
    788     0    2      -1      -1    2660    2697   2
    790     0    2      -1      -1    2661    2698   2
    796     0    2      -1      -1    2662    2699   2
    802     0    2      -1      -1    2663       0   2
    866     0    2      -1      -1    2664    2702   2
    536     2    2      -1    2631    2665    6301   2
    538     2    2      -1    2632    2666    6301   2
    540     2    2      -1    2633    2667    6302   2
    542     2    2      -1    2634    2668    6302   2
    600     2    2      -1    2635    2669    2705   2
    603     2    1      -1    2636       0       0   2
    630     2    2      -1    2637    2670      56   2
    632     2    2      -1    2638    2671    2706   2
    634     2    2      -1    2639    2672    2707   2
    656     2    2      -1    2640    2673    6316   2
    658     2    2      -1    2641    2674    6316   2
    672     2    2      -1    2642    2677    2712   2
    674     2    2      -1    2643    2678    2713   2
    676     2    2      -1    2644    2679    2714   2
    678     2    2      -1    2645    2680    2715   2
    680     2    2      -1    2646    2681      59   2
    682     2    2      -1    2647    2682      61   2
    684     2    2      -1    2648    2683    2716   2
    686     2    2      -1    2649    2684    2717   2
    689     2    1      -1    2650       0       0   2
    706     2    2      -1    2651    2685    2719   2
    736     2    2      -1    2652    2686    2720   2
    762     2    2      -1    2653    2689    2723   2
    764     2    2      -1    2654    2690       0   2
    766     2    2      -1    2655      -1      -1   2
    772     2    2      -1    2656    2691    2724   2
    774     2    2      -1    2657    2692    2725   2
    780     2    2      -1    2658    2693    2726   2
    782     2    2      -1    2659    2694    2727   2
    788     2    2      -1    2660    2697    2730   2
    790     2    2      -1    2661    2698    2731   2
    796     2    2      -1    2662    2699    2733   2
    803     2    1      -1    2663       0       0   2
    862     2    2      -1      -1    2700    2735   2
    864     2    1       0       0    2701    6321   2
    866     2    2      -1    2664    2702    6321   2
    536     4    2    2631    2665    6301    7844   2
    538     4    2    2632    2666    6301    7844   2
    540     4    2    2633    2667    6302    7844   2
    542     4    2    2634    2668    6302    7844   2
    596     4    2      -2    6286    2703    2736   2
    598     4    2      -2    6286    2704    2737   2
    600     4    2    2635    2669    2705      -1   2
    632     4    2    2638    2671    2706    2738   2
    634     4    2    2639    2672    2707    2739   2
    636     4    2      -2    6287    2708    2740   2
    638     4    2      -2    6287    2709    2741   2
    656     4    2    2640    2673    6316    6336   2
    658     4    2    2641    2674    6316    6336   2
    660     4    2      15    2675    2710    2742   2
    662     4    2      17    2676    2711    2743   2
    672     4    2    2642    2677    2712    2744   2
    674     4    2    2643    2678    2713    2745   2
    676     4    2    2644    2679    2714    2746   2
    678     4    2    2645    2680    2715    2747   2
    684     4    2    2648    2683    2716       0   2
    686     4    2    2649    2684    2717    2748   2
    706     4    2    2651    2685    2719    2754   2
    736     4    2    2652    2686    2720    2755   2
    739     4    1      20    2687       0       0   2
    758     4    1       0       0    2721    2758   2
    760     4    2      24    2688    2722    2759   2
    762     4    2    2653    2689    2723    2760   2
    765     4    1    2654    2690       0       0   2
    772     4    2    2656    2691    2724    2761   2
    774     4    2    2657    2692    2725    2762   2
    780     4    2    2658    2693    2726    2763   2
    782     4    2    2659    2694    2727    2764   2
    784     4    2      26    2695    2728    2765   2
    786     4    2      28    2696    2729    2766   2
    788     4    2    2660    2697    2730    2767   2
    790     4    2    2661    2698    2731    2768   2
    794     4    1       0       0    2732    2770   2
    796     4    2    2662    2699    2733    2771   2
    799     4    1       0       0    2734    2772   2
    862     4    2      -1    2700    2735    2773   2
    864     4    2       0    2701    6321    6341   2
    866     4    2    2664    2702    6321    6341   2
    596     6    2    6286    2703    2736    2774   2
    598     6    2    6286    2704    2737       0   2
    600     6    2    2669    2705      -1      -1   2
    632     6    2    2671    2706    2738      -1   2
    634     6    2    2672    2707    2739     122   2
    636     6    2    6287    2708    2740    2775   2
    638     6    2    6287    2709    2741    2776   2
    660     6    2    2675    2710    2742    2777   2
    662     6    2    2676    2711    2743    2778   2
    672     6    2    2677    2712    2744     125   2
    674     6    2    2678    2713    2745    2779   2
    676     6    2    2679    2714    2746    2780   2
    678     6    2    2680    2715    2747       0   2
    684     6    1    2683    2716       0       0   2
    686     6    2    2684    2717    2748    2781   2
    688     6    2      47    2718    2749    6337   2
    692     6    2      -1      -1    2751    2782   2
    694     6    2      -1      -1    2752    2783   2
    700     6    2      -1      -1    2753    2785   2
    706     6    2    2685    2719    2754    2788   2
    736     6    2    2686    2720    2755    2789   2
    754     6    1       0       0    2756    2792   2
    758     6    2       0    2721    2758    2794   2
    760     6    2    2688    2722    2759    2795   2
    762     6    2    2689    2723    2760      -1   2
    772     6    2    2691    2724    2761    2797   2
    774     6    2    2692    2725    2762    2798   2
    780     6    2    2693    2726    2763    2801   2
    782     6    2    2694    2727    2764    2802   2
    784     6    2    2695    2728    2765       0   2
    786     6    2    2696    2729    2766      -1   2
    788     6    2    2697    2730    2767      -1   2
    790     6    2    2698    2731    2768       0   2
    792     6    2      -1      -1    2769    2803   2
    794     6    2       0    2732    2770    2804   2
    796     6    2    2699    2733    2771    2805   2
    798     6    2       0    2734    2772    2806   2
    862     6    2    2700    2735    2773    2816   2
    596     8    2    2703    2736    2774    2817   2
    599     8    1    2704    2737       0       0   2
    632     8    2    2706    2738      -1      -1   2
    636     8    2    2708    2740    2775    2819   2
    638     8    2    2709    2741    2776    2820   2
    660     8    2    2710    2742    2777    2821   2
    662     8    2    2711    2743    2778    2822   2
    674     8    2    2713    2745    2779    2823   2
    676     8    2    2714    2746    2780    2824   2
    679     8    1    2715    2747       0       0   2
    686     8    2    2717    2748    2781    2826   2
    688     8    2    2718    2749    6337    6351   2
    690     8    2      78    2750    6337    6351   2
    692     8    2      -1    2751    2782    2827   2
    694     8    2      -1    2752    2783    2828   2
    700     8    2      -1    2753    2785    2831   2
    703     8    1       0       0    2786    2832   2
    704     8    1       0       0    2787    2833   2
    706     8    2    2719    2754    2788    2834   2
    736     8    2    2720    2755    2789    2835   2
    750     8    1       0       0    2790    2838   2
    754     8    2       0    2756    2792    2840   2
    756     8    2      84    2757    2793    2841   2
    758     8    2    2721    2758    2794    2842   2
    760     8    2    2722    2759    2795       0   2
    762     8    2    2723    2760      -1      -1   2
    772     8    2    2724    2761    2797    2844   2
    774     8    2    2725    2762    2798    2845   2
    776     8    2    6295    6320    2799    2846   2
    778     8    2    6295    6320    2800    2847   2
    780     8    2    2726    2763    2801    2848   2
    782     8    2    2727    2764    2802      -1   2
    785     8    1    2728    2765       0       0   2
    786     8    2    2729    2766      -1      -1   2
    788     8    2    2730    2767      -1      -1   2
    790     8    1    2731    2768       0       0   2
    792     8    2      -1    2769    2803    2849   2
    794     8    2    2732    2770    2804    2850   2
    796     8    2    2733    2771    2805    2851   2
    798     8    2    2734    2772    2806    2852   2
    816     8    2      -1      -1    2807    2856   2
    818     8    2      -1      -1    2808    2857   2
    820     8    1       0       0    2809    2858   2
    825     8    1       0       0    2811    2860   2
    826     8    2      -1      -1    2812    2861   2
    828     8    2      -1      -1    2813    2862   2
    858     8    2      -1      -1    2814    2867   2
    862     8    2    2735    2773    2816    2869   2
    596    10    2    2736    2774    2817    2878   2
    636    10    2    2740    2775    2819       0   2
    638    10    2    2741    2776    2820    2880   2
    660    10    2    2742    2777    2821    2881   2
    662    10    2    2743    2778    2822    2882   2
    674    10    2    2745    2779    2823    2883   2
    676    10    2    2746    2780    2824    2884   2
    686    10    2    2748    2781    2826    2886   2
    692    10    2    2751    2782    2827    6352   2
    694    10    2    2752    2783    2828    6352   2
    698    10    2     103    2784    2830    6353   2
    700    10    2    2753    2785    2831    6354   2
    702    10    2       0    2786    2832    6354   2
    704    10    2       0    2787    2833    6355   2
    706    10    2    2754    2788    2834    6355   2
    736    10    2    2755    2789    2835    2887   2
    750    10    2       0    2790    2838    6359   2
    752    10    2     110    2791    2839    6360   2
    754    10    2    2756    2792    2840    6360   2
    756    10    2    2757    2793    2841    2891   2
    758    10    2    2758    2794    2842    2892   2
    761    10    1    2759    2795       0       0   2
    770    10    2     112    2796    2843    2894   2
    772    10    2    2761    2797    2844    2895   2
    774    10    2    2762    2798    2845    2896   2
    776    10    2    6320    2799    2846    2897   2
    778    10    2    6320    2800    2847    2898   2
    780    10    2    2763    2801    2848       0   2
    782    10    2    2764    2802      -1      -1   2
    792    10    2    2769    2803    2849    2899   2
    794    10    2    2770    2804    2850    2900   2
    796    10    2    2771    2805    2851    2901   2
    798    10    2    2772    2806    2852    2902   2
    805    10    1       0       0    2853     223   2
    816    10    2      -1    2807    2856    6361   2
    818    10    2      -1    2808    2857    6361   2
    820    10    2       0    2809    2858    6362   2
    822    10    2     116    2810    2859    6362   2
    824    10    2       0    2811    2860    6363   2
    826    10    2      -1    2812    2861    6363   2
    828    10    2      -1    2813    2862    6364   2
    858    10    2      -1    2814    2867    2917   2
    860    10    2     119    2815    2868    6365   2
    862    10    2    2773    2816    2869    6365   2
    564    12    2    6308    6326    2870    2918   2
    566    12    2    6308    6326    2871    2919   2
    568    12    2    6309    6327    2872    2920   2
    570    12    2    6309    6327    2873    2921   2
    572    12    2    6310    6328    2874    2922   2
    574    12    2    6310    6328    2875    2923   2
    592    12    2    6311    6333    2876    2924   2
    594    12    2    6311    6333    2877    2925   2
    596    12    2    2774    2817    2878    2926   2
    598    12    2     139    2818    2879       0   2
    636    12    1    2775    2819       0       0   2
    638    12    2    2776    2820    2880    2927   2
    660    12    2    2777    2821    2881    2928   2
    662    12    2    2778    2822    2882    2929   2
    674    12    2    2779    2823    2883    2932   2
    676    12    2    2780    2824    2884    2933   2
    684    12    2     146    2825    2885    2935   2
    686    12    2    2781    2826    2886    2936   2
    692    12    2    2782    2827    6352    6378   2
    694    12    2    2783    2828    6352    6378   2
    696    12    2     148    2829    6353    7856   2
    698    12    2    2784    2830    6353    7856   2
    700    12    2    2785    2831    6354    7856   2
    702    12    2    2786    2832    6354    7856   2
    704    12    2    2787    2833    6355    7857   2
    706    12    2    2788    2834    6355    7857   2
    736    12    2    2789    2835    2887    2937   2
    744    12    1       0       0    2889    2941   2
    746    12    2     151    2836    2890    2942   2
    748    12    2     153    2837    6359    2989   2
    750    12    2    2790    2838    6359    2990   2
    752    12    2    2791    2839    6360    6382   2
    754    12    2    2792    2840    6360    6382   2
    756    12    2    2793    2841    2891    2943   2
    758    12    2    2794    2842    2892       0   2
    768    12    1       0       0    2893    2944   2
    770    12    2    2796    2843    2894    2945   2
    772    12    2    2797    2844    2895    2946   2
    774    12    2    2798    2845    2896    2947   2
    776    12    2    2799    2846    2897    2948   2
    778    12    2    2800    2847    2898       0   2
    781    12    1    2801    2848       0       0   2
    792    12    2    2803    2849    2899    2949   2
    794    12    2    2804    2850    2900    2950   2
    796    12    2    2805    2851    2901    2951   2
    798    12    2    2806    2852    2902    2952   2
    801    12    1       0       0    2903    2953   2
    802    12    1       0       0    2904    2954   2
    812    12    2     159    2854    2905    2956   2
    814    12    2     161    2855    2906    2957   2
    816    12    2    2807    2856    6361    6385   2
    818    12    2    2808    2857    6361    6385   2
    820    12    2    2809    2858    6362    6386   2
    822    12    2    2810    2859    6362    6386   2
    824    12    2    2811    2860    6363    6387   2
    826    12    2    2812    2861    6363    6387   2
    828    12    2    2813    2862    6364    6388   2
    830    12    2     163    2863    6364    6388   2
    832    12    2     165    2864    2907    2958   2
    834    12    2     167    2865    2908    2959   2
    836    12    1       0       0    2909    2960   2
    850    12    1       0       0    2913    2964   2
    856    12    2     170    2866    2916    2967   2
    858    12    2    2814    2867    2917    2968   2
    860    12    2    2815    2868    6365    6393   2
    862    12    2    2816    2869    6365    6393   2
    564    14    2    6326    2870    2918    2969   2
    566    14    2    6326    2871    2919    2970   2
    568    14    2    6327    2872    2920       0   2
    570    14    2    6327    2873    2921       0   2
    572    14    2    6328    2874    2922    2971   2
    574    14    2    6328    2875    2923    2972   2
    592    14    2    6333    2876    2924    2975   2
    594    14    2    6333    2877    2925    2976   2
    596    14    2    2817    2878    2926     280   2
    599    14    1    2818    2879       0       0   2
    638    14    2    2820    2880    2927    2977   2
    660    14    2    2821    2881    2928    6375   2
    662    14    2    2822    2882    2929    6375   2
    666    14    2      -1      -1    2931    2979   2
    674    14    2    2823    2883    2932    2981   2
    676    14    2    2824    2884    2933    2982   2
    682    14    1       0       0    2934    2984   2
    684    14    2    2825    2885    2935    6376   2
    686    14    2    2826    2886    2936    6376   2
    736    14    2    2835    2887    2937    6381   2
    742    14    2     189    2888    2940    2986   2
    744    14    2       0    2889    2941    2987   2
    746    14    2    2836    2890    2942    2988   2
    756    14    2    2841    2891    2943    2991   2
    759    14    1    2842    2892       0       0   2
    768    14    2       0    2893    2944    2994   2
    770    14    2    2843    2894    2945    2995   2
    772    14    2    2844    2895    2946    2996   2
    774    14    2    2845    2896    2947    2997   2
    776    14    2    2846    2897    2948       0   2
    779    14    1    2847    2898       0       0   2
    792    14    2    2849    2899    2949       0   2
    794    14    2    2850    2900    2950    2998   2
    796    14    2    2851    2901    2951    6383   2
    798    14    2    2852    2902    2952    6383   2
    800    14    2       0    2903    2953    6384   2
    802    14    2       0    2904    2954    6384   2
    805    14    1       0       0    2955    2999   2
    812    14    2    2854    2905    2956    3001   2
    814    14    2    2855    2906    2957    3002   2
    832    14    2    2864    2907    2958    6389   2
    834    14    2    2865    2908    2959    6389   2
    836    14    2       0    2909    2960    6390   2
    838    14    2     202    2910    2961    6390   2
    840    14    2     204    2911    2962    3003   2
    842    14    2     206    2912    2963    3004   2
    850    14    2       0    2913    2964    3006   2
    852    14    2     210    2914    2965    6391   2
    854    14    2     212    2915    2966    6391   2
    856    14    2    2866    2916    2967    6392   2
    858    14    2    2867    2917    2968    6392   2
    564    16    2    2870    2918    2969    3007   2
    566    16    2    2871    2919    2970    3008   2
    569    16    1    2872    2920       0       0   2
    570    16    1    2873    2921       0       0   2
    572    16    2    2874    2922    2971    3011   2
    574    16    2    2875    2923    2972    3012   2
    588    16    2    6332    6347    2973    3013   2
    590    16    2    6332    6347    2974    3014   2
    592    16    2    2876    2924    2975     312   2
    594    16    2    2877    2925    2976       0   2
    638    16    2    2880    2927    2977    3015   2
    660    16    2    2881    2928    6375    3056   2
    662    16    2    2882    2929    6375    3057   2
    664    16    2     232    2930    2978    3016   2
    666    16    2      -1    2931    2979    3017   2
    674    16    2    2883    2932    2981    3021   2
    676    16    2    2884    2933    2982    3022   2
    682    16    2       0    2934    2984    3025   2
    684    16    2    2885    2935    6376    6407   2
    686    16    2    2886    2936    6376    6407   2
    736    16    2    2887    2937    6381    3062   2
    738    16    2     238    2938    6381    3063   2
    740    16    2     240    2939    2985    3026   2
    742    16    2    2888    2940    2986    3027   2
    744    16    2    2889    2941    2987     316   2
    746    16    2    2890    2942    2988       0   2
    748    16    2    2837    6359    2989    3028   2
    750    16    2    2838    6359    2990    3029   2
    756    16    2    2891    2943    2991    3030   2
    768    16    2    2893    2944    2994    3036   2
    770    16    2    2894    2945    2995    3037   2
    772    16    2    2895    2946    2996    3038   2
    774    16    2    2896    2947    2997     319   2
    777    16    1    2897    2948       0       0   2
    792    16    1    2899    2949       0       0   2
    794    16    2    2900    2950    2998    3039   2
    796    16    2    2901    2951    6383    6417   2
    798    16    2    2902    2952    6383    6417   2
    800    16    2    2903    2953    6384    6418   2
    802    16    2    2904    2954    6384    6418   2
    804    16    2       0    2955    2999    3040   2
    812    16    2    2905    2956    3001    3044   2
    814    16    2    2906    2957    3002    3045   2
    832    16    2    2907    2958    6389    6426   2
    834    16    2    2908    2959    6389    6426   2
    836    16    2    2909    2960    6390    6427   2
    838    16    2    2910    2961    6390    6427   2
    840    16    2    2911    2962    3003    3046   2
    842    16    2    2912    2963    3004    3047   2
    844    16    1       0       0    3005    3048   2
    850    16    2    2913    2964    3006    3051   2
    852    16    2    2914    2965    6391    6431   2
    854    16    2    2915    2966    6391    6431   2
    856    16    2    2916    2967    6392    6432   2
    858    16    2    2917    2968    6392    6432   2
    564    18    2    2918    2969    3007    6395   2
    566    18    2    2919    2970    3008    6395   2
    572    18    2    2922    2971    3011    6397   2
    574    18    2    2923    2972    3012    6397   2
    588    18    2    6347    2973    3013    3052   2
    590    18    2    6347    2974    3014    3053   2
    595    18    1    2925    2976       0       0   2
    638    18    2    2927    2977    3015    3055   2
    664    18    2    2930    2978    3016    3058   2
    666    18    2    2931    2979    3017    3059   2
    668    18    2     263    2980    3018    3060   2
    674    18    2    2932    2981    3021    6404   2
    676    18    2    2933    2982    3022    6405   2
    680    18    2     266    2983    3024    6406   2
    682    18    2    2934    2984    3025    6406   2
    740    18    2    2939    2985    3026    3064   2
    742    18    2    2940    2986    3027       0   2
    746    18    1    2942    2988       0       0   2
    748    18    2    6359    2989    3028    3065   2
    750    18    2    6359    2990    3029    3066   2
    756    18    2    2943    2991    3030    6413   2
    760    18    2      -1      -1    3032    6414   2
    762    18    1       0       0    3033    6414   2
    764    18    2     270    2992    3034    6415   2
    766    18    2     272    2993    3035    6415   2
    768    18    2    2944    2994    3036    6416   2
    770    18    2    2945    2995    3037    6416   2
    772    18    2    2946    2996    3038    3067   2
    794    18    2    2950    2998    3039    3068   2
    804    18    2    2955    2999    3040    6419   2
    806    18    2      -1      -1    3041    6419   2
    810    18    2     274    3000    3043    6420   2
    812    18    2    2956    3001    3044    6421   2
    814    18    2    2957    3002    3045    6421   2
    840    18    2    2962    3003    3046    6428   2
    842    18    2    2963    3004    3047    6428   2
    844    18    2       0    3005    3048    6429   2
    847    18    1       0       0    3049    6429   2
    850    18    2    2964    3006    3051    6430   2
    564    20    2    2969    3007    6395    7864   2
    566    20    2    2970    3008    6395    7864   2
    568    20    2     291    3009    6396    7865   2
    570    20    2     293    3010    6396    7865   2
    572    20    2    2971    3011    6397    7865   2
    574    20    2    2972    3012    6397    7865   2
    588    20    2    2973    3013    3052    3069   2
    590    20    2    2974    3014    3053     342   2
    638    20    2    2977    3015    3055    3072   2
    660    20    2    2928    6375    3056    3073   2
    662    20    2    2929    6375    3057    3074   2
    664    20    2    2978    3016    3058    3075   2
    666    20    2    2979    3017    3059     345   2
    668    20    2    2980    3018    3060    3076   2
    670    20    2     297    3019    3061    3077   2
    672    20    2     299    3020    6404    6442   2
    674    20    2    2981    3021    6404    6442   2
    676    20    2    2982    3022    6405    6443   2
    678    20    2     301    3023    6405    6443   2
    680    20    2    2983    3024    6406    7866   2
    682    20    2    2984    3025    6406    7866   2
    736    20    2    2937    6381    3062    3078   2
    738    20    2    2938    6381    3063    3079   2
    740    20    2    2985    3026    3064    3080   2
    743    20    1    2986    3027       0       0   2
    748    20    2    2989    3028    3065    3082   2
    750    20    2    2990    3029    3066    3083   2
    756    20    2    2991    3030    6413    6451   2
    758    20    2     303    3031    6413    6451   2
    760    20    2      -1    3032    6414    3099   2
    762    20    2       0    3033    6414    3100   2
    764    20    2    2992    3034    6415    3101   2
    766    20    2    2993    3035    6415    3102   2
    768    20    2    2994    3036    6416    3103   2
    770    20    2    2995    3037    6416    3104   2
    772    20    2    2996    3038    3067    3084   2
    794    20    2    2998    3039    3068    3085   2
    804    20    2    2999    3040    6419    6454   2
    806    20    2      -1    3041    6419    6454   2
    808    20    2     307    3042    6420    7870   2
    810    20    2    3000    3043    6420    7870   2
    812    20    2    3001    3044    6421    7870   2
    814    20    2    3002    3045    6421    7870   2
    840    20    2    3003    3046    6428    7874   2
    842    20    2    3004    3047    6428    7874   2
    844    20    2    3005    3048    6429    7874   2
    846    20    2       0    3049    6429    7874   2
    848    20    2     310    3050    6430    7875   2
    850    20    2    3006    3051    6430    7875   2
    588    22    2    3013    3052    3069    3088   2
    636    22    2     325    3054    3071    6436   2
    638    22    2    3015    3055    3072    6436   2
    660    22    2    6375    3056    3073    3090   2
    662    22    2    6375    3057    3074    3091   2
    664    22    2    3016    3058    3075       0   2
    668    22    2    3018    3060    3076       0   2
    670    22    2    3019    3061    3077    3092   2
    736    22    2    6381    3062    3078    3095   2
    738    22    2    6381    3063    3079    3096   2
    740    22    2    3026    3064    3080     361   2
    748    22    2    3028    3065    3082    6449   2
    750    22    2    3029    3066    3083    6449   2
    772    22    2    3038    3067    3084    3105   2
    794    22    2    3039    3068    3085    3106   2
    584    24    2    6371    6400    3086    3107   2
    586    24    2    6371    6400    3087    3108   2
    588    24    2    3052    3069    3088       0   2
    634    24    2     335    3070    3089    3109   2
    636    24    2    3054    3071    6436    6457   2
    638    24    2    3055    3072    6436    6457   2
    660    24    2    3056    3073    3090    3110   2
    662    24    2    3057    3074    3091    3111   2
    665    24    1    3058    3075       0       0   2
    668    24    1    3060    3076       0       0   2
    670    24    2    3061    3077    3092    3114   2
    732    24    2    6380    6411    3093    3115   2
    734    24    2    6380    6411    3094    3116   2
    736    24    2    3062    3078    3095       0   2
    738    24    2    3063    3079    3096       0   2
    746    24    2     338    3081    3098    3119   2
    748    24    2    3065    3082    6449    6466   2
    750    24    2    3066    3083    6449    6466   2
    760    24    2    3032    6414    3099    3120   2
    762    24    2    3033    6414    3100    3121   2
    764    24    2    3034    6415    3101    3122   2
    766    24    2    3035    6415    3102    3123   2
    768    24    2    3036    6416    3103     377   2
    770    24    2    3037    6416    3104    3124   2
    772    24    2    3067    3084    3105      -1   2
    794    24    2    3068    3085    3106    3125   2
    584    26    2    6400    3086    3107    3126   2
    586    26    2    6400    3087    3108    3127   2
    589    26    1    3069    3088       0       0   2
    634    26    2    3070    3089    3109    3128   2
    660    26    2    3073    3090    3110    3135   2
    662    26    2    3074    3091    3111    3136   2
    666    26    2      -1      -1    3113    3137   2
    670    26    2    3077    3092    3114    3139   2
    732    26    2    6411    3093    3115    3144   2
    734    26    2    6411    3094    3116       0   2
    737    26    1    3078    3095       0       0   2
    739    26    1    3079    3096       0       0   2
    744    26    2     354    3097    3118    6465   2
    746    26    2    3081    3098    3119    6465   2
    760    26    2    6414    3099    3120    3150   2
    762    26    2    6414    3100    3121     393   2
    764    26    2    6415    3101    3122     395   2
    766    26    2    6415    3102    3123     397   2
    770    26    2    6416    3104    3124      -1   2
    772    26    2    3084    3105      -1      -1   2
    794    26    2    3085    3106    3125    3151   2
    584    28    2    3086    3107    3126    3152   2
    586    28    2    3087    3108    3127    3153   2
    634    28    2    3089    3109    3128    3155   2
    640    28    2    6401    6437    3129    3156   2
    642    28    2    6401    6437    3130    3157   2
    644    28    2    6402    6438    3131    3158   2
    646    28    2    6402    6438    3132       0   2
    648    28    2    7855    6439    3133     424   2
    650    28    2    7855    6439    3134    3159   2
    660    28    2    3090    3110    3135    3160   2
    662    28    2    3091    3111    3136    3161   2
    666    28    2      -1    3113    3137    3163   2
    670    28    2    3092    3114    3139    3164   2
    672    28    2    6404    6442    3140    3165   2
    674    28    2    6404    6442    3141    3166   2
    728    28    2    6410    6448    3142    3167   2
    730    28    2    6410    6448    3143    3168   2
    732    28    2    3093    3115    3144       0   2
    735    28    1    3094    3116       0       0   2
    742    28    2     370    3117    3145    3170   2
    744    28    2    3097    3118    6465    3202   2
    746    28    2    3098    3119    6465    3203   2
    752    28    2    6412    6450    3146    3171   2
    754    28    2    6412    6450    3147    3172   2
    756    28    2    6413    6451    3148    3173   2
    758    28    2    6413    6451    3149    3174   2
    760    28    2    3099    3120    3150       0   2
    770    28    2    3104    3124      -1      -1   2
    794    28    2    3106    3125    3151    3180   2
    584    30    2    3107    3126    3152    6472   2
    586    30    2    3108    3127    3153    6472   2
    634    30    2    3109    3128    3155    3182   2
    640    30    2    6437    3129    3156    3183   2
    642    30    2    6437    3130    3157    3184   2
    644    30    2    6438    3131    3158       0   2
    647    30    1    6438    3132       0       0   2
    650    30    2    6439    3134    3159    3185   2
    660    30    2    3110    3135    3160    3188   2
    662    30    2    3111    3136    3161    3189   2
    664    30    1       0       0    3162    3190   2
    666    30    2    3113    3137    3163      -1   2
    670    30    2    3114    3139    3164       0   2
    672    30    2    6442    3140    3165    3191   2
    674    30    2    6442    3141    3166    3192   2
    728    30    2    6448    3142    3167    3197   2
    730    30    2    6448    3143    3168       0   2
    733    30    1    3115    3144       0       0   2
    740    30    1       0       0    3169    3200   2
    742    30    2    3117    3145    3170    3201   2
    752    30    2    6450    3146    3171    3206   2
    754    30    2    6450    3147    3172    3207   2
    756    30    2    6451    3148    3173     446   2
    758    30    2    6451    3149    3174      -1   2
    761    30    1    3120    3150       0       0   2
    778    30    1       0       0    3175    3208   2
    785    30    1       0       0    3178    3211   2
    792    30    1       0       0    3179       0   2
    794    30    2    3125    3151    3180    3212   2
    584    32    2    3126    3152    6472    3249   2
    586    32    2    3127    3153    6472    3250   2
    588    32    2     405    3154    3181    3215   2
    634    32    2    3128    3155    3182    3216   2
    640    32    2    3129    3156    3183    3217   2
    642    32    2    3130    3157    3184    3218   2
    645    32    1    3131    3158       0       0   2
    650    32    2    3134    3159    3185    3222   2
    656    32    2    6441    6459    3186    3223   2
    658    32    2    6441    6459    3187    3224   2
    660    32    2    3135    3160    3188    3225   2
    662    32    2    3136    3161    3189    3226   2
    664    32    2       0    3162    3190    3227   2
    666    32    2    3137    3163      -1      -1   2
    670    32    1    3139    3164       0       0   2
    672    32    2    3140    3165    3191    3230   2
    674    32    2    3141    3166    3192    3231   2
    720    32    2    6446    6463    3193    3232   2
    722    32    2    6446    6463    3194    3233   2
    724    32    2    6447    6464    3195    3234   2
    726    32    2    6447    6464    3196    3235   2
    728    32    2    3142    3167    3197       0   2
    731    32    1    3143    3168       0       0   2
    740    32    2       0    3169    3200    3239   2
    742    32    2    3145    3170    3201    3240   2
    744    32    2    3118    6465    3202    3241   2
    746    32    2    3119    6465    3203    3242   2
    748    32    2    6449    6466    3204    3243   2
    750    32    2    6449    6466    3205    3244   2
    752    32    2    3146    3171    3206    3245   2
    754    32    2    3147    3172    3207       0   2
    758    32    2    3149    3174      -1      -1   2
    778    32    2       0    3175    3208     464   2
    780    32    2     416    3176    3209      -1   2
    782    32    2     418    3177    3210      -1   2
    784    32    2       0    3178    3211       0   2
    792    32    1       0    3179       0       0   2
    794    32    2    3151    3180    3212    3246   2
    796    32    2    6452    6467    3213    3247   2
    798    32    2    6452    6467    3214    3248   2
    588    34    2    3154    3181    3215    3251   2
    634    34    2    3155    3182    3216    3252   2
    640    34    2    3156    3183    3217    6484   2
    642    34    2    3157    3184    3218    6484   2
    645    34    1       0       0    3219    6485   2
    646    34    1       0       0    3220    6485   2
    648    34    1       0       0    3221    6486   2
    650    34    2    3159    3185    3222    6486   2
    656    34    2    6459    3186    3223    3255   2
    658    34    2    6459    3187    3224    3256   2
    660    34    2    3160    3188    3225     472   2
    662    34    2    3161    3189    3226    3257   2
    664    34    2    3162    3190    3227    6488   2
    667    34    1       0       0    3228    6488   2
    668    34    2      -1      -1    3229    3258   2
    672    34    2    3165    3191    3230    3260   2
    674    34    2    3166    3192    3231    3261   2
    720    34    2    6463    3193    3232    3264   2
    722    34    2    6463    3194    3233       0   2
    724    34    2    6464    3195    3234     475   2
    726    34    2    6464    3196    3235      -1   2
    729    34    1    3167    3197       0       0   2
    736    34    2     435    3198    3237    6493   2
    738    34    2     437    3199    3238    6493   2
    740    34    2    3169    3200    3239    3266   2
    742    34    2    3170    3201    3240    3267   2
    744    34    2    6465    3202    3241     478   2
    746    34    2    6465    3203    3242    3268   2
    748    34    2    6466    3204    3243    3269   2
    750    34    2    6466    3205    3244    3270   2
    752    34    2    3171    3206    3245      -1   2
    755    34    1    3172    3207       0       0   2
    780    34    2    3176    3209      -1      -1   2
    782    34    2    3177    3210      -1      -1   2
    784    34    1    3178    3211       0       0   2
    794    34    2    3180    3212    3246     480   2
    796    34    2    6467    3213    3247    3271   2
    798    34    2    6467    3214    3248    3272   2
    584    36    2    3152    6472    3249    3273   2
    586    36    2    3153    6472    3250    3274   2
    588    36    2    3181    3215    3251       0   2
    634    36    2    3182    3216    3252     490   2
    636    36    2    6457    6473    3253    3275   2
    638    36    2    6457    6473    3254    3276   2
    640    36    2    3183    3217    6484    6499   2
    642    36    2    3184    3218    6484    6499   2
    644    36    2       0    3219    6485    6500   2
    646    36    2       0    3220    6485    6500   2
    648    36    2       0    3221    6486    6501   2
    650    36    2    3185    3222    6486    6501   2
    656    36    2    3186    3223    3255    3277   2
    658    36    2    3187    3224    3256    3278   2
    662    36    2    3189    3226    3257    3279   2
    664    36    2    3190    3227    6488    6503   2
    666    36    2       0    3228    6488    6503   2
    668    36    2      -1    3229    3258    3280   2
    672    36    2    3191    3230    3260    3282   2
    674    36    2    3192    3231    3261    3283   2
    716    36    2    6462    6479    3262    3284   2
    718    36    2    6462    6479    3263    3285   2
    720    36    2    3193    3232    3264       0   2
    723    36    1    3194    3233       0       0   2
    726    36    2    3196    3235      -1      -1   2
    734    36    2     457    3236    3265    3287   2
    736    36    2    3198    3237    6493    6513   2
    738    36    2    3199    3238    6493    6513   2
    740    36    2    3200    3239    3266    3288   2
    742    36    2    3201    3240    3267       0   2
    746    36    2    3203    3242    3268       0   2
    748    36    2    3204    3243    3269     496   2
    750    36    2    3205    3244    3270      -1   2
    752    36    2    3206    3245      -1      -1   2
    796    36    2    3213    3247    3271    3290   2
    798    36    2    3214    3248    3272    3291   2
    584    38    2    6472    3249    3273    3294   2
    586    38    2    6472    3250    3274     507   2
    589    38    1    3215    3251       0       0   2
    636    38    2    6473    3253    3275     509   2
    638    38    2    6473    3254    3276    3295   2
    656    38    2    3223    3255    3277    3296   2
    658    38    2    3224    3256    3278    3297   2
    662    38    2    3226    3257    3279    3299   2
    668    38    2    3229    3258    3280    6504   2
    670    38    2     468    3259    3281    6504   2
    672    38    2    3230    3260    3282    6505   2
    674    38    2    3231    3261    3283    6505   2
    716    38    2    6479    3262    3284    3302   2
    718    38    2    6479    3263    3285    3303   2
    721    38    1    3232    3264       0       0   2
    734    38    2    3236    3265    3287    3306   2
    740    38    2    3239    3266    3288    3307   2
    743    38    1    3240    3267       0       0   2
    746    38    1    3242    3268       0       0   2
    750    38    2    3244    3270      -1      -1   2
    788    38    1       0       0    3289    3309   2
    796    38    2    3247    3271    3290       0   2
    798    38    2    3248    3272    3291    3310   2
    580    40    2    6471    6483    3292    3311   2
    582    40    2    6471    6483    3293    3312   2
    584    40    2    3249    3273    3294    3313   2
    638    40    2    3254    3276    3295    3314   2
    656    40    2    3255    3277    3296    3315   2
    658    40    2    3256    3278    3297    3316   2
    662    40    2    3257    3279    3299    3318   2
    668    40    2    3258    3280    6504    3348   2
    670    40    2    3259    3281    6504    3349   2
    672    40    2    3260    3282    6505    6521   2
    674    40    2    3261    3283    6505    6521   2
    712    40    2    6478    6492    3300    3319   2
    714    40    2    6478    6492    3301    3320   2
    716    40    2    3262    3284    3302    3321   2
    718    40    2    3263    3285    3303    3322   2
    730    40    1       0       0    3304    3323   2
    732    40    2     484    3286    3305    3324   2
    734    40    2    3265    3287    3306    3325   2
    740    40    2    3266    3288    3307    3326   2
    788    40    2       0    3289    3309    3329   2
    796    40    1    3271    3290       0       0   2
    798    40    2    3272    3291    3310    3334   2
    580    42    2    6483    3292    3311    3337   2
    582    42    2    6483    3293    3312    3338   2
    584    42    2    3273    3294    3313     543   2
    638    42    2    3276    3295    3314    3339   2
    656    42    2    3277    3296    3315    6520   2
    658    42    2    3278    3297    3316    6520   2
    660    42    2     500    3298    3317    3344   2
    662    42    2    3279    3299    3318    3345   2
    712    42    2    6492    3300    3319    3358   2
    714    42    2    6492    3301    3320    3359   2
    716    42    2    3284    3302    3321     546   2
    718    42    2    3285    3303    3322     548   2
    730    42    2       0    3304    3323    3361   2
    732    42    2    3286    3305    3324    6525   2
    734    42    2    3287    3306    3325    6525   2
    740    42    2    3288    3307    3326    3362   2
    786    42    2     504    3308    3328    3368   2
    788    42    2    3289    3309    3329    3369   2
    798    42    2    3291    3310    3334    3374   2
    576    44    2    6482    6498    3335    3375   2
    578    44    2    6482    6498    3336    3376   2
    580    44    2    3292    3311    3337    3377   2
    582    44    2    3293    3312    3338    3378   2
    638    44    2    3295    3314    3339    3382   2
    648    44    2    6486    6501    3340    3383   2
    650    44    2    6486    6501    3341    3384   2
    652    44    2    6487    6502    3342    3385   2
    654    44    2    6487    6502    3343    3386   2
    656    44    2    3296    3315    6520    3428   2
    658    44    2    3297    3316    6520    3429   2
    660    44    2    3298    3317    3344    3387   2
    662    44    2    3299    3318    3345    3388   2
    664    44    2    6488    6503    3346     574   2
    666    44    2    6488    6503    3347    3389   2
    668    44    2    3280    6504    3348    3390   2
    670    44    2    3281    6504    3349    3391   2
    692    44    2    7884    6508    3350    3392   2
    694    44    2    7884    6508    3351    3393   2
    696    44    2    7885    6509    3352    3394   2
    698    44    2    7885    6509    3353     576   2
    700    44    2    7885    6510    3354      -1   2
    702    44    2    7885    6510    3355    3395   2
    704    44    2    6490    6511    3356    3396   2
    706    44    2    6490    6511    3357    3397   2
    712    44    2    3300    3319    3358    3398   2
    714    44    2    3301    3320    3359    3399   2
    730    44    2    3304    3323    3361    3406   2
    732    44    2    3305    3324    6525    6545   2
    734    44    2    3306    3325    6525    6545   2
    740    44    2    3307    3326    3362    3407   2
    772    44    2     520    3327    3363    3409   2
    780    44    1       0       0    3365    3413   2
    786    44    2    3308    3328    3368    3416   2
    788    44    2    3309    3329    3369    3417   2
    790    44    2     523    3330    3370     580   2
    792    44    2     525    3331    3371     582   2
    794    44    2     527    3332    3372     584   2
    796    44    2     529    3333    3373      -1   2
    798    44    2    3310    3334    3374    3418   2
    576    46    2    6498    3335    3375    3421   2
    578    46    2    6498    3336    3376    3422   2
    580    46    2    3311    3337    3377       0   2
    582    46    2    3312    3338    3378      -1   2
    634    46    1       0       0    3380    3424   2
    638    46    2    3314    3339    3382    6534   2
    648    46    2    6501    3340    3383    3425   2
    650    46    2    6501    3341    3384    3426   2
    652    46    2    6502    3342    3385     595   2
    654    46    2    6502    3343    3386    3427   2
    660    46    2    3317    3344    3387    3430   2
    662    46    2    3318    3345    3388       0   2
    666    46    2    6503    3347    3389       0   2
    668    46    2    6504    3348    3390    3431   2
    670    46    2    6504    3349    3391    3432   2
    692    46    2    6508    3350    3392    3433   2
    694    46    2    6508    3351    3393    3434   2
    696    46    2    6509    3352    3394       0   2
    700    46    2    6510    3354      -1      -1   2
    702    46    2    6510    3355    3395      -1   2
    704    46    2    6511    3356    3396     600   2
    706    46    2    6511    3357    3397    3435   2
    712    46    2    3319    3358    3398    3438   2
    714    46    2    3320    3359    3399    3439   2
    718    46    1       0       0    3400    3441   2
    722    46    2      -1      -1    3402    6542   2
    724    46    1       0       0    3403    6543   2
    728    46    2     534    3360    3405    6544   2
    730    46    2    3323    3361    3406    6544   2
    740    46    2    3326    3362    3407    3444   2
    772    46    2    3327    3363    3409    3445   2
    774    46    2     536    3364    3410    3446   2
    780    46    2       0    3365    3413    3449   2
    782    46    2     539    3366    3414    3450   2
    784    46    2     541    3367    3415     605   2
    786    46    2    3328    3368    3416    3451   2
    788    46    2    3329    3369    3417       0   2
    796    46    2    3333    3373      -1      -1   2
    798    46    2    3334    3374    3418    3452   2
    572    48    2    6497    6517    3419    3453   2
    574    48    2    6497    6517    3420    3454   2
    576    48    2    3335    3375    3421      -1   2
    578    48    2    3336    3376    3422      -1   2
    581    48    1    3337    3377       0       0   2
    582    48    2    3338    3378      -1      -1   2
    632    48    2     556    3379    3423    3456   2
    634    48    2       0    3380    3424    3457   2
    636    48    2     559    3381    6534    6553   2
    638    48    2    3339    3382    6534    6553   2
    648    48    2    3340    3383    3425    3458   2
    650    48    2    3341    3384    3426    3459   2
    654    48    2    3343    3386    3427       0   2
    656    48    2    3315    6520    3428     620   2
    658    48    2    3316    6520    3429    3460   2
    660    48    2    3344    3387    3430       0   2
    663    48    1    3345    3388       0       0   2
    666    48    1    3347    3389       0       0   2
    668    48    2    3348    3390    3431    3461   2
    670    48    2    3349    3391    3432    3462   2
    692    48    2    3350    3392    3433    3463   2
    694    48    2    3351    3393    3434       0   2
    697    48    1    3352    3394       0       0   2
    702    48    2    3355    3395      -1      -1   2
    706    48    2    3357    3397    3435       0   2
    708    48    2    6512    6524    3436    3464   2
    710    48    2    6512    6524    3437    3465   2
    712    48    2    3358    3398    3438    3466   2
    714    48    2    3359    3399    3439    3467   2
    718    48    2       0    3400    3441    3469   2
    720    48    2     562    3401    6542    6562   2
    722    48    2      -1    3402    6542    6562   2
    724    48    2       0    3403    6543    6563   2
    726    48    2     565    3404    6543    6563   2
    728    48    2    3360    3405    6544    6564   2
    730    48    2    3361    3406    6544    6564   2
    736    48    2    6513    6526    3442    3470   2
    738    48    2    6513    6526    3443    3471   2
    740    48    2    3362    3407    3444    3472   2
    772    48    2    3363    3409    3445      -1   2
    774    48    2    3364    3410    3446      -1   2
    776    48    2     569    3411    3447      -1   2
    778    48    2     571    3412    3448     627   2
    780    48    2    3365    3413    3449     629   2
    782    48    2    3366    3414    3450      -1   2
    786    48    2    3368    3416    3451      -1   2
    789    48    1    3369    3417       0       0   2
    798    48    2    3374    3418    3452    3475   2
    572    50    2    6517    3419    3453    3478   2
    574    50    2    6517    3420    3454       0   2
    576    50    2    3375    3421      -1      -1   2
    578    50    2    3376    3422      -1      -1   2
    630    50    1       0       0    3455    3480   2
    632    50    2    3379    3423    3456    6552   2
    634    50    2    3380    3424    3457    6552   2
    648    50    2    3383    3425    3458    3481   2
    650    50    2    3384    3426    3459    3482   2
    654    50    1    3386    3427       0       0   2
    658    50    2    6520    3429    3460       0   2
    661    50    1    3387    3430       0       0   2
    668    50    2    3390    3431    3461    3485   2
    670    50    2    3391    3432    3462    3486   2
    692    50    2    3392    3433    3463    3489   2
    695    50    1    3393    3434       0       0   2
    706    50    1    3397    3435       0       0   2
    708    50    2    6524    3436    3464    3491   2
    710    50    2    6524    3437    3465    3492   2
    712    50    2    3398    3438    3466    6560   2
    714    50    2    3399    3439    3467    6560   2
    716    50    2     588    3440    3468    6561   2
    718    50    2    3400    3441    3469    6561   2
    736    50    2    6526    3442    3470    3495   2
    738    50    2    6526    3443    3471     656   2
    740    50    2    3407    3444    3472      -1   2
    772    50    2    3409    3445      -1      -1   2
    774    50    2    3410    3446      -1      -1   2
    776    50    2    3411    3447      -1      -1   2
    782    50    2    3414    3450      -1      -1   2
    786    50    2    3416    3451      -1      -1   2
    790    50    2      -1      -1    3473    3496   2
    794    50    2      -1      -1    3474       0   2
    798    50    2    3418    3452    3475    3499   2
    568    52    2    6516    6533    3476    3500   2
    570    52    2    6516    6533    3477    3501   2
    572    52    2    3419    3453    3478       0   2
    575    52    1    3420    3454       0       0   2
    630    52    2       0    3455    3480    3504   2
    632    52    2    3423    3456    6552    6570   2
    634    52    2    3424    3457    6552    6570   2
    648    52    2    3425    3458    3481    3505   2
    650    52    2    3426    3459    3482    3506   2
    659    52    1    3429    3460       0       0   2
    668    52    2    3431    3461    3485       0   2
    670    52    2    3432    3462    3486    3508   2
    672    52    2    6521    6537    3487    3509   2
    674    52    2    6521    6537    3488    3510   2
    692    52    2    3433    3463    3489    3511   2
    706    52    1       0       0    3490    3512   2
    708    52    2    3436    3464    3491    3513   2
    710    52    2    3437    3465    3492    3514   2
    712    52    2    3438    3466    6560    6578   2
    714    52    2    3439    3467    6560    6578   2
    716    52    2    3440    3468    6561    6579   2
    718    52    2    3441    3469    6561    6579   2
    732    52    2    6525    6545    3493    3515   2
    734    52    2    6525    6545    3494    3516   2
    736    52    2    3442    3470    3495    3517   2
    740    52    2    3444    3472      -1      -1   2
    790    52    2      -1    3473    3496    3521   2
    795    52    1      -1    3474       0       0   2
    796    52    1       0       0    3498    3524   2
    798    52    2    3452    3475    3499    3525   2
    568    54    2    6533    3476    3500    3530   2
    570    54    2    6533    3477    3501    3531   2
    573    54    1    3453    3478       0       0   2
    628    54    2     635    3479    3503    6569   2
    630    54    2    3455    3480    3504    6569   2
    648    54    2    3458    3481    3505    6574   2
    650    54    2    3459    3482    3506    6574   2
    652    54    2     637    3483    3507    3534   2
    668    54    1    3461    3485       0       0   2
    670    54    2    3462    3486    3508      -1   2
    672    54    2    6537    3487    3509    3535   2
    674    54    2    6537    3488    3510    3536   2
    692    54    2    3463    3489    3511    3539   2
    706    54    2       0    3490    3512       0   2
    708    54    2    3464    3491    3513    3540   2
    710    54    2    3465    3492    3514    3541   2
    732    54    2    6545    3493    3515    3542   2
    734    54    2    6545    3494    3516    3543   2
    736    54    2    3470    3495    3517     702   2
    784    54    2      -1      -1    3518    3548   2
    790    54    2    3473    3496    3521    6583   2
    792    54    2     646    3497    3522    6584   2
    796    54    2       0    3498    3524    6585   2
    798    54    2    3475    3499    3525    6585   2
    560    56    2    6531    6550    3526    3550   2
    562    56    2    6531    6550    3527    3551   2
    564    56    2    6532    6551    3528     716   2
    566    56    2    6532    6551    3529     718   2
    568    56    2    3476    3500    3530     720   2
    570    56    2    3477    3501    3531    3552   2
    626    56    2     659    3502    3533    3555   2
    628    56    2    3479    3503    6569    6593   2
    630    56    2    3480    3504    6569    6593   2
    648    56    2    3481    3505    6574    3577   2
    650    56    2    3482    3506    6574    3578   2
    652    56    2    3483    3507    3534    3556   2
    670    56    2    3486    3508      -1      -1   2
    672    56    2    3487    3509    3535       0   2
    674    56    2    3488    3510    3536    3557   2
    688    56    2    6541    6559    3537    3558   2
    690    56    2    6541    6559    3538    3559   2
    692    56    2    3489    3511    3539    3560   2
    707    56    1    3490    3512       0       0   2
    708    56    2    3491    3513    3540    3562   2
    710    56    2    3492    3514    3541    3563   2
    732    56    2    3493    3515    3542    3564   2
    734    56    2    3494    3516    3543    3565   2
    770    56    1       0       0    3544     726   2
    780    56    1       0       0    3546    3568   2
    784    56    2      -1    3518    3548    3570   2
    786    56    2     665    3519    3549    3571   2
    788    56    2     667    3520    6583    6607   2
    790    56    2    3496    3521    6583    6607   2
    792    56    2    3497    3522    6584    6608   2
    794    56    2     669    3523    6584    6608   2
    796    56    2    3498    3524    6585    6609   2
    798    56    2    3499    3525    6585    6609   2
    560    58    2    6550    3526    3550    3572   2
    562    58    2    6550    3527    3551       0   2
    570    58    2    3501    3531    3552    3573   2
    622    58    1       0       0    3553    3576   2
    624    58    2     682    3532    3554    6592   2
    626    58    2    3502    3533    3555    6592   2
    652    58    2    3507    3534    3556    3579   2
    672    58    1    3509    3535       0       0   2
    674    58    2    3510    3536    3557    3580   2
    688    58    2    6559    3537    3558    3583   2
    690    58    2    6559    3538    3559    3584   2
    692    58    2    3511    3539    3560     746   2
    708    58    2    3513    3540    3562    6600   2
    710    58    2    3514    3541    3563    6600   2
    732    58    2    3515    3542    3564    3588   2
    734    58    2    3516    3543    3565    3589   2
    772    58    2     689    3545      -1      -1   2
    776    58    1       0       0    3566    3593   2
    780    58    2       0    3546    3568    6605   2
    782    58    2     693    3547    3569    6605   2
    784    58    2    3518    3548    3570    6606   2
    786    58    2    3519    3549    3571    6606   2
    560    60    2    3526    3550    3572    3595   2
    563    60    1    3527    3551       0       0   2
    570    60    2    3531    3552    3573      -1   2
    618    60    1       0       0    3574    3601   2
    622    60    2       0    3553    3576    3603   2
    624    60    2    3532    3554    6592    6617   2
    626    60    2    3533    3555    6592    6617   2
    648    60    2    3505    6574    3577    3604   2
    650    60    2    3506    6574    3578    3605   2
    652    60    2    3534    3556    3579       0   2
    674    60    2    3536    3557    3580    3607   2
    684    60    2    6558    6577    3581    3608   2
    686    60    2    6558    6577    3582    3609   2
    688    60    2    3537    3558    3583    3610   2
    690    60    2    3538    3559    3584     765   2
    706    60    2     710    3561    3585    3612   2
    708    60    2    3540    3562    6600    6624   2
    710    60    2    3541    3563    6600    6624   2
    728    60    2    6564    6582    3586    3613   2
    730    60    2    6564    6582    3587    3614   2
    732    60    2    3542    3564    3588     767   2
    734    60    2    3543    3565    3589     769   2
    772    60    2      -1      -1    3591    3617   2
    776    60    2       0    3566    3593    3619   2
    778    60    2     714    3567    3594    3620   2
    780    60    2    3546    3568    6605    6628   2
    782    60    2    3547    3569    6605    6628   2
    784    60    2    3548    3570    6606    6629   2
    786    60    2    3549    3571    6606    6629   2
    560    62    2    3550    3572    3595    3621   2
    570    62    2    3552    3573      -1      -1   2
    606    62    1       0       0    3596    3623   2
    610    62    2      -1      -1    3598    3625   2
    614    62    2      -1      -1    3600       0   2
    618    62    2       0    3574    3601    3628   2
    620    62    2     733    3575    3602    6616   2
    622    62    2    3553    3576    3603    6616   2
    648    62    2    6574    3577    3604    3629   2
    650    62    2    6574    3578    3605    3630   2
    653    62    1    3556    3579       0       0   2
    672    62    1       0       0    3606    3631   2
    674    62    2    3557    3580    3607    3632   2
    684    62    2    6577    3581    3608    3635   2
    686    62    2    6577    3582    3609    3636   2
    688    62    2    3558    3583    3610     785   2
    706    62    2    3561    3585    3612    3638   2
    728    62    2    6582    3586    3613    3645   2
    730    62    2    6582    3587    3614       0   2
    768    62    2     738    3590    3615    3647   2
    772    62    2      -1    3591    3617    6626   2
    774    62    2     740    3592    3618    6626   2
    776    62    2    3566    3593    3619    6627   2
    778    62    2    3567    3594    3620    6627   2
    560    64    2    3572    3595    3621    3657   2
    604    64    1       0       0    3622    3665   2
    606    64    2       0    3596    3623    3666   2
    608    64    2     752    3597    3624    3667   2
    610    64    2      -1    3598    3625    3668   2
    612    64    2     754    3599    3626    3669   2
    614    64    1      -1    3600       0       0   2
    618    64    2    3574    3601    3628    3672   2
    620    64    2    3575    3602    6616    3722   2
    622    64    2    3576    3603    6616    3723   2
    648    64    2    3577    3604    3629    3673   2
    650    64    2    3578    3605    3630    3674   2
    672    64    2       0    3606    3631     810   2
    674    64    2    3580    3607    3632     812   2
    676    64    2    6575    6598    3633    3676   2
    678    64    2    6575    6598    3634    3677   2
    684    64    2    3581    3608    3635    3678   2
    686    64    2    3582    3609    3636    3679   2
    704    64    2     758    3611    3637    3680   2
    706    64    2    3585    3612    3638    3681   2
    716    64    2    6579    6602    3639    3682   2
    718    64    2    6579    6602    3640    3683   2
    720    64    2    6580    6603    3641    3684   2
    722    64    2    6580    6603    3642     818   2
    724    64    2    6581    6604    3643    3685   2
    726    64    2    6581    6604    3644       0   2
    728    64    2    3586    3613    3645      -1   2
    731    64    1    3587    3614       0       0   2
    768    64    2    3590    3615    3647    3688   2
    770    64    2     761    3616    3648    3689   2
    772    64    2    3591    3617    6626    6644   2
    774    64    2    3592    3618    6626    6644   2
    776    64    2    3593    3619    6627    6645   2
    778    64    2    3594    3620    6627    6645   2
    792    64    2    6584    6608    3649    3690   2
    794    64    2    6584    6608    3650    3691   2
    796    64    2    6585    6609    3651     821   2
    798    64    2    6585    6609    3652    3692   2
    800    64    2    6586    6610    3653    3693   2
    802    64    2    6586    6610    3654    3694   2
    804    64    2    6587    6611    3655    3695   2
    806    64    2    6587    6611    3656    3696   2
    560    66    2    3595    3621    3657    3697   2
    580    66    2      -1      -1    3659    3705   2
    586    66    2      -1      -1    3660    3708   2
    588    66    1       0       0    3661    6635   2
    592    66    1       0       0    3663    3709   2
    594    66    2      -1      -1    3664    3710   2
    604    66    2       0    3622    3665    3715   2
    606    66    2    3596    3623    3666    3716   2
    608    66    2    3597    3624    3667       0   2
    610    66    2    3598    3625    3668    3717   2
    612    66    2    3599    3626    3669    3718   2
    614    66    1       0       0    3670    3719   2
    616    66    2     774    3627    3671    3720   2
    618    66    2    3601    3628    3672    3721   2
    648    66    2    3604    3629    3673    6641   2
    650    66    2    3605    3630    3674    6641   2
    676    66    2    6598    3633    3676    3730   2
    678    66    2    6598    3634    3677    3731   2
    684    66    2    3608    3635    3678    3734   2
    686    66    2    3609    3636    3679       0   2
    704    66    2    3611    3637    3680    3735   2
    706    66    2    3612    3638    3681    3736   2
    716    66    2    6602    3639    3682    3739   2
    718    66    2    6602    3640    3683    3740   2
    720    66    2    6603    3641    3684     856   2
    724    66    2    6604    3643    3685      -1   2
    726    66    1    6604    3644       0       0   2
    728    66    2    3613    3645      -1      -1   2
    765    66    1       0       0    3686    3742   2
    766    66    2     780    3646    3687    3743   2
    768    66    2    3615    3647    3688    6643   2
    770    66    2    3616    3648    3689    6643   2
    792    66    2    6608    3649    3690    3748   2
    794    66    2    6608    3650    3691       0   2
    798    66    2    6609    3652    3692    3749   2
    800    66    2    6610    3653    3693    3750   2
    802    66    2    6610    3654    3694    3751   2
    804    66    2    6611    3655    3695     860   2
    806    66    2    6611    3656    3696    3752   2
    560    68    2    3621    3657    3697    3753   2
    562    68    2     789    3658    3698    3754   2
    565    68    1       0       0    3699    3755   2
    566    68    2      -1      -1    3700    3756   2
    572    68    1       0       0    3701    3759   2
    574    68    2      -1      -1    3702    3760   2
    580    68    2      -1    3659    3705    3763   2
    586    68    2      -1    3660    3708    3766   2
    588    68    2       0    3661    6635    6656   2
    590    68    2     792    3662    6635    6656   2
    592    68    2       0    3663    3709    3767   2
    594    68    2      -1    3664    3710    3768   2
    598    68    1       0       0    3712    3770   2
    601    68    1       0       0    3713    3771   2
    602    68    2      -1      -1    3714    3772   2
    604    68    2    3622    3665    3715    3773   2
    606    68    2    3623    3666    3716       0   2
    609    68    1    3624    3667       0       0   2
    610    68    2    3625    3668    3717       0   2
    612    68    2    3626    3669    3718    3774   2
    614    68    2       0    3670    3719    3775   2
    616    68    2    3627    3671    3720    3776   2
    618    68    2    3628    3672    3721    3777   2
    620    68    2    3602    6616    3722    3778   2
    622    68    2    3603    6616    3723    3779   2
    624    68    2    6592    6617    3724    3780   2
    626    68    2    6592    6617    3725    3781   2
    648    68    2    3629    3673    6641    6658   2
    650    68    2    3630    3674    6641    6658   2
    652    68    2     797    3675    3726    3782   2
    655    68    1       0       0    3727    3783   2
    668    68    2      -1      -1    3728    3789   2
    674    68    2      -1      -1    3729    3792   2
    676    68    2    3633    3676    3730    3793   2
    678    68    2    3634    3677    3731    3794   2
    680    68    2    6599    6623    3732     889   2
    682    68    2    6599    6623    3733    3795   2
    684    68    2    3635    3678    3734      -1   2
    687    68    1    3636    3679       0       0   2
    704    68    2    3637    3680    3735    3798   2
    706    68    2    3638    3681    3736    3799   2
    712    68    2    6601    6625    3737    3800   2
    714    68    2    6601    6625    3738    3801   2
    716    68    2    3639    3682    3739    3802   2
    718    68    2    3640    3683    3740      -1   2
    724    68    2    3643    3685      -1      -1   2
    764    68    2       0    3686    3742    3805   2
    766    68    2    3646    3687    3743    3806   2
    768    68    2    3647    3688    6643    3855   2
    770    68    2    3648    3689    6643    3856   2
    784    68    2    6606    6629    3744    3807   2
    786    68    2    6606    6629    3745    3808   2
    788    68    2    6607    6630    3746    3809   2
    790    68    2    6607    6630    3747    3810   2
    792    68    2    3649    3690    3748       0   2
    795    68    1    3650    3691       0       0   2
    798    68    2    3652    3692    3749     894   2
    800    68    2    3653    3693    3750    3811   2
    802    68    2    3654    3694    3751       0   2
    806    68    2    3656    3696    3752    3812   2
    560    70    2    3657    3697    3753    3815   2
    562    70    2    3658    3698    3754    3816   2
    564    70    2       0    3699    3755    3817   2
    566    70    2      -1    3700    3756    3818   2
    572    70    2       0    3701    3759    6652   2
    574    70    2      -1    3702    3760    6652   2
    576    70    2     825    3703    3761    6653   2
    578    70    2     827    3704    3762    6653   2
    580    70    2    3659    3705    3763    6654   2
    582    70    2     829    3706    3764    6654   2
    584    70    2     831    3707    3765    6655   2
    586    70    2    3660    3708    3766    6655   2
    592    70    2    3663    3709    3767    3821   2
    594    70    2    3664    3710    3768    3822   2
    596    70    2     833    3711    3769    3823   2
    598    70    2       0    3712    3770    3824   2
    600    70    2       0    3713    3771    3825   2
    602    70    2      -1    3714    3772    3826   2
    604    70    2    3665    3715    3773    3827   2
    607    70    1    3666    3716       0       0   2
    610    70    1    3668    3717       0       0   2
    612    70    2    3669    3718    3774    3831   2
    614    70    2    3670    3719    3775    3832   2
    616    70    2    3671    3720    3776    3833   2
    618    70    2    3672    3721    3777       0   2
    620    70    2    6616    3722    3778      -1   2
    622    70    2    6616    3723    3779       0   2
    624    70    2    6617    3724    3780    3834   2
    626    70    2    6617    3725    3781    3835   2
    652    70    2    3675    3726    3782    3840   2
    654    70    2       0    3727    3783    3841   2
    665    70    1       0       0    3787    6660   2
    668    70    2      -1    3728    3789    6661   2
    674    70    2      -1    3729    3792    3845   2
    676    70    2    3676    3730    3793     913   2
    678    70    2    3677    3731    3794      -1   2
    682    70    2    6623    3733    3795      -1   2
    684    70    2    3678    3734      -1      -1   2
    700    70    1       0       0    3796    3847   2
    704    70    2    3680    3735    3798    6662   2
    706    70    2    3681    3736    3799    6662   2
    712    70    2    6625    3737    3800    3851   2
    714    70    2    6625    3738    3801     916   2
    716    70    2    3682    3739    3802       0   2
    718    70    2    3683    3740      -1      -1   2
    760    70    1       0       0    3803    3853   2
    762    70    2     843    3741    3804    3854   2
    764    70    2    3686    3742    3805    6663   2
    766    70    2    3687    3743    3806    6663   2
    784    70    2    6629    3744    3807    3861   2
    786    70    2    6629    3745    3808       0   2
    788    70    2    6630    3746    3809     920   2
    790    70    2    6630    3747    3810      -1   2
    793    70    1    3690    3748       0       0   2
    800    70    2    3693    3750    3811      -1   2
    803    70    1    3694    3751       0       0   2
    806    70    2    3696    3752    3812    3862   2
    556    72    2    6615    6634    3813    3865   2
    558    72    2    6615    6634    3814    3866   2
    560    72    2    3697    3753    3815    3867   2
    562    72    2    3698    3754    3816    3868   2
    564    72    2    3699    3755    3817    3869   2
    566    72    2    3700    3756    3818       0   2
    568    72    2     862    3757    3819      -1   2
    570    72    2     864    3758    3820    3870   2
    572    72    2    3701    3759    6652    6668   2
    574    72    2    3702    3760    6652    6668   2
    576    72    2    3703    3761    6653    6669   2
    578    72    2    3704    3762    6653    6669   2
    580    72    2    3705    3763    6654    6670   2
    582    72    2    3706    3764    6654    6670   2
    584    72    2    3707    3765    6655    6671   2
    586    72    2    3708    3766    6655    6671   2
    592    72    2    3709    3767    3821    3871   2
    594    72    2    3710    3768    3822     931   2
    596    72    2    3711    3769    3823      -1   2
    598    72    2    3712    3770    3824      -1   2
    600    72    2    3713    3771    3825       0   2
    602    72    2    3714    3772    3826    3872   2
    604    72    2    3715    3773    3827    3873   2
    612    72    2    3718    3774    3831       0   2
    614    72    2    3719    3775    3832     936   2
    616    72    2    3720    3776    3833      -1   2
    619    72    1    3721    3777       0       0   2
    620    72    2    3722    3778      -1      -1   2
    622    72    1    3723    3779       0       0   2
    624    72    2    3724    3780    3834       0   2
    626    72    2    3725    3781    3835     939   2
    628    72    2    6618    6636    3836    3874   2
    630    72    2    6618    6636    3837     941   2
    632    72    2    6619    6637    3838    3875   2
    634    72    2    6619    6637    3839    3876   2
    652    72    2    3726    3782    3840    3877   2
    654    72    2    3727    3783    3841    3878   2
    658    72    2     866    3784    3843    3880   2
    660    72    2     868    3785    6659    6677   2
    662    72    2     870    3786    6659    6677   2
    664    72    2       0    3787    6660    6678   2
    666    72    2     873    3788    6660    6678   2
    668    72    2    3728    3789    6661    3912   2
    670    72    2     875    3790    6661    3913   2
    672    72    2     877    3791    3844    3881   2
    674    72    2    3729    3792    3845    3882   2
    678    72    2    3731    3794      -1      -1   2
    682    72    2    3733    3795      -1      -1   2
    700    72    2       0    3796    3847    3885   2
    702    72    2     880    3797    3848    3886   2
    704    72    2    3735    3798    6662    6680   2
    706    72    2    3736    3799    6662    6680   2
    708    72    2    6624    6642    3849    3887   2
    710    72    2    6624    6642    3850    3888   2
    712    72    2    3737    3800    3851     943   2
    717    72    1    3739    3802       0       0   2
    758    72    2      -1      -1    3852    3889   2
    760    72    2       0    3803    3853    3890   2
    762    72    2    3741    3804    3854    3891   2
    764    72    2    3742    3805    6663    3922   2
    766    72    2    3743    3806    6663    3923   2
    768    72    2    3688    6643    3855    3892   2
    770    72    2    3689    6643    3856    3893   2
    772    72    2    6626    6644    3857    3894   2
    774    72    2    6626    6644    3858    3895   2
    780    72    2    6628    6646    3859    3896   2
    782    72    2    6628    6646    3860    3897   2
    784    72    2    3744    3807    3861    3898   2
    787    72    1    3745    3808       0       0   2
    790    72    2    3747    3810      -1      -1   2
    800    72    2    3750    3811      -1      -1   2
    806    72    2    3752    3812    3862     947   2
    808    72    2    6631    6647    3863     949   2
    810    72    2    6631    6647    3864    3899   2
    556    74    2    6634    3813    3865    3902   2
    558    74    2    6634    3814    3866    3903   2
    560    74    2    3753    3815    3867       0   2
    562    74    2    3754    3816    3868       0   2
    564    74    2    3755    3817    3869      -1   2
    567    74    1    3756    3818       0       0   2
    568    74    2    3757    3819      -1      -1   2
    570    74    2    3758    3820    3870    3905   2
    592    74    2    3767    3821    3871    3906   2
    596    74    2    3769    3823      -1      -1   2
    598    74    2    3770    3824      -1      -1   2
    600    74    1    3771    3825       0       0   2
    602    74    2    3772    3826    3872    3909   2
    604    74    2    3773    3827    3873    3910   2
    607    74    1     898    3828       0       0   2
    608    74    2     900    3829      -1      -1   2
    610    74    2     902    3830      -1      -1   2
    613    74    1    3774    3831       0       0   2
    616    74    2    3776    3833      -1      -1   2
    624    74    1    3780    3834       0       0   2
    628    74    2    6636    3836    3874       0   2
    632    74    2    6637    3838    3875     970   2
    634    74    2    6637    3839    3876    3911   2
    652    74    2    3782    3840    3877    6675   2
    654    74    2    3783    3841    3878    6675   2
    656    74    2     904    3842    3879    6676   2
    658    74    2    3784    3843    3880    6676   2
    672    74    2    3791    3844    3881    3914   2
    674    74    2    3792    3845    3882       0   2
    698    74    2     907    3846    3884    3917   2
    700    74    2    3796    3847    3885    6679   2
    702    74    2    3797    3848    3886    6679   2
    708    74    2    6642    3849    3887    3918   2
    710    74    2    6642    3850    3888       0   2
    758    74    2      -1    3852    3889    3919   2
    760    74    2    3803    3853    3890    3920   2
    762    74    2    3804    3854    3891    3921   2
    768    74    2    6643    3855    3892    3924   2
    770    74    2    6643    3856    3893    3925   2
    772    74    2    6644    3857    3894     976   2
    774    74    2    6644    3858    3895    3926   2
    780    74    2    6646    3859    3896    3929   2
    782    74    2    6646    3860    3897    3930   2
    784    74    2    3807    3861    3898       0   2
    810    74    2    6647    3864    3899    3931   2
    552    76    2    6633    6651    3900    3932   2
    554    76    2    6633    6651    3901    3933   2
    556    76    2    3813    3865    3902    1000   2
    558    76    2    3814    3866    3903       0   2
    560    76    1    3815    3867       0       0   2
    563    76    1    3816    3868       0       0   2
    564    76    2    3817    3869      -1      -1   2
    568    76    2      -1      -1    3904    3936   2
    570    76    2    3820    3870    3905    3937   2
    592    76    2    3821    3871    3906    3938   2
    598    76    2      -1      -1    3907      -1   2
    600    76    1       0       0    3908    1004   2
    602    76    2    3826    3872    3909    3940   2
    604    76    2    3827    3873    3910    3941   2
    629    76    1    3836    3874       0       0   2
    634    76    2    3839    3876    3911    3943   2
    652    76    2    3840    3877    6675    6693   2
    654    76    2    3841    3878    6675    6693   2
    656    76    2    3842    3879    6676    6694   2
    658    76    2    3843    3880    6676    6694   2
    668    76    2    3789    6661    3912    3944   2
    670    76    2    3790    6661    3913    3945   2
    672    76    2    3844    3881    3914    1008   2
    675    76    1    3845    3882       0       0   2
    694    76    1       0       0    3915    3946   2
    696    76    2     924    3883    3916    3947   2
    698    76    2    3846    3884    3917    3948   2
    700    76    2    3847    3885    6679    3981   2
    702    76    2    3848    3886    6679    3982   2
    708    76    2    3849    3887    3918    3949   2
    711    76    1    3850    3888       0       0   2
    758    76    2    3852    3889    3919    1011   2
    760    76    2    3853    3890    3920    3952   2
    762    76    2    3854    3891    3921    1013   2
    764    76    2    3805    6663    3922    1015   2
    766    76    2    3806    6663    3923    1017   2
    768    76    2    3855    3892    3924    1019   2
    770    76    2    3856    3893    3925      -1   2
    774    76    2    3858    3895    3926      -1   2
    776    76    2    6645    6664    3927    1021   2
    778    76    2    6645    6664    3928    3953   2
    780    76    2    3859    3896    3929    1023   2
    782    76    2    3860    3897    3930    1025   2
    785    76    1    3861    3898       0       0   2
    810    76    2    3864    3899    3931    3955   2
    552    78    2    6651    3900    3932    3958   2
    554    78    2    6651    3901    3933       0   2
    559    78    1    3866    3903       0       0   2
    564    78    1       0       0    3934    3960   2
    568    78    2      -1    3904    3936    6685   2
    570    78    2    3870    3905    3937    6685   2
    592    78    2    3871    3906    3938    3966   2
    594    78    2      -1      -1    3939    3967   2
    598    78    2      -1    3907      -1      -1   2
    602    78    2    3872    3909    3940    3968   2
    604    78    2    3873    3910    3941    3969   2
    632    78    1       0       0    3942    3971   2
    634    78    2    3876    3911    3943    3972   2
    668    78    2    6661    3912    3944    3977   2
    670    78    2    6661    3913    3945    3978   2
    694    78    2       0    3915    3946      -1   2
    696    78    2    3883    3916    3947    3979   2
    698    78    2    3884    3917    3948    3980   2
    708    78    2    3887    3918    3949    3985   2
    760    78    2    3890    3920    3952      -1   2
    770    78    2    3893    3925      -1      -1   2
    774    78    2    3895    3926      -1      -1   2
    778    78    2    6664    3928    3953      -1   2
    787    78    1       0       0    3954    3989   2
    810    78    2    3899    3931    3955    3991   2
    548    80    2    6650    6667    3956    3992   2
    550    80    2    6650    6667    3957       0   2
    552    80    2    3900    3932    3958      -1   2
    554    80    1    3901    3933       0       0   2
    564    80    2       0    3934    3960    3993   2
    566    80    2     983    3935    3961    3994   2
    568    80    2    3904    3936    6685    6698   2
    570    80    2    3905    3937    6685    6698   2
    580    80    2    6654    6670    3962    3995   2
    582    80    2    6654    6670    3963    3996   2
    584    80    2    6655    6671    3964       0   2
    586    80    2    6655    6671    3965    3997   2
    592    80    2    3906    3938    3966    3998   2
    594    80    2      -1    3939    3967    3999   2
    602    80    2    3909    3940    3968    1080   2
    604    80    2    3910    3941    3969    1082   2
    632    80    2       0    3942    3971    4002   2
    634    80    2    3911    3943    3972    4003   2
    660    80    2    6659    6677    3973    4004   2
    662    80    2    6659    6677    3974    4005   2
    664    80    2    6660    6678    3975    4006   2
    666    80    2    6660    6678    3976    1085   2
    668    80    2    3912    3944    3977    1087   2
    670    80    2    3913    3945    3978       0   2
    694    80    2    3915    3946      -1      -1   2
    696    80    2    3916    3947    3979    4007   2
    698    80    2    3917    3948    3980    4008   2
    700    80    2    3885    6679    3981    4009   2
    702    80    2    3886    6679    3982    4010   2
    704    80    2    6662    6680    3983    4011   2
    706    80    2    6662    6680    3984    4012   2
    708    80    2    3918    3949    3985    1090   2
    710    80    2     989    3950    3986       0   2
    736    80    2      -1      -1    3987    4017   2
    760    80    2    3920    3952      -1      -1   2
    778    80    2    3928    3953      -1      -1   2
    784    80    1       0       0    3988    4020   2
    786    80    2       0    3954    3989    4021   2
    810    80    2    3931    3955    3991    4024   2
    548    82    2    6667    3956    3992    4027   2
    551    82    1    6667    3957       0       0   2
    552    82    2    3932    3958      -1      -1   2
    564    82    2    3934    3960    3993       0   2
    566    82    2    3935    3961    3994    4028   2
    580    82    2    6670    3962    3995    4031   2
    582    82    2    6670    3963    3996      -1   2
    584    82    1    6671    3964       0       0   2
    586    82    2    6671    3965    3997    4032   2
    592    82    2    3938    3966    3998    6700   2
    594    82    2    3939    3967    3999    6700   2
    598    82    2      -1      -1    4001       0   2
    606    82    2    1037    3970      -1      -1   2
    632    82    2    3942    3971    4002    4036   2
    634    82    2    3943    3972    4003    4037   2
    660    82    2    6677    3973    4004    4048   2
    662    82    2    6677    3974    4005    1112   2
    664    82    2    6678    3975    4006    1114   2
    671    82    1    3945    3978       0       0   2
    696    82    2    3947    3979    4007    4049   2
    698    82    2    3948    3980    4008    4050   2
    700    82    2    6679    3981    4009    4051   2
    702    82    2    6679    3982    4010    4052   2
    704    82    2    6680    3983    4011    1116   2
    706    82    2    6680    3984    4012    1118   2
    711    82    1    3950    3986       0       0   2
    728    82    2      -1      -1    4013    4053   2
    736    82    2      -1    3987    4017    4057   2
    782    82    1       0       0    4019    4061   2
    784    82    2       0    3988    4020    6702   2
    786    82    2    3954    3989    4021    6702   2
    788    82    2    1048    3990    4022    4062   2
    791    82    1       0       0    4023    4063   2
    810    82    2    3955    3991    4024    4064   2
    544    84    2    6666    6684    4025    4065   2
    546    84    2    6666    6684    4026    4066   2
    548    84    2    3956    3992    4027       0   2
    564    84    1    3960    3993       0       0   2
    566    84    2    3961    3994    4028    4071   2
    576    84    2    6669    6687    4029    4072   2
    578    84    2    6669    6687    4030    4073   2
    580    84    2    3962    3995    4031    4074   2
    582    84    2    3963    3996      -1      -1   2
    586    84    2    3965    3997    4032       0   2
    588    84    2    6672    6688    4033    4076   2
    590    84    2    6672    6688    4034    4077   2
    592    84    2    3966    3998    6700    4122   2
    594    84    2    3967    3999    6700    4123   2
    596    84    2    1060    4000    4035    4078   2
    599    84    1      -1    4001       0       0   2
    632    84    2    3971    4002    4036       0   2
    634    84    2    3972    4003    4037    4079   2
    636    84    2    6673    6689    4038    4080   2
    638    84    2    6673    6689    4039    4081   2
    640    84    2    7906    6690    4040    4082   2
    642    84    2    7906    6690    4041    4083   2
    648    84    2    6674    6692    4042    4084   2
    650    84    2    6674    6692    4043    4085   2
    652    84    2    6675    6693    4044    4086   2
    654    84    2    6675    6693    4045    4087   2
    656    84    2    6676    6694    4046    4088   2
    658    84    2    6676    6694    4047    4089   2
    660    84    2    3973    4004    4048    1142   2
    696    84    2    3979    4007    4049    4090   2
    698    84    2    3980    4008    4050    4091   2
    700    84    2    3981    4009    4051    4092   2
    702    84    2    3982    4010    4052       0   2
    728    84    2      -1    4013    4053    1147   2
    730    84    2    1064    4014    4054    4093   2
    732    84    2    1066    4015    4055    4094   2
    734    84    2    1068    4016    4056    4095   2
    736    84    2    3987    4017    4057    4096   2
    738    84    2    1070    4018    4058    4097   2
    742    84    2      -1      -1    4060       0   2
    782    84    2       0    4019    4061    4102   2
    784    84    2    3988    4020    6702    6708   2
    786    84    2    3989    4021    6702    6708   2
    788    84    2    3990    4022    4062    4103   2
    790    84    2       0    4023    4063    4104   2
    810    84    2    3991    4024    4064    4105   2
    544    86    2    6684    4025    4065    4108   2
    546    86    2    6684    4026    4066       0   2
    549    86    1    3992    4027       0       0   2
    554    86    2      -1      -1    4067    4111   2
    556    86    2      -1      -1    4068    4112   2
    558    86    1       0       0    4069    4113   2
    566    86    2    3994    4028    4071    4117   2
    576    86    2    6687    4029    4072    4118   2
    578    86    2    6687    4030    4073    4119   2
    580    86    2    3995    4031    4074    1170   2
    587    86    1    3997    4032       0       0   2
    588    86    2    6688    4033    4076    4120   2
    590    86    2    6688    4034    4077    4121   2
    596    86    2    4000    4035    4078    4124   2
    632    86    1    4002    4036       0       0   2
    634    86    2    4003    4037    4079      -1   2
    636    86    2    6689    4038    4080       0   2
    638    86    2    6689    4039    4081    1174   2
    640    86    2    6690    4040    4082    4125   2
    642    86    2    6690    4041    4083    4126   2
    648    86    2    6692    4042    4084    4129   2
    650    86    2    6692    4043    4085    1176   2
    652    86    2    6693    4044    4086    4130   2
    654    86    2    6693    4045    4087    4131   2
    656    86    2    6694    4046    4088    4132   2
    658    86    2    6694    4047    4089      -1   2
    696    86    2    4007    4049    4090    4134   2
    698    86    2    4008    4050    4091    4135   2
    700    86    2    4009    4051    4092    4136   2
    703    86    1    4010    4052       0       0   2
    730    86    2    4014    4054    4093    1181   2
    732    86    2    4015    4055    4094    4137   2
    734    86    2    4016    4056    4095    4138   2
    736    86    2    4017    4057    4096    4139   2
    738    86    2    4018    4058    4097    4140   2
    740    86    2    1105    4059    4098    4141   2
    743    86    1      -1    4060       0       0   2
    776    86    1       0       0    4099    4143   2
    782    86    2    4019    4061    4102    6707   2
    788    86    2    4022    4062    4103    4145   2
    790    86    2    4023    4063    4104    4146   2
    810    86    2    4024    4064    4105    4147   2
    540    88    2    6683    6697    4106    4148   2
    542    88    2    6683    6697    4107    4149   2
    544    88    2    4025    4065    4108       0   2
    546    88    1    4026    4066       0       0   2
    549    88    1       0       0    4109    4150   2
    552    88    2      -1      -1    4110    4152   2
    554    88    2      -1    4067    4111    4153   2
    556    88    2      -1    4068    4112    4154   2
    558    88    2       0    4069    4113    4155   2
    564    88    2    1123    4070    4116    4158   2
    566    88    2    4028    4071    4117    4159   2
    576    88    2    4029    4072    4118    4160   2
    578    88    2    4030    4073    4119    4161   2
    584    88    2    1125    4075      -1      -1   2
    588    88    2    4033    4076    4120    4163   2
    590    88    2    4034    4077    4121    4164   2
    592    88    2    3998    6700    4122    4165   2
    594    88    2    3999    6700    4123    1198   2
    596    88    2    4035    4078    4124    1200   2
    634    88    2    4037    4079      -1      -1   2
    636    88    1    4038    4080       0       0   2
    640    88    2    4040    4082    4125      -1   2
    642    88    2    4041    4083    4126    1202   2
    644    88    2    6691    6701    4127    1204   2
    646    88    2    6691    6701    4128    4166   2
    648    88    2    4042    4084    4129       0   2
    652    88    2    4044    4086    4130      -1   2
    654    88    2    4045    4087    4131      -1   2
    656    88    2    4046    4088    4132      -1   2
    658    88    2    4047    4089      -1      -1   2
    696    88    2    4049    4090    4134    4169   2
    698    88    2    4050    4091    4135      -1   2
    700    88    2    4051    4092    4136      -1   2
    732    88    2    4055    4094    4137    4170   2
    734    88    2    4056    4095    4138    4171   2
    736    88    2    4057    4096    4139    4172   2
    738    88    2    4058    4097    4140    4173   2
    740    88    2    4059    4098    4141       0   2
    776    88    2       0    4099    4143    4176   2
    778    88    2    1132    4100    4144    4177   2
    780    88    2    1134    4101    6707    6717   2
    782    88    2    4061    4102    6707    6717   2
    788    88    2    4062    4103    4145    4178   2
    790    88    2    4063    4104    4146    4179   2
    810    88    2    4064    4105    4147    4180   2
    540    90    2    6697    4106    4148    4181   2
    542    90    2    6697    4107    4149    4182   2
    545    90    1    4065    4108       0       0   2
    548    90    2       0    4109    4150    4185   2
    552    90    2      -1    4110    4152    6711   2
    554    90    2    4067    4111    4153    6711   2
    556    90    2    4068    4112    4154    6712   2
    558    90    2    4069    4113    4155    6712   2
    560    90    2    1152    4114    4156    6713   2
    562    90    2    1154    4115    4157    6713   2
    564    90    2    4070    4116    4158    6714   2
    566    90    2    4071    4117    4159    6714   2
    576    90    2    4072    4118    4160    4187   2
    578    90    2    4073    4119    4161    4188   2
    581    90    1       0       0    4162    4189   2
    588    90    2    4076    4120    4163      -1   2
    590    90    2    4077    4121    4164      -1   2
    592    90    2    6700    4122    4165      -1   2
    640    90    2    4082    4125      -1      -1   2
    646    90    2    6701    4128    4166       0   2
    649    90    1    4084    4129       0       0   2
    652    90    2    4086    4130      -1      -1   2
    654    90    2    4087    4131      -1      -1   2
    656    90    2    4088    4132      -1      -1   2
    692    90    1       0       0    4167      -1   2
    694    90    2    1159    4133    4168      -1   2
    696    90    2    4090    4134    4169       0   2
    698    90    2    4091    4135      -1      -1   2
    700    90    2    4092    4136      -1      -1   2
    732    90    2    4094    4137    4170    4193   2
    734    90    2    4095    4138    4171    4194   2
    736    90    2    4096    4139    4172    4195   2
    738    90    2    4097    4140    4173    4196   2
    741    90    1    4098    4141       0       0   2
    764    90    2      -1      -1    4174       0   2
    776    90    2    4099    4143    4176    1258   2
    778    90    2    4100    4144    4177    4199   2
    788    90    2    4103    4145    4178    4202   2
    790    90    2    4104    4146    4179    4203   2
    810    90    2    4105    4147    4180    4206   2
    540    92    2    4106    4148    4181    4207   2
    542    92    2    4107    4149    4182    4208   2
    548    92    2    4109    4150    4185    4211   2
    550    92    2    1184    4151    4186    4212   2
    552    92    2    4110    4152    6711    6723   2
    554    92    2    4111    4153    6711    6723   2
    556    92    2    4112    4154    6712    6724   2
    558    92    2    4113    4155    6712    6724   2
    560    92    2    4114    4156    6713    7916   2
    562    92    2    4115    4157    6713    7916   2
    564    92    2    4116    4158    6714    7916   2
    566    92    2    4117    4159    6714    7916   2
    576    92    2    4118    4160    4187    4213   2
    578    92    2    4119    4161    4188    4214   2
    580    92    2       0    4162    4189       0   2
    588    92    2    4120    4163      -1      -1   2
    590    92    2    4121    4164      -1      -1   2
    592    92    2    4122    4165      -1      -1   2
    646    92    1    4128    4166       0       0   2
    672    92    2      -1      -1    4190    4218   2
    674    92    2      -1      -1    4191    1281   2
    692    92    2       0    4167      -1      -1   2
    694    92    2    4133    4168      -1      -1   2
    696    92    1    4134    4169       0       0   2
    732    92    2    4137    4170    4193    4220   2
    734    92    2    4138    4171    4194    4221   2
    736    92    2    4139    4172    4195    4222   2
    738    92    2    4140    4173    4196      -1   2
    764    92    1      -1    4174       0       0   2
    768    92    1       0       0    4197    4225   2
    770    92    2    1193    4175    4198    4226   2
    778    92    2    4144    4177    4199    4227   2
    784    92    2    6702    6708    4200    4228   2
    786    92    2    6702    6708    4201    4229   2
    788    92    2    4145    4178    4202    4230   2
    790    92    2    4146    4179    4203    4231   2
    810    92    2    4147    4180    4206    4234   2
    540    94    2    4148    4181    4207    6720   2
    542    94    2    4149    4182    4208    6720   2
    544    94    2    1218    4183    4209    6721   2
    546    94    2    1220    4184    4210    6721   2
    548    94    2    4150    4185    4211    6722   2
    550    94    2    4151    4186    4212    6722   2
    576    94    2    4160    4187    4213    4235   2
    578    94    2    4161    4188    4214    4236   2
    581    94    1    4162    4189       0       0   2
    666    94    2      -1      -1    4215    4239   2
    672    94    2      -1    4190    4218    1319   2
    730    94    2    1230    4192    4219    4245   2
    732    94    2    4170    4193    4220    4246   2
    734    94    2    4171    4194    4221    4247   2
    736    94    2    4172    4195    4222    4248   2
    738    94    2    4173    4196      -1      -1   2
    760    94    2      -1      -1    4223    4254   2
    768    94    2       0    4197    4225    4258   2
    770    94    2    4175    4198    4226    4259   2
    778    94    2    4177    4199    4227    4263   2
    784    94    2    6708    4200    4228    4264   2
    786    94    2    6708    4201    4229    1323   2
    788    94    2    4178    4202    4230    1325   2
    790    94    2    4179    4203    4231    4265   2
    806    94    2    1238    4204    4232    4268   2
    808    94    2    1240    4205    4233    6728   2
    810    94    2    4180    4206    4234    6728   2
    540    96    2    4181    4207    6720    6731   2
    542    96    2    4182    4208    6720    6731   2
    544    96    2    4183    4209    6721    6732   2
    546    96    2    4184    4210    6721    6732   2
    548    96    2    4185    4211    6722    6733   2
    550    96    2    4186    4212    6722    6733   2
    576    96    2    4187    4213    4235    4269   2
    578    96    2    4188    4214    4236    4270   2
    662    96    2      -1      -1    4237    4273   2
    666    96    2      -1    4215    4239    4275   2
    668    96    2    1264    4216    4240    4276   2
    670    96    2    1266    4217    4241       0   2
    678    96    1       0       0    4242    4278   2
    728    96    2      -1      -1    4244    4279   2
    730    96    2    4192    4219    4245      -1   2
    732    96    2    4193    4220    4246    4280   2
    734    96    2    4194    4221    4247    4281   2
    736    96    2    4195    4222    4248       0   2
    755    96    1       0       0    4251    4285   2
    757    96    1       0       0    4252    4286   2
    758    96    2      -1      -1    4253    4287   2
    760    96    2      -1    4223    4254    4288   2
    762    96    2      -1      -1    4255    4289   2
    766    96    2    1273    4224    4257    4291   2
    768    96    2    4197    4225    4258    4292   2
    770    96    2    4198    4226    4259    4293   2
    778    96    2    4199    4227    4263    4297   2
    784    96    2    4200    4228    4264    4298   2
    790    96    2    4203    4231    4265    4299   2
    803    96    1       0       0    4266    4300   2
    806    96    2    4204    4232    4268    4302   2
    808    96    2    4205    4233    6728    6747   2
    810    96    2    4206    4234    6728    6747   2
    576    98    2    4213    4235    4269    4303   2
    578    98    2    4214    4236    4270    4304   2
    658    98    1       0       0    4271    4306   2
    662    98    2      -1    4237    4273    4308   2
    664    98    2    1293    4238    4274    4309   2
    666    98    2    4215    4239    4275    1368   2
    668    98    2    4216    4240    4276      -1   2
    671    98    1    4217    4241       0       0   2
    678    98    2       0    4242    4278       0   2
    681    98    1    1297    4243       0       0   2
    728    98    2      -1    4244    4279    4312   2
    730    98    2    4219    4245      -1      -1   2
    732    98    2    4220    4246    4280    4313   2
    734    98    2    4221    4247    4281    4314   2
    737    98    1    4222    4248       0       0   2
    748    98    1       0       0    4282    4318   2
    750    98    2    1299    4249    4283    4319   2
    752    98    2    1301    4250    4284    6738   2
    754    98    2       0    4251    4285    6738   2
    756    98    2       0    4252    4286    6739   2
    758    98    2      -1    4253    4287    6739   2
    760    98    2    4223    4254    4288    6740   2
    762    98    2      -1    4255    4289    6740   2
    764    98    2    1305    4256    4290    6741   2
    766    98    2    4224    4257    4291    6741   2
    768    98    2    4225    4258    4292    6742   2
    770    98    2    4226    4259    4293    6742   2
    772    98    2    1307    4260    4294    6743   2
    774    98    2    1309    4261    4295    6743   2
    776    98    2    1311    4262    4296    6744   2
    778    98    2    4227    4263    4297    6744   2
    784    98    2    4228    4264    4298    4320   2
    790    98    2    4231    4265    4299    4323   2
    802    98    2       0    4266    4300    4325   2
    804    98    2    1314    4267    4301    6746   2
    806    98    2    4232    4268    4302    6746   2
    576   100    2    4235    4269    4303    4326   2
    578   100    2    4236    4270    4304    4327   2
    656   100    2      -1      -1    4305    4329   2
    658   100    2       0    4271    4306    4330   2
    660   100    2    1329    4272    4307    4331   2
    662   100    2    4237    4273    4308    4332   2
    664   100    2    4238    4274    4309       0   2
    668   100    2    4240    4276      -1      -1   2
    674   100    1       0       0    4310    4334   2
    676   100    2    1331    4277    4311      -1   2
    679   100    1    4242    4278       0       0   2
    728   100    2    4244    4279    4312       0   2
    732   100    2    4246    4280    4313    4336   2
    734   100    2    4247    4281    4314    4337   2
    748   100    2       0    4282    4318    4342   2
    750   100    2    4249    4283    4319    4343   2
    752   100    2    4250    4284    6738    6754   2
    754   100    2    4251    4285    6738    6754   2
    756   100    2    4252    4286    6739    6755   2
    758   100    2    4253    4287    6739    6755   2
    760   100    2    4254    4288    6740    7924   2
    762   100    2    4255    4289    6740    7924   2
    764   100    2    4256    4290    6741    7924   2
    766   100    2    4257    4291    6741    7924   2
    768   100    2    4258    4292    6742    7925   2
    770   100    2    4259    4293    6742    7925   2
    772   100    2    4260    4294    6743    7925   2
    774   100    2    4261    4295    6743    7925   2
    776   100    2    4262    4296    6744    6756   2
    778   100    2    4263    4297    6744    6756   2
    784   100    2    4264    4298    4320    4344   2
    790   100    2    4265    4299    4323    4347   2
    802   100    2    4266    4300    4325    4352   2
    804   100    2    4267    4301    6746    6761   2
    806   100    2    4268    4302    6746    6761   2
    576   102    2    4269    4303    4326    4353   2
    578   102    2    4270    4304    4327       0   2
    654   102    1       0       0    4328    4355   2
    656   102    2      -1    4305    4329    4356   2
    658   102    2    4271    4306    4330    4357   2
    660   102    2    4272    4307    4331    1413   2
    662   102    2    4273    4308    4332      -1   2
    665   102    1    4274    4309       0       0   2
    672   102    1       0       0    4333    4359   2
    674   102    2       0    4310    4334      -1   2
    676   102    2    4277    4311      -1      -1   2
    728   102    1    4279    4312       0       0   2
    730   102    2      -1      -1    4335    4361   2
    732   102    2    4280    4313    4336    6751   2
    734   102    2    4281    4314    4337    6751   2
    736   102    2    1353    4315    4338    6752   2
    738   102    2    1355    4316    4339    6752   2
    746   102    2    1358    4317    4341    4364   2
    748   102    2    4282    4318    4342    6753   2
    750   102    2    4283    4319    4343    6753   2
    784   102    2    4298    4320    4344    6758   2
    786   102    2    1360    4321    4345    6758   2
    788   102    2    1362    4322    4346    6759   2
    790   102    2    4299    4323    4347    6759   2
    795   102    1       0       0    4349    4366   2
    800   102    2    1364    4324    4351    6760   2
    802   102    2    4300    4325    4352    6760   2
    576   104    2    4303    4326    4353    4369   2
    579   104    1    4304    4327       0       0   2
    654   104    2       0    4328    4355    4372   2
    656   104    2    4305    4329    4356    4373   2
    658   104    2    4306    4330    4357    4374   2
    662   104    2    4308    4332      -1      -1   2
    672   104    2       0    4333    4359    4378   2
    674   104    2    4310    4334      -1      -1   2
    724   104    1       0       0    4360    4381   2
    730   104    2      -1    4335    4361    4384   2
    732   104    2    4313    4336    6751    6767   2
    734   104    2    4314    4337    6751    6767   2
    736   104    2    4315    4338    6752    6768   2
    738   104    2    4316    4339    6752    6768   2
    740   104    2    1383    4340    4362    4385   2
    746   104    2    4317    4341    4364    4388   2
    748   104    2    4318    4342    6753    6771   2
    750   104    2    4319    4343    6753    6771   2
    784   104    2    4320    4344    6758    6776   2
    786   104    2    4321    4345    6758    6776   2
    788   104    2    4322    4346    6759    6777   2
    790   104    2    4323    4347    6759    6777   2
    792   104    2    1387    4348    4365    4389   2
    794   104    2       0    4349    4366    4390   2
    798   104    2    1390    4350    4368    4392   2
    800   104    2    4324    4351    6760    6780   2
    802   104    2    4325    4352    6760    6780   2
    576   106    2    4326    4353    4369    4393   2
    652   106    2    1398    4354    4371    4395   2
    654   106    2    4328    4355    4372    4396   2
    656   106    2    4329    4356    4373    4397   2
    658   106    2    4330    4357    4374       0   2
    666   106    1       0       0    4375    4399   2
    670   106    2    1400    4358    4377    6764   2
    672   106    2    4333    4359    4378    4400   2
    722   106    1       0       0    4380    4405   2
    724   106    2       0    4360    4381    6765   2
    730   106    2    4335    4361    4384    6766   2
    740   106    2    4340    4362    4385    6769   2
    744   106    2    1407    4363    4387    6770   2
    746   106    2    4341    4364    4388    6770   2
    792   106    2    4348    4365    4389    6778   2
    794   106    2    4349    4366    4390    6778   2
    796   106    2    1409    4367    4391    6779   2
    798   106    2    4350    4368    4392    6779   2
    576   108    2    4353    4369    4393    4406   2
    650   108    2    1424    4370    4394    4408   2
    652   108    2    4354    4371    4395    4409   2
    654   108    2    4355    4372    4396    4410   2
    656   108    2    4356    4373    4397    4411   2
    659   108    1    4357    4374       0       0   2
    664   108    1       0       0    4398    4414   2
    666   108    2       0    4375    4399    4415   2
    668   108    2    1428    4376    6764    6787   2
    670   108    2    4358    4377    6764    6787   2
    672   108    2    4359    4378    4400    4416   2
    677   108    1       0       0    4402    4418   2
    682   108    2    1432    4379    4403    4419   2
    720   108    1       0       0    4404    4422   2
    722   108    2       0    4380    4405    4423   2
    724   108    2    4360    4381    6765    6790   2
    726   108    2    1436    4382    6765    6790   2
    728   108    2    1438    4383    6766    6791   2
    730   108    2    4361    4384    6766    6791   2
    740   108    2    4362    4385    6769    7933   2
    742   108    2    1440    4386    6769    7933   2
    744   108    2    4363    4387    6770    7934   2
    746   108    2    4364    4388    6770    7934   2
    792   108    2    4365    4389    6778    7940   2
    794   108    2    4366    4390    6778    7940   2
    796   108    2    4367    4391    6779    7940   2
    798   108    2    4368    4392    6779    7940   2
    576   110    2    4369    4393    4406    4424   2
    579   110    1       0       0    4407    4425   2
    650   110    2    4370    4394    4408    4426   2
    652   110    2    4371    4395    4409       0   2
    654   110    2    4372    4396    4410       0   2
    656   110    2    4373    4397    4411    4427   2
    664   110    2       0    4398    4414    6786   2
    666   110    2    4375    4399    4415    6786   2
    672   110    2    4378    4400    4416    6788   2
    674   110    2    1450    4401    4417    6788   2
    676   110    2       0    4402    4418    4431   2
    682   110    2    4379    4403    4419    4434   2
    685   110    1       0       0    4420    4435   2
    718   110    2      -1      -1    4421    4436   2
    720   110    2       0    4404    4422    6789   2
    722   110    2    4380    4405    4423    6789   2
    576   112    2    4393    4406    4424    4437   2
    578   112    2       0    4407    4425    4438   2
    650   112    2    4394    4408    4426    4442   2
    653   112    1    4395    4409       0       0   2
    654   112    1    4396    4410       0       0   2
    656   112    2    4397    4411    4427    4443   2
    658   112    2    1461    4412    4428    4444   2
    662   112    2    1463    4413    4430    4446   2
    664   112    2    4398    4414    6786    4474   2
    666   112    2    4399    4415    6786    4475   2
    672   112    2    4400    4416    6788    6796   2
    674   112    2    4401    4417    6788    6796   2
    676   112    2    4402    4418    4431    4447   2
    680   112    1       0       0    4433    4449   2
    682   112    2    4403    4419    4434    4450   2
    684   112    2       0    4420    4435    4451   2
    718   112    2      -1    4421    4436    4456   2
    720   112    2    4404    4422    6789    4489   2
    722   112    2    4405    4423    6789    4490   2
    576   114    2    4406    4424    4437    4461   2
    578   114    2    4407    4425    4438    4462   2
    583   114    1       0       0    4440    4464   2
    584   114    2      -1      -1    4441    4465   2
    650   114    2    4408    4426    4442    4469   2
    656   114    2    4411    4427    4443    4472   2
    658   114    2    4412    4428    4444    4473   2
    660   114    2    1472    4429    4445    6795   2
    662   114    2    4413    4430    4446    6795   2
    676   114    2    4418    4431    4447    6797   2
    678   114    2    1474    4432    4448    6797   2
    680   114    2       0    4433    4449    6798   2
    682   114    2    4419    4434    4450    6798   2
    684   114    2    4420    4435    4451    4478   2
    687   114    1       0       0    4452    4479   2
    712   114    1       0       0    4453    4485   2
    714   114    2      -1      -1    4454    4486   2
    718   114    2    4421    4436    4456    4488   2
    568   116    2    6762    6784    4457    4493   2
    570   116    2    6762    6784    4458    4494   2
    572   116    2    6763    6785    4459    4495   2
    574   116    2    6763    6785    4460    4496   2
    576   116    2    4424    4437    4461    4497   2
    578   116    2    4425    4438    4462    1525   2
    580   116    2    1484    4439    4463       0   2
    582   116    2       0    4440    4464    4498   2
    584   116    2      -1    4441    4465    4499   2
    588   116    2      -1      -1    4467    4501   2
    648   116    1       0       0    4468    4503   2
    650   116    2    4426    4442    4469    4504   2
    656   116    2    4427    4443    4472    4507   2
    658   116    2    4428    4444    4473    4508   2
    660   116    2    4429    4445    6795    6805   2
    662   116    2    4430    4446    6795    6805   2
    664   116    2    4414    6786    4474    4509   2
    666   116    2    4415    6786    4475    4510   2
    668   116    2    6764    6787    4476    4511   2
    670   116    2    6764    6787    4477    4512   2
    676   116    2    4431    4447    6797    6807   2
    678   116    2    4432    4448    6797    6807   2
    680   116    2    4433    4449    6798    6808   2
    682   116    2    4434    4450    6798    6808   2
    684   116    2    4435    4451    4478    4513   2
    686   116    2       0    4452    4479    4514   2
    690   116    2      -1      -1    4481    4516   2
    700   116    1       0       0    4482    4521   2
    702   116    2      -1      -1    4483    4522   2
    710   116    2      -1      -1    4484    4526   2
    712   116    2       0    4453    4485    1529   2
    714   116    2      -1    4454    4486    4527   2
    716   116    2    1492    4455    4487    4528   2
    718   116    2    4436    4456    4488    4529   2
    720   116    2    4422    6789    4489       0   2
    722   116    2    4423    6789    4490       0   2
    724   116    2    6765    6790    4491    4530   2
    726   116    2    6765    6790    4492    4531   2
    568   118    2    6784    4457    4493    4534   2
    570   118    2    6784    4458    4494    4535   2
    572   118    2    6785    4459    4495    1542   2
    574   118    2    6785    4460    4496    1544   2
    576   118    2    4437    4461    4497    1546   2
    581   118    1    4439    4463       0       0   2
    582   118    2    4440    4464    4498    4538   2
    584   118    2    4441    4465    4499    6802   2
    586   118    2    1499    4466    4500    6802   2
    588   118    2      -1    4467    4501    4539   2
    591   118    1       0       0    4502    4540   2
    648   118    2       0    4468    4503    4543   2
    650   118    2    4442    4469    4504    4544   2
    652   118    2    1502    4470    4505    6803   2
    654   118    2    1504    4471    4506    6803   2
    656   118    2    4443    4472    4507    6804   2
    658   118    2    4444    4473    4508    6804   2
    664   118    2    6786    4474    4509    4545   2
    666   118    2    6786    4475    4510       0   2
    668   118    2    6787    4476    4511    4546   2
    670   118    2    6787    4477    4512    4547   2
    684   118    2    4451    4478    4513    6809   2
    686   118    2    4452    4479    4514    6809   2
    688   118    2    1506    4480    4515    6810   2
    690   118    2      -1    4481    4516    6810   2
    695   118    1       0       0    4518    6811   2
    700   118    2       0    4482    4521    6813   2
    702   118    2      -1    4483    4522    6813   2
    710   118    2      -1    4484    4526    4549   2
    714   118    2    4454    4486    4527    4550   2
    716   118    2    4455    4487    4528    4551   2
    718   118    2    4456    4488    4529    4552   2
    721   118    1    6789    4489       0       0   2
    722   118    1    6789    4490       0       0   2
    724   118    2    6790    4491    4530    4553   2
    726   118    2    6790    4492    4531    4554   2
    564   120    2    6783    6794    4532    4555   2
    566   120    2    6783    6794    4533    4556   2
    568   120    2    4457    4493    4534    4557   2
    570   120    2    4458    4494    4535    1562   2
    578   120    2      -1      -1    4536      -1   2
    580   120    1       0       0    4537    4558   2
    582   120    2    4464    4498    4538    4559   2
    584   120    2    4465    4499    6802    6818   2
    586   120    2    4466    4500    6802    6818   2
    588   120    2    4467    4501    4539    4560   2
    590   120    2       0    4502    4540    4561   2
    593   120    1       0       0    4541    4562   2
    648   120    2    4468    4503    4543    4566   2
    650   120    2    4469    4504    4544    4567   2
    652   120    2    4470    4505    6803    6821   2
    654   120    2    4471    4506    6803    6821   2
    656   120    2    4472    4507    6804    6822   2
    658   120    2    4473    4508    6804    6822   2
    664   120    2    4474    4509    4545    4568   2
    666   120    1    4475    4510       0       0   2
    668   120    2    4476    4511    4546    4569   2
    670   120    2    4477    4512    4547    4570   2
    684   120    2    4478    4513    6809    6827   2
    686   120    2    4479    4514    6809    6827   2
    688   120    2    4480    4515    6810    6828   2
    690   120    2    4481    4516    6810    6828   2
    692   120    2    1512    4517    6811    6829   2
    694   120    2       0    4518    6811    6829   2
    696   120    2    1515    4519    6812    6830   2
    698   120    2    1517    4520    6812    6830   2
    700   120    2    4482    4521    6813    6831   2
    702   120    2    4483    4522    6813    6831   2
    704   120    2    1519    4523    6814    6832   2
    706   120    2    1521    4524    6814    6832   2
    708   120    2    1523    4525    4548    4571   2
    710   120    2    4484    4526    4549    4572   2
    714   120    2    4486    4527    4550    4574   2
    716   120    2    4487    4528    4551    4575   2
    718   120    2    4488    4529    4552    1565   2
    724   120    2    4491    4530    4553      -1   2
    726   120    2    4492    4531    4554    4576   2
    564   122    2    6794    4532    4555    4577   2
    566   122    2    6794    4533    4556       0   2
    568   122    2    4493    4534    4557      -1   2
    578   122    2      -1    4536      -1      -1   2
    580   122    2       0    4537    4558       0   2
    582   122    2    4498    4538    4559    4578   2
    588   122    2    4501    4539    4560    6819   2
    590   122    2    4502    4540    4561    6819   2
    592   122    2       0    4541    4562    4579   2
    595   122    1       0       0    4563    4580   2
    646   122    2    1535    4542    4565    4582   2
    648   122    2    4503    4543    4566    6820   2
    650   122    2    4504    4544    4567    6820   2
    664   122    2    4509    4545    4568    4583   2
    668   122    2    4511    4546    4569    4585   2
    670   122    2    4512    4547    4570    4586   2
    708   122    2    4525    4548    4571    6833   2
    710   122    2    4526    4549    4572    6833   2
    712   122    1       0       0    4573    4587   2
    714   122    2    4527    4550    4574    1581   2
    716   122    2    4528    4551    4575    4588   2
    724   122    2    4530    4553      -1      -1   2
    726   122    2    4531    4554    4576    4591   2
    564   124    2    4532    4555    4577    4592   2
    567   124    1    4533    4556       0       0   2
    568   124    2    4534    4557      -1      -1   2
    580   124    1    4537    4558       0       0   2
    582   124    2    4538    4559    4578    4593   2
    588   124    2    4539    4560    6819    6842   2
    590   124    2    4540    4561    6819    6842   2
    592   124    2    4541    4562    4579    4594   2
    594   124    2       0    4563    4580    4595   2
    644   124    2    1557    4564    4581    4598   2
    646   124    2    4542    4565    4582    4599   2
    648   124    2    4543    4566    6820    6844   2
    650   124    2    4544    4567    6820    6844   2
    664   124    2    4545    4568    4583    4600   2
    668   124    2    4546    4569    4585    4602   2
    670   124    2    4547    4570    4586    4603   2
    708   124    2    4548    4571    6833    6859   2
    710   124    2    4549    4572    6833    6859   2
    712   124    2       0    4573    4587    4604   2
    716   124    2    4551    4575    4588    4606   2
    722   124    1       0       0    4589    4607   2
    726   124    2    4554    4576    4591    4609   2
    564   126    2    4555    4577    4592    4610   2
    582   126    2    4559    4578    4593    4611   2
    592   126    2    4562    4579    4594    6843   2
    594   126    2    4563    4580    4595    6843   2
    644   126    2    4564    4581    4598    4615   2
    646   126    2    4565    4582    4599    4616   2
    664   126    2    4568    4583    4600    6848   2
    666   126    2    1569    4584    4601    6848   2
    668   126    2    4569    4585    4602    6849   2
    670   126    2    4570    4586    4603    6849   2
    712   126    2    4573    4587    4604    6860   2
    714   126    1       0       0    4605    6860   2
    716   126    2    4575    4588    4606    4617   2
    722   126    2       0    4589    4607    4620   2
    724   126    2    1573    4590    4608    6861   2
    726   126    2    4576    4591    4609    6861   2
    564   128    2    4577    4592    4610    4621   2
    582   128    2    4578    4593    4611    4622   2
    592   128    2    4579    4594    6843    6869   2
    594   128    2    4580    4595    6843    6869   2
    596   128    2    1586    4596    4612    4623   2
    600   128    2    1588    4597    4614    4625   2
    644   128    2    4581    4598    4615    4627   2
    646   128    2    4582    4599    4616    4628   2
    664   128    2    4583    4600    6848    4650   2
    666   128    2    4584    4601    6848    4651   2
    668   128    2    4585    4602    6849    6872   2
    670   128    2    4586    4603    6849    6872   2
    712   128    2    4587    4604    6860    6880   2
    714   128    2       0    4605    6860    6880   2
    716   128    2    4588    4606    4617    4629   2
    722   128    2    4589    4607    4620    4632   2
    724   128    2    4590    4608    6861    6883   2
    726   128    2    4591    4609    6861    6883   2
    564   130    2    4592    4610    4621    4637   2
    582   130    2    4593    4611    4622    4639   2
    596   130    2    4596    4612    4623    4640   2
    598   130    2    1603    4613    4624    4641   2
    600   130    2    4597    4614    4625    4642   2
    642   130    1       0       0    4626    4643   2
    644   130    2    4598    4615    4627    4644   2
    646   130    2    4599    4616    4628    4645   2
    716   130    2    4606    4617    4629    6881   2
    718   130    2    1608    4618    4630    6881   2
    720   130    2    1610    4619    4631    6882   2
    722   130    2    4607    4620    4632    6882   2
    556   132    2    7946    6839    4633    4658   2
    558   132    2    7946    6839    4634    4659   2
    560   132    2    6817    6840    4635    4660   2
    562   132    2    6817    6840    4636       0   2
    564   132    2    4610    4621    4637      -1   2
    582   132    2    4611    4622    4639    4662   2
    596   132    2    4612    4623    4640    4663   2
    598   132    2    4613    4624    4641    4664   2
    600   132    2    4614    4625    4642    1630   2
    642   132    2       0    4626    4643    4665   2
    644   132    2    4615    4627    4644    4666   2
    646   132    2    4616    4628    4645    4667   2
    656   132    2    6822    6846    4646    4668   2
    658   132    2    6822    6846    4647       0   2
    660   132    2    6823    6847    4648      -1   2
    662   132    2    6823    6847    4649    1634   2
    664   132    2    4600    6848    4650    4669   2
    666   132    2    4601    6848    4651    4670   2
    680   132    2    6826    6852    4652    4671   2
    682   132    2    6826    6852    4653    4672   2
    684   132    2    6827    6853    4654    4673   2
    686   132    2    6827    6853    4655    4674   2
    688   132    2    6828    6854    4656    4675   2
    690   132    2    6828    6854    4657    4676   2
    716   132    2    4617    4629    6881    7963   2
    718   132    2    4618    4630    6881    7963   2
    720   132    2    4619    4631    6882    7964   2
    722   132    2    4620    4632    6882    7964   2
    556   134    2    6839    4633    4658    4681   2
    558   134    2    6839    4634    4659    4682   2
    560   134    2    6840    4635    4660       0   2
    563   134    1    6840    4636       0       0   2
    564   134    2    4621    4637      -1      -1   2
    580   134    2    1626    4638    4661    4683   2
    582   134    2    4622    4639    4662    4684   2
    596   134    2    4623    4640    4663    4687   2
    598   134    2    4624    4641    4664    4688   2
    642   134    2    4626    4643    4665       0   2
    644   134    2    4627    4644    4666    4689   2
    646   134    2    4628    4645    4667    4690   2
    656   134    2    6846    4646    4668    4693   2
    659   134    1    6846    4647       0       0   2
    660   134    2    6847    4648      -1      -1   2
    664   134    2    6848    4650    4669       0   2
    666   134    2    6848    4651    4670    4694   2
    680   134    2    6852    4652    4671    4699   2
    682   134    2    6852    4653    4672    4700   2
    684   134    2    6853    4654    4673    1646   2
    686   134    2    6853    4655    4674    1648   2
    688   134    2    6854    4656    4675    1650   2
    690   134    2    6854    4657    4676    4701   2
    548   136    2    6837    6865    4677    4704   2
    550   136    2    6837    6865    4678    4705   2
    552   136    2    6838    6866    4679    4706   2
    554   136    2    6838    6866    4680    4707   2
    556   136    2    4633    4658    4681    4708   2
    558   136    2    4634    4659    4682       0   2
    561   136    1    4635    4660       0       0   2
    580   136    2    4638    4661    4683    4710   2
    582   136    2    4639    4662    4684    4711   2
    592   136    2    6843    6869    4685    4712   2
    594   136    2    6843    6869    4686    4713   2
    596   136    2    4640    4663    4687    4714   2
    598   136    2    4641    4664    4688       0   2
    642   136    1    4643    4665       0       0   2
    644   136    2    4644    4666    4689      -1   2
    646   136    2    4645    4667    4690       0   2
    648   136    2    6844    6870    4691    4715   2
    650   136    2    6844    6870    4692    4716   2
    656   136    2    4646    4668    4693    4717   2
    664   136    1    4650    4669       0       0   2
    666   136    2    4651    4670    4694    1660   2
    668   136    2    6849    6872    4695    4718   2
    670   136    2    6849    6872    4696    4719   2
    676   136    2    6851    6874    4697    4720   2
    678   136    2    6851    6874    4698    4721   2
    680   136    2    4652    4671    4699    4722   2
    682   136    2    4653    4672    4700       0   2
    690   136    2    4657    4676    4701       0   2
    692   136    2    6855    6875    4702    4723   2
    694   136    2    6855    6875    4703    4724   2
    548   138    2    6865    4677    4704    4727   2
    550   138    2    6865    4678    4705    4728   2
    552   138    2    6866    4679    4706    1675   2
    554   138    2    6866    4680    4707    1677   2
    556   138    2    4658    4681    4708    4729   2
    559   138    1    4659    4682       0       0   2
    578   138    1       0       0    4709    4730   2
    580   138    2    4661    4683    4710    4731   2
    582   138    2    4662    4684    4711    4732   2
    592   138    2    6869    4685    4712    4737   2
    594   138    2    6869    4686    4713    1681   2
    596   138    2    4663    4687    4714      -1   2
    599   138    1    4664    4688       0       0   2
    644   138    2    4666    4689      -1      -1   2
    647   138    1    4667    4690       0       0   2
    648   138    2    6870    4691    4715    4738   2
    650   138    2    6870    4692    4716    4739   2
    656   138    2    4668    4693    4717    4740   2
    668   138    2    6872    4695    4718    4742   2
    670   138    2    6872    4696    4719    4743   2
    676   138    2    6874    4697    4720    4746   2
    678   138    2    6874    4698    4721       0   2
    680   138    2    4671    4699    4722    4747   2
    683   138    1    4672    4700       0       0   2
    690   138    1    4676    4701       0       0   2
    692   138    2    6875    4702    4723    4752   2
    694   138    2    6875    4703    4724    4753   2
    544   140    2    6864    6888    4725    4754   2
    546   140    2    6864    6888    4726    4755   2
    548   140    2    4677    4704    4727    1694   2
    550   140    2    4678    4705    4728      -1   2
    556   140    2    4681    4708    4729       0   2
    578   140    2       0    4709    4730    4756   2
    580   140    2    4683    4710    4731    4757   2
    582   140    2    4684    4711    4732    1697   2
    584   140    2    6867    6889    4733    1699   2
    586   140    2    6867    6889    4734       0   2
    588   140    2    6868    6890    4735      -1   2
    590   140    2    6868    6890    4736      -1   2
    592   140    2    4685    4712    4737      -1   2
    596   140    2    4687    4714      -1      -1   2
    648   140    2    4691    4715    4738    4759   2
    650   140    2    4692    4716    4739    4760   2
    656   140    2    4693    4717    4740    4761   2
    659   140    1       0       0    4741       0   2
    668   140    2    4695    4718    4742    4763   2
    670   140    2    4696    4719    4743    4764   2
    672   140    2    6873    6892    4744    4765   2
    674   140    2    6873    6892    4745       0   2
    676   140    2    4697    4720    4746      -1   2
    679   140    1    4698    4721       0       0   2
    680   140    2    4699    4722    4747    4766   2
    686   140    2      -1      -1    4750    4769   2
    692   140    2    4702    4723    4752    4772   2
    694   140    2    4703    4724    4753    4773   2
    544   142    2    6888    4725    4754    4774   2
    546   142    2    6888    4726    4755    4775   2
    550   142    2    4705    4728      -1      -1   2
    556   142    1    4708    4729       0       0   2
    578   142    2    4709    4730    4756    1717   2
    580   142    2    4710    4731    4757    1719   2
    587   142    1    6889    4734       0       0   2
    588   142    2    6890    4735      -1      -1   2
    590   142    2    6890    4736      -1      -1   2
    592   142    2    4712    4737      -1      -1   2
    648   142    2    4715    4738    4759    6902   2
    650   142    2    4716    4739    4760    6902   2
    656   142    2    4717    4740    4761    4782   2
    659   142    1       0    4741       0       0   2
    666   142    1       0       0    4762    4783   2
    668   142    2    4718    4742    4763    4784   2
    670   142    2    4719    4743    4764       0   2
    672   142    2    6892    4744    4765      -1   2
    675   142    1    6892    4745       0       0   2
    676   142    2    4720    4746      -1      -1   2
    680   142    2    4722    4747    4766    4785   2
    682   142    2    1669    4748    4767    4786   2
    684   142    2    1671    4749    4768    6903   2
    686   142    2      -1    4750    4769    6903   2
    690   142    2    1673    4751    4771    6904   2
    692   142    2    4723    4752    4772    6905   2
    694   142    2    4724    4753    4773    6905   2
    544   144    2    4725    4754    4774    4787   2
    546   144    2    4726    4755    4775    4788   2
    642   144    1       0       0    4777    4789   2
    646   144    2    1689    4758    4779    4791   2
    648   144    2    4738    4759    6902    4800   2
    650   144    2    4739    4760    6902    4801   2
    652   144    2    6891    6897    4780    4792   2
    654   144    2    6891    6897    4781    4793   2
    656   144    2    4740    4761    4782       0   2
    666   144    2       0    4762    4783    1738   2
    668   144    2    4742    4763    4784    1740   2
    671   144    1    4743    4764       0       0   2
    672   144    2    4744    4765      -1      -1   2
    680   144    2    4747    4766    4785    4795   2
    682   144    2    4748    4767    4786    4796   2
    684   144    2    4749    4768    6903    6912   2
    686   144    2    4750    4769    6903    6912   2
    688   144    2    1692    4770    6904    6913   2
    690   144    2    4751    4771    6904    6913   2
    692   144    2    4752    4772    6905    6914   2
    694   144    2    4753    4773    6905    6914   2
    544   146    2    4754    4774    4787    4797   2
    546   146    2    4755    4775    4788    4798   2
    642   146    2       0    4777    4789    4799   2
    644   146    2    1712    4778    4790    6910   2
    646   146    2    4758    4779    4791    6910   2
    652   146    2    6897    4780    4792    4802   2
    654   146    2    6897    4781    4793    4803   2
    657   146    1    4761    4782       0       0   2
    679   146    1       0       0    4794    4807   2
    680   146    2    4766    4785    4795    6911   2
    682   146    2    4767    4786    4796    6911   2
    544   148    2    4774    4787    4797    4808   2
    546   148    2    4775    4788    4798    4809   2
    642   148    2    4777    4789    4799    4811   2
    644   148    2    4778    4790    6910    6925   2
    646   148    2    4779    4791    6910    6925   2
    648   148    2    4759    6902    4800    4812   2
    650   148    2    4760    6902    4801    4813   2
    652   148    2    4780    4792    4802    4814   2
    654   148    2    4781    4793    4803    4815   2
    672   148    1       0       0    4805    1775   2
    678   148    2       0    4794    4807    4820   2
    680   148    2    4785    4795    6911    6926   2
    682   148    2    4786    4796    6911    6926   2
    544   150    2    4787    4797    4808    4821   2
    546   150    2    4788    4798    4809    4822   2
    642   150    2    4789    4799    4811    4824   2
    648   150    2    6902    4800    4812    4825   2
    650   150    2    6902    4801    4813    4826   2
    652   150    2    4792    4802    4814       0   2
    654   150    2    4793    4803    4815      -1   2
    670   150    2    1750    4804    4817    4829   2
    673   150    1    1751    4805       0       0   2
    674   150    1       0       0    4818      -1   2
    676   150    2    1755    4806    4819    4830   2
    678   150    2    4794    4807    4820    4831   2
    544   152    2    4797    4808    4821    4832   2
    546   152    2    4798    4809    4822    4833   2
    640   152    2    1765    4810    4823    4834   2
    642   152    2    4799    4811    4824    4835   2
    648   152    2    4800    4812    4825    4836   2
    650   152    2    4801    4813    4826    4837   2
    653   152    1    4802    4814       0       0   2
    654   152    2    4803    4815      -1      -1   2
    666   152    1       0       0    4827      -1   2
    668   152    2    1770    4816    4828    4838   2
    670   152    2    4804    4817    4829    4839   2
    674   152    2       0    4818      -1      -1   2
    676   152    2    4806    4819    4830    4842   2
    678   152    2    4807    4820    4831    4843   2
    544   154    2    4808    4821    4832    4848   2
    546   154    2    4809    4822    4833    4849   2
    640   154    2    4810    4823    4834    4851   2
    642   154    2    4811    4824    4835    4852   2
    648   154    2    4812    4825    4836    4853   2
    650   154    2    4813    4826    4837    4854   2
    666   154    2       0    4827      -1      -1   2
    668   154    2    4816    4828    4838    4855   2
    670   154    2    4817    4829    4839    4856   2
    676   154    2    4819    4830    4842    6936   2
    678   154    2    4820    4831    4843    6936   2
    408   156    2    7971    6919    4844    4857   2
    410   156    2    7971    6919    4845    4858   2
    412   156    2    7971    6920    4846    4859   2
    414   156    2    7971    6920    4847    4860   2
    544   156    2    4821    4832    4848    4861   2
    546   156    2    4822    4833    4849    4862   2
    640   156    2    4823    4834    4851    4865   2
    642   156    2    4824    4835    4852    4866   2
    648   156    2    4825    4836    4853    4867   2
    650   156    2    4826    4837    4854    4868   2
    668   156    2    4828    4838    4855    4871   2
    670   156    2    4829    4839    4856    4872   2
    672   156    2    1786    4840    6935    6947   2
    674   156    2    1788    4841    6935    6947   2
    676   156    2    4830    4842    6936    6948   2
    678   156    2    4831    4843    6936    6948   2
    408   158    2    6919    4844    4857    4875   2
    410   158    2    6919    4845    4858    4876   2
    412   158    2    6920    4846    4859    1815   2
    414   158    2    6920    4847    4860    4877   2
    544   158    2    4832    4848    4861    4880   2
    546   158    2    4833    4849    4862    4881   2
    636   158    1       0       0    4863    4882   2
    638   158    2    1792    4850    4864    4883   2
    640   158    2    4834    4851    4865    6943   2
    642   158    2    4835    4852    4866    6943   2
    648   158    2    4836    4853    4867    6945   2
    650   158    2    4837    4854    4868    6945   2
    668   158    2    4838    4855    4871    6946   2
    670   158    2    4839    4856    4872    6946   2
    404   160    2    6918    6929    4873    4892   2
    406   160    2    6918    6929    4874       0   2
    408   160    2    4844    4857    4875       0   2
    410   160    2    4845    4858    4876    4893   2
    414   160    2    4847    4860    4877    4894   2
    416   160    2    6921    6930    4878    4895   2
    418   160    2    6921    6930    4879    4896   2
    544   160    2    4848    4861    4880    4897   2
    546   160    2    4849    4862    4881       0   2
    636   160    2       0    4863    4882    4899   2
    638   160    2    4850    4864    4883    4900   2
    640   160    2    4851    4865    6943    6953   2
    642   160    2    4852    4866    6943    6953   2
    648   160    2    4853    4867    6945    6955   2
    650   160    2    4854    4868    6945    6955   2
    652   160    2    1799    4869    4884    4901   2
    660   160    2      -1      -1    4888    4905   2
    662   160    1       0       0    4889    4906   2
    666   160    2    1801    4870    4891    4908   2
    668   160    2    4855    4871    6946    6960   2
    670   160    2    4856    4872    6946    6960   2
    404   162    2    6929    4873    4892    4909   2
    407   162    1    6929    4874       0       0   2
    408   162    1    4857    4875       0       0   2
    410   162    2    4858    4876    4893    4912   2
    414   162    2    4860    4877    4894    1831   2
    416   162    2    6930    4878    4895    4914   2
    418   162    2    6930    4879    4896    4915   2
    544   162    2    4861    4880    4897    4918   2
    547   162    1    4862    4881       0       0   2
    634   162    1       0       0    4898    4919   2
    636   162    2    4863    4882    4899    6952   2
    638   162    2    4864    4883    4900    6952   2
    652   162    2    4869    4884    4901    6956   2
    654   162    2    1806    4885    4902    6956   2
    656   162    2    1808    4886    4903    6957   2
    658   162    2    1810    4887    4904    6957   2
    660   162    2      -1    4888    4905    6958   2
    662   162    2       0    4889    4906    6958   2
    664   162    2    1813    4890    4907    6959   2
    666   162    2    4870    4891    4908    6959   2
    404   164    2    4873    4892    4909    4920   2
    410   164    2    4876    4893    4912    4922   2
    416   164    2    4878    4895    4914    4923   2
    418   164    2    4879    4896    4915    4924   2
    540   164    2    6933    6942    4916    4925   2
    542   164    2    6933    6942    4917    4926   2
    544   164    2    4880    4897    4918    4927   2
    634   164    2       0    4898    4919    4928   2
    636   164    2    4882    4899    6952    6968   2
    638   164    2    4883    4900    6952    6968   2
    652   164    2    4884    4901    6956    8000   2
    654   164    2    4885    4902    6956    8000   2
    656   164    2    4886    4903    6957    8001   2
    658   164    2    4887    4904    6957    8001   2
    660   164    2    4888    4905    6958    8001   2
    662   164    2    4889    4906    6958    8001   2
    664   164    2    4890    4907    6959    8002   2
    666   164    2    4891    4908    6959    8002   2
    404   166    2    4892    4909    4920    4929   2
    406   166    1    1823    4910       0       0   2
    408   166    2    1826    4911    4921       0   2
    410   166    2    4893    4912    4922      -1   2
    413   166    1    1828    4913       0       0   2
    416   166    2    4895    4914    4923    4931   2
    418   166    2    4896    4915    4924    4932   2
    540   166    2    6942    4916    4925    4933   2
    542   166    2    6942    4917    4926    4934   2
    544   166    2    4897    4918    4927    1845   2
    634   166    2    4898    4919    4928    4935   2
    404   168    2    4909    4920    4929    4936   2
    409   168    1    4911    4921       0       0   2
    410   168    2    4912    4922      -1      -1   2
    414   168    1       0       0    4930    4938   2
    416   168    2    4914    4923    4931    4939   2
    418   168    2    4915    4924    4932    4940   2
    540   168    2    4916    4925    4933    4941   2
    542   168    2    4917    4926    4934    4942   2
    634   168    2    4919    4928    4935    4945   2
    404   170    2    4920    4929    4936    4946   2
    414   170    2       0    4930    4938    4951   2
    416   170    2    4923    4931    4939    6970   2
    418   170    2    4924    4932    4940    6970   2
    540   170    2    4925    4933    4941    4952   2
    542   170    2    4926    4934    4942    4953   2
    634   170    2    4928    4935    4945    6975   2
    404   172    2    4929    4936    4946    4956   2
    406   172    1       0       0    4947    4957   2
    412   172    2    1852    4937    4950    4960   2
    414   172    2    4930    4938    4951    4961   2
    416   172    2    4931    4939    6970    6981   2
    418   172    2    4932    4940    6970    6981   2
    540   172    2    4933    4941    4952    4962   2
    542   172    2    4934    4942    4953    1871   2
    628   172    1       0       0    4954    4963   2
    630   172    2    1855    4943    4955    4964   2
    632   172    2    1857    4944    6975    4970   2
    634   172    2    4935    4945    6975    4971   2
    404   174    2    4936    4946    4956    6978   2
    406   174    2       0    4947    4957    6978   2
    408   174    2    1864    4948    4958    6979   2
    410   174    2    1866    4949    4959    6979   2
    412   174    2    4937    4950    4960    6980   2
    414   174    2    4938    4951    4961    6980   2
    540   174    2    4941    4952    4962    4967   2
    628   174    2       0    4954    4963    4968   2
    630   174    2    4943    4955    4964    4969   2
    404   176    2    4946    4956    6978    6989   2
    406   176    2    4947    4957    6978    6989   2
    408   176    2    4948    4958    6979    6990   2
    410   176    2    4949    4959    6979    6990   2
    412   176    2    4950    4960    6980    6991   2
    414   176    2    4951    4961    6980    6991   2
    536   176    2    6967    6974    4965    4972   2
    538   176    2    6967    6974    4966    4973   2
    540   176    2    4952    4962    4967       0   2
    628   176    2    4954    4963    4968       0   2
    630   176    2    4955    4964    4969       0   2
    632   176    2    4944    6975    4970    4974   2
    634   176    2    4945    6975    4971    4975   2
    536   178    2    6974    4965    4972    4976   2
    538   178    2    6974    4966    4973       0   2
    541   178    1    4962    4967       0       0   2
    629   178    1    4963    4968       0       0   2
    630   178    1    4964    4969       0       0   2
    632   178    2    6975    4970    4974    1882   2
    634   178    2    6975    4971    4975    4977   2
    536   180    2    4965    4972    4976    4978   2
    539   180    1    4966    4973       0       0   2
    634   180    2    4971    4975    4977    4979   2
    536   182    2    4972    4976    4978    4980   2
    634   182    2    4975    4977    4979    4981   2
    536   184    2    4976    4978    4980    4984   2
    634   184    2    4977    4979    4981    4985   2
    636   184    2    6985    6996    4982    4986   2
    638   184    2    6985    6996    4983    4987   2
    536   186    2    4978    4980    4984    4988   2
    634   186    2    4979    4981    4985       0   2
    636   186    2    6996    4982    4986    1895   2
    638   186    2    6996    4983    4987    4989   2
    536   188    2    4980    4984    4988    4992   2
    634   188    1    4981    4985       0       0   2
    638   188    2    4983    4987    4989    4993   2
    640   188    2    6997    7001    4990    4994   2
    642   188    2    6997    7001    4991    4995   2
    536   190    2    4984    4988    4992    4996   2
    638   190    2    4987    4989    4993       0   2
    640   190    2    7001    4990    4994    4997   2
    642   190    2    7001    4991    4995    4998   2
    536   192    2    4988    4992    4996    4999   2
    638   192    1    4989    4993       0       0   2
    640   192    2    4990    4994    4997    1908   2
    642   192    2    4991    4995    4998    5000   2
    536   194    2    4992    4996    4999    5005   2
    642   194    2    4995    4998    5000    5007   2
    528   196    2    7003    7014    5001    5010   2
    530   196    2    7003    7014    5002    5011   2
    532   196    2    7004    7015    5003    5012   2
    534   196    2    7004    7015    5004    5013   2
    536   196    2    4996    4999    5005    5014   2
    642   196    2    4998    5000    5007    1913   2
    644   196    2    7005    7016    5008    5015   2
    646   196    2    7005    7016    5009    5016   2
    528   198    2    7014    5001    5010    5021   2
    530   198    2    7014    5002    5011    5022   2
    532   198    2    7015    5003    5012       0   2
    534   198    2    7015    5004    5013    5023   2
    536   198    2    4999    5005    5014      -1   2
    539   198    1    1910    5006       0       0   2
    644   198    2    7016    5008    5015    5024   2
    646   198    2    7016    5009    5016    5025   2
    176   200    2    7008    7021    5017    5026   2
    178   200    2    7008    7021    5018    5027   2
    180   200    2    7009    7022    5019    5028   2
    182   200    2    7009    7022    5020    5029   2
    528   200    2    5001    5010    5021    5030   2
    530   200    2    5002    5011    5022    5031   2
    533   200    1    5003    5012       0       0   2
    534   200    2    5004    5013    5023    5032   2
    536   200    2    5005    5014      -1      -1   2
    644   200    2    5008    5015    5024    5035   2
    646   200    2    5009    5016    5025    5036   2
    176   202    2    7021    5017    5026    5037   2
    178   202    2    7021    5018    5027    5038   2
    180   202    2    7022    5019    5028       0   2
    182   202    2    7022    5020    5029    5039   2
    528   202    2    5010    5021    5030    5040   2
    530   202    2    5011    5022    5031    5041   2
    534   202    2    5013    5023    5032    5042   2
    537   202    1       0       0    5033    5043   2
    642   202    1       0       0    5034    5046   2
    644   202    2    5015    5024    5035    7043   2
    646   202    2    5016    5025    5036    7043   2
    176   204    2    5017    5026    5037    5047   2
    178   204    2    5018    5027    5038    5048   2
    180   204    1    5019    5028       0       0   2
    182   204    2    5020    5029    5039    5050   2
    528   204    2    5021    5030    5040    5051   2
    530   204    2    5022    5031    5041    5052   2
    534   204    2    5023    5032    5042    5054   2
    536   204    2       0    5033    5043    5055   2
    642   204    2       0    5034    5046    5058   2
    644   204    2    5024    5035    7043    7066   2
    646   204    2    5025    5036    7043    7066   2
    176   206    2    5026    5037    5047    7060   2
    178   206    2    5027    5038    5048    7060   2
    180   206    1       0       0    5049    7061   2
    182   206    2    5029    5039    5050    7061   2
    528   206    2    5030    5040    5051    5059   2
    530   206    2    5031    5041    5052    5060   2
    532   206    1       0       0    5053    5061   2
    534   206    2    5032    5042    5054    5062   2
    536   206    2    5033    5043    5055    5063   2
    638   206    2    1928    5044    5056    5064   2
    640   206    2    1930    5045    5057    5065   2
    642   206    2    5034    5046    5058    5066   2
    176   208    2    5037    5047    7060    7089   2
    178   208    2    5038    5048    7060    7089   2
    180   208    2       0    5049    7061    7090   2
    182   208    2    5039    5050    7061    7090   2
    528   208    2    5040    5051    5059    5067   2
    530   208    2    5041    5052    5060    5068   2
    532   208    2       0    5053    5061    1939   2
    534   208    2    5042    5054    5062    5069   2
    536   208    2    5043    5055    5063       0   2
    638   208    2    5044    5056    5064    1942   2
    640   208    2    5045    5057    5065    5070   2
    642   208    2    5046    5058    5066    5071   2
    528   210    2    5051    5059    5067    5074   2
    530   210    2    5052    5060    5068      -1   2
    534   210    2    5054    5062    5069    5075   2
    537   210    1    5055    5063       0       0   2
    640   210    2    5057    5065    5070       0   2
    642   210    2    5058    5066    5071    5076   2
    524   212    2    7042    7065    5072    5079   2
    526   212    2    7042    7065    5073    5080   2
    528   212    2    5059    5067    5074       0   2
    530   212    2    5060    5068      -1      -1   2
    534   212    2    5062    5069    5075      -1   2
    640   212    1    5065    5070       0       0   2
    642   212    2    5066    5071    5076       0   2
    644   212    2    7043    7066    5077    5081   2
    646   212    2    7043    7066    5078    5082   2
    524   214    2    7065    5072    5079    5091   2
    526   214    2    7065    5073    5080    5092   2
    529   214    1    5067    5074       0       0   2
    534   214    2    5069    5075      -1      -1   2
    642   214    1    5071    5076       0       0   2
    644   214    2    7066    5077    5081    1954   2
    646   214    2    7066    5078    5082    5094   2
     48   216    2    7048    7077    5083    5105   2
     50   216    2    7048    7077    5084    5106   2
     52   216    2    7049    7078    5085    5107   2
     54   216    2    7049    7078    5086    5108   2
     96   216    2    7054    7083    5087    5109   2
     98   216    2    7054    7083    5088    5110   2
    100   216    2    7055    7084    5089    5111   2
    102   216    2    7055    7084    5090    5112   2
    524   216    2    5072    5079    5091    5113   2
    526   216    2    5073    5080    5092    5114   2
    646   216    2    5078    5082    5094       0   2
    648   216    2    7067    7094    5095    5116   2
    650   216    2    7067    7094    5096    5117   2
    652   216    2    7068    7095    5097    5118   2
    654   216    2    7068    7095    5098    5119   2
    660   216    2    7070    7097    5099    5120   2
    662   216    2    7070    7097    5100       0   2
    664   216    2    7071    7098    5101      -1   2
    666   216    2    7071    7098    5102    1958   2
    668   216    2    7072    7099    5103    5121   2
    670   216    2    7072    7099    5104    5122   2
     48   218    2    7077    5083    5105    5123   2
     50   218    2    7077    5084    5106    5124   2
     52   218    2    7078    5085    5107    1971   2
     54   218    2    7078    5086    5108    5125   2
     96   218    2    7083    5087    5109    5126   2
     98   218    2    7083    5088    5110    5127   2
    100   218    2    7084    5089    5111    1973   2
    102   218    2    7084    5090    5112    5128   2
    524   218    2    5079    5091    5113    7124   2
    526   218    2    5080    5092    5114    7124   2
    528   218    2    1952    5093    5115    5131   2
    646   218    1    5082    5094       0       0   2
    648   218    2    7094    5095    5116       0   2
    650   218    2    7094    5096    5117       0   2
    652   218    2    7095    5097    5118    1979   2
    654   218    2    7095    5098    5119    5137   2
    660   218    2    7097    5099    5120    5140   2
    663   218    1    7097    5100       0       0   2
    664   218    2    7098    5101      -1      -1   2
    668   218    2    7099    5103    5121    1981   2
    670   218    2    7099    5104    5122    5142   2
     48   220    2    5083    5105    5123    5145   2
     50   220    2    5084    5106    5124    5146   2
     54   220    2    5086    5108    5125    5147   2
     96   220    2    5087    5109    5126    5148   2
     98   220    2    5088    5110    5127    5149   2
    102   220    2    5090    5112    5128       0   2
    104   220    2    7085    7108    5129    5151   2
    106   220    2    7085    7108    5130    5152   2
    524   220    2    5091    5113    7124    5176   2
    526   220    2    5092    5114    7124    5177   2
    528   220    2    5093    5115    5131    5153   2
    552   220    1       0       0    5132    5154   2
    561   220    1       0       0    5136    5158   2
    648   220    1    5095    5116       0       0   2
    651   220    1    5096    5117       0       0   2
    654   220    2    5098    5119    5137      -1   2
    656   220    2    7096    7111    5138    1995   2
    658   220    2    7096    7111    5139    5161   2
    660   220    2    5099    5120    5140    5162   2
    670   220    2    5104    5122    5142    5165   2
    672   220    2    7100    7112    5143    5166   2
    674   220    2    7100    7112    5144    5167   2
     48   222    2    5105    5123    5145    5168   2
     50   222    2    5106    5124    5146    5169   2
     54   222    2    5108    5125    5147    5171   2
     96   222    2    5109    5126    5148    7136   2
     98   222    2    5110    5127    5149    7136   2
    100   222    1       0       0    5150    5172   2
    102   222    1    5112    5128       0       0   2
    104   222    2    7108    5129    5151    5174   2
    106   222    2    7108    5130    5152    5175   2
    528   222    2    5115    5131    5153    5178   2
    552   222    2       0    5132    5154    5179   2
    554   222    2    1961    5133    5155    5180   2
    556   222    2    1963    5134    5156    7139   2
    558   222    2    1965    5135    5157    7139   2
    560   222    2       0    5136    5158    7140   2
    565   222    1       0       0    5160    5181   2
    654   222    2    5119    5137      -1      -1   2
    658   222    2    7111    5139    5161      -1   2
    660   222    2    5120    5140    5162      -1   2
    662   222    2    1968    5141    5163    2008   2
    665   222    1       0       0    5164    5183   2
    670   222    2    5122    5142    5165    2011   2
    672   222    2    7112    5143    5166    5184   2
    674   222    2    7112    5144    5167    5185   2
     48   224    2    5123    5145    5168    5188   2
     50   224    2    5124    5146    5169    5189   2
     54   224    2    5125    5147    5171    5191   2
     96   224    2    5126    5148    7136    7153   2
     98   224    2    5127    5149    7136    7153   2
    100   224    2       0    5150    5172    5192   2
    104   224    2    5129    5151    5174    5194   2
    106   224    2    5130    5152    5175    5195   2
    524   224    2    5113    7124    5176    5196   2
    526   224    2    5114    7124    5177    5197   2
    528   224    2    5131    5153    5178       0   2
    552   224    2    5132    5154    5179    5199   2
    554   224    2    5133    5155    5180    5200   2
    556   224    2    5134    5156    7139    7159   2
    558   224    2    5135    5157    7139    7159   2
    560   224    2    5136    5158    7140    5211   2
    562   224    2    1986    5159    7140    5212   2
    564   224    2       0    5160    5181    5201   2
    567   224    1       0       0    5182    5202   2
    658   224    2    5139    5161      -1      -1   2
    660   224    2    5140    5162      -1      -1   2
    664   224    2       0    5164    5183       0   2
    672   224    2    5143    5166    5184       0   2
    674   224    2    5144    5167    5185    5203   2
    676   224    2    7113    7125    5186    5204   2
    678   224    2    7113    7125    5187    5205   2
     48   226    2    5145    5168    5188    7145   2
     50   226    2    5146    5169    5189    7145   2
     52   226    2    1998    5170    5190    7146   2
     54   226    2    5147    5171    5191    7146   2
    100   226    2    5150    5172    5192    7154   2
    102   226    2    2000    5173    5193    7154   2
    104   226    2    5151    5174    5194    7155   2
    106   226    2    5152    5175    5195    7155   2
    524   226    2    7124    5176    5196    5206   2
    526   226    2    7124    5177    5197    5207   2
    529   226    1    5153    5178       0       0   2
    550   226    1       0       0    5198    5210   2
    552   226    2    5154    5179    5199    7158   2
    554   226    2    5155    5180    5200    7158   2
    564   226    2    5160    5181    5201    5213   2
    566   226    2       0    5182    5202    5214   2
    664   226    1    5164    5183       0       0   2
    672   226    1    5166    5184       0       0   2
    674   226    2    5167    5185    5203       0   2
    676   226    2    7125    5186    5204    5215   2
    678   226    2    7125    5187    5205    5216   2
     48   228    2    5168    5188    7145    7163   2
     50   228    2    5169    5189    7145    7163   2
     52   228    2    5170    5190    7146    7164   2
     54   228    2    5171    5191    7146    7164   2
    100   228    2    5172    5192    7154    8125   2
    102   228    2    5173    5193    7154    8125   2
    104   228    2    5174    5194    7155    8126   2
    106   228    2    5175    5195    7155    8126   2
    524   228    2    5176    5196    5206    5219   2
    526   228    2    5177    5197    5207    5220   2
    550   228    2       0    5198    5210    5224   2
    552   228    2    5179    5199    7158    7182   2
    554   228    2    5180    5200    7158    7182   2
    560   228    2    5158    7140    5211    5225   2
    562   228    2    5159    7140    5212    5226   2
    564   228    2    5181    5201    5213    5227   2
    566   228    2    5182    5202    5214    5228   2
    674   228    1    5185    5203       0       0   2
    676   228    2    5186    5204    5215       0   2
    678   228    2    5187    5205    5216    5230   2
    680   228    2    7126    7141    5217    5231   2
    682   228    2    7126    7141    5218    5232   2
    524   230    2    5196    5206    5219    7180   2
    526   230    2    5197    5207    5220    7180   2
    528   230    2    2029    5208    5221    5237   2
    548   230    2    2032    5209    5223    7181   2
    550   230    2    5198    5210    5224    7181   2
    560   230    2    7140    5211    5225    5239   2
    562   230    2    7140    5212    5226    5240   2
    564   230    2    5201    5213    5227    2066   2
    566   230    2    5202    5214    5228      -1   2
    671   230    1       0       0    5229      -1   2
    676   230    1    5204    5215       0       0   2
    678   230    2    5205    5216    5230    2069   2
    680   230    2    7141    5217    5231    5241   2
    682   230    2    7141    5218    5232    5242   2
     84   232    2    7133    7150    5233    5243   2
     86   232    2    7133    7150    5234    5244   2
     88   232    2    7134    7151    5235    5245   2
     90   232    2    7134    7151    5236    5246   2
    524   232    2    5206    5219    7180    7199   2
    526   232    2    5207    5220    7180    7199   2
    528   232    2    5208    5221    5237    5247   2
    546   232    2    2047    5222    5238    5248   2
    548   232    2    5209    5223    7181    7200   2
    550   232    2    5210    5224    7181    7200   2
    560   232    2    5211    5225    5239    5249   2
    562   232    2    5212    5226    5240    5250   2
    566   232    2    5214    5228      -1      -1   2
    670   232    2       0    5229      -1      -1   2
    680   232    2    5217    5231    5241    5252   2
    682   232    2    5218    5232    5242    5253   2
     84   234    2    7150    5233    5243    5260   2
     86   234    2    7150    5234    5244      -1   2
     88   234    2    7151    5235    5245       0   2
     90   234    2    7151    5236    5246    5261   2
    528   234    2    5221    5237    5247    5266   2
    546   234    2    5222    5238    5248    5268   2
    560   234    2    5225    5239    5249    5269   2
    562   234    2    5226    5240    5250    5270   2
    678   234    1       0       0    5251    5271   2
    680   234    2    5231    5241    5252    5272   2
    682   234    2    5232    5242    5253    5273   2
     60   236    2    7148    7166    5254    5274   2
     62   236    2    7148    7166    5255    5275   2
     64   236    2    8109    7167    5256       0   2
     66   236    2    8109    7167    5257      -1   2
     68   236    2    8109    7168    5258    5276   2
     70   236    2    8109    7168    5259    5277   2
     84   236    2    5233    5243    5260    5278   2
     86   236    2    5234    5244      -1      -1   2
     88   236    1    5235    5245       0       0   2
     90   236    2    5236    5246    5261    5281   2
    216   236    2    8116    7175    5262    5282   2
    218   236    2    8116    7175    5263      -1   2
    220   236    2    8116    7176    5264    5283   2
    222   236    2    8116    7176    5265    5284   2
    528   236    2    5237    5247    5266    5285   2
    531   236    1       0       0    5267    5286   2
    546   236    2    5238    5248    5268    5289   2
    560   236    2    5239    5249    5269    5290   2
    562   236    2    5240    5250    5270    5291   2
    678   236    2       0    5251    5271       0   2
    680   236    2    5241    5252    5272    5292   2
    682   236    2    5242    5253    5273    5293   2
     60   238    2    7166    5254    5274    5298   2
     62   238    2    7166    5255    5275    5299   2
     65   238    1    7167    5256       0       0   2
     66   238    2    7167    5257      -1      -1   2
     68   238    2    7168    5258    5276    5302   2
     70   238    2    7168    5259    5277    5303   2
     84   238    2    5243    5260    5278    7212   2
     90   238    2    5246    5261    5281    7213   2
    216   238    2    7175    5262    5282    5304   2
    218   238    2    7175    5263      -1      -1   2
    220   238    2    7176    5264    5283    5306   2
    222   238    2    7176    5265    5284    5307   2
    528   238    2    5247    5266    5285    7221   2
    530   238    2       0    5267    5286    7221   2
    532   238    2      -1      -1    5287    5308   2
    546   238    2    5248    5268    5289    5313   2
    560   238    2    5249    5269    5290    5314   2
    562   238    2    5250    5270    5291    5315   2
    678   238    1    5251    5271       0       0   2
    680   238    2    5252    5272    5292    5316   2
    682   238    2    5253    5273    5293    5317   2
     44   240    2    7162    7186    5294    5318   2
     46   240    2    7162    7186    5295    5319   2
     48   240    2    7163    7187    5296    5320   2
     50   240    2    7163    7187    5297    5321   2
     60   240    2    5254    5274    5298    5322   2
     62   240    2    5255    5275    5299    5323   2
     68   240    2    5258    5276    5302    5326   2
     70   240    2    5259    5277    5303    5327   2
     84   240    2    5260    5278    7212    7237   2
     86   240    2    2086    5279    7212    7237   2
     88   240    2    2088    5280    7213    7238   2
     90   240    2    5261    5281    7213    7238   2
    216   240    2    5262    5282    5304    5328   2
    220   240    2    5264    5283    5306    5330   2
    222   240    2    5265    5284    5307    5331   2
    528   240    2    5266    5285    7221    7248   2
    530   240    2    5267    5286    7221    7248   2
    532   240    2      -1    5287    5308    5332   2
    536   240    2      -1      -1    5310    5334   2
    542   240    1       0       0    5311    5337   2
    544   240    2    2090    5288    5312    5338   2
    546   240    2    5268    5289    5313    5339   2
    560   240    2    5269    5290    5314    5340   2
    562   240    2    5270    5291    5315    5341   2
    680   240    2    5272    5292    5316    5343   2
    682   240    2    5273    5293    5317    5344   2
     44   242    2    7186    5294    5318    5349   2
     46   242    2    7186    5295    5319    5350   2
     48   242    2    7187    5296    5320       0   2
     50   242    2    7187    5297    5321    5351   2
     60   242    2    5274    5298    5322    7231   2
     62   242    2    5275    5299    5323    7231   2
     64   242    2    2097    5300    5324    7232   2
     66   242    2    2099    5301    5325    7232   2
     68   242    2    5276    5302    5326    7233   2
     70   242    2    5277    5303    5327    7233   2
    216   242    2    5282    5304    5328    7242   2
    218   242    2    2101    5305    5329    7242   2
    220   242    2    5283    5306    5330    7243   2
    222   242    2    5284    5307    5331    7243   2
    532   242    2    5287    5308    5332    7249   2
    534   242    2    2103    5309    5333    7249   2
    536   242    2      -1    5310    5334    7250   2
    539   242    1       0       0    5335    7250   2
    540   242    1       0       0    5336    7251   2
    542   242    2       0    5311    5337    7251   2
    544   242    2    5288    5312    5338    7252   2
    546   242    2    5289    5313    5339    7252   2
    560   242    2    5290    5314    5340    5352   2
    562   242    2    5291    5315    5341    5353   2
    678   242    1       0       0    5342       0   2
    680   242    2    5292    5316    5343    5354   2
    682   242    2    5293    5317    5344    5355   2
     36   244    2    8124    7205    5345    5358   2
     38   244    2    8124    7205    5346       0   2
     40   244    2    7185    7206    5347    5359   2
     42   244    2    7185    7206    5348    5360   2
     44   244    2    5294    5318    5349    5361   2
     46   244    2    5295    5319    5350    5362   2
     48   244    1    5296    5320       0       0   2
     50   244    2    5297    5321    5351    5364   2
     60   244    2    5298    5322    7231    8150   2
     62   244    2    5299    5323    7231    8150   2
     64   244    2    5300    5324    7232    8151   2
     66   244    2    5301    5325    7232    8151   2
     68   244    2    5302    5326    7233    8151   2
     70   244    2    5303    5327    7233    8151   2
    216   244    2    5304    5328    7242    8159   2
    218   244    2    5305    5329    7242    8159   2
    220   244    2    5306    5330    7243    8159   2
    222   244    2    5307    5331    7243    8159   2
    532   244    2    5308    5332    7249    8164   2
    534   244    2    5309    5333    7249    8164   2
    536   244    2    5310    5334    7250    8165   2
    538   244    2       0    5335    7250    8165   2
    540   244    2       0    5336    7251    8165   2
    542   244    2    5311    5337    7251    8165   2
    544   244    2    5312    5338    7252    8166   2
    546   244    2    5313    5339    7252    8166   2
    560   244    2    5314    5340    5352    5365   2
    562   244    2    5315    5341    5353      -1   2
    678   244    1       0    5342       0       0   2
    680   244    2    5316    5343    5354    5366   2
    682   244    2    5317    5344    5355    5367   2
    684   244    2    7203    7225    5356    5368   2
    686   244    2    7203    7225    5357    5369   2
     36   246    2    7205    5345    5358    5370   2
     39   246    1    7205    5346       0       0   2
     40   246    2    7206    5347    5359    5372   2
     42   246    2    7206    5348    5360    5373   2
     44   246    2    5318    5349    5361    7259   2
     46   246    2    5319    5350    5362    7259   2
     50   246    2    5321    5351    5364    7260   2
    560   246    2    5340    5352    5365    5376   2
    562   246    2    5341    5353      -1      -1   2
    680   246    2    5343    5354    5366      -1   2
    682   246    2    5344    5355    5367    2125   2
    684   246    2    7225    5356    5368    5377   2
    686   246    2    7225    5357    5369    5378   2
     36   248    2    5345    5358    5370    5379   2
     40   248    2    5347    5359    5372    5380   2
     42   248    2    5348    5360    5373    5381   2
     44   248    2    5349    5361    7259    7272   2
     46   248    2    5350    5362    7259    7272   2
     48   248    2    2116    5363    7260    7273   2
     50   248    2    5351    5364    7260    7273   2
    556   248    2    7224    7255    5374    5382   2
    558   248    2    7224    7255    5375    5383   2
    560   248    2    5352    5365    5376    5384   2
    680   248    2    5354    5366      -1      -1   2
    684   248    2    5356    5368    5377    5385   2
    686   248    2    5357    5369    5378    5386   2
     36   250    2    5358    5370    5379    5387   2
     39   250    1    2121    5371       0       0   2
     40   250    2    5359    5372    5380    5389   2
     42   250    2    5360    5373    5381    5390   2
    556   250    2    7255    5374    5382    5395   2
    558   250    2    7255    5375    5383    5396   2
    560   250    2    5365    5376    5384    2135   2
    684   250    2    5368    5377    5385    5397   2
    686   250    2    5369    5378    5386    5398   2
     36   252    2    5370    5379    5387    5399   2
     40   252    2    5372    5380    5389    5401   2
     42   252    2    5373    5381    5390    5402   2
    104   252    2    8138    7264    5391    5403   2
    106   252    2    8138    7264    5392    5404   2
    108   252    2    8138    7265    5393    5405   2
    110   252    2    8138    7265    5394    5406   2
    556   252    2    5374    5382    5395    5407   2
    558   252    2    5375    5383    5396    5408   2
    684   252    2    5377    5385    5397       0   2
    686   252    2    5378    5386    5398    5410   2
     36   254    2    5379    5387    5399    7283   2
     38   254    2    2132    5388    5400    7283   2
     40   254    2    5380    5389    5401    7284   2
     42   254    2    5381    5390    5402    7284   2
    104   254    2    7264    5391    5403    5411   2
    106   254    2    7264    5392    5404    5412   2
    108   254    2    7265    5393    5405       0   2
    110   254    2    7265    5394    5406    5413   2
    556   254    2    5382    5395    5407    7297   2
    558   254    2    5383    5396    5408    7297   2
    561   254    1       0       0    5409    5414   2
    684   254    1    5385    5397       0       0   2
    686   254    2    5386    5398    5410    5416   2
     36   256    2    5387    5399    7283    7302   2
     38   256    2    5388    5400    7283    7302   2
     40   256    2    5389    5401    7284    7303   2
     42   256    2    5390    5402    7284    7303   2
    104   256    2    5391    5403    5411    5419   2
    106   256    2    5392    5404    5412    5420   2
    108   256    1    5393    5405       0       0   2
    110   256    2    5394    5406    5413    5422   2
    556   256    2    5395    5407    7297    7318   2
    558   256    2    5396    5408    7297    7318   2
    560   256    2       0    5409    5414    5423   2
    563   256    1       0       0    5415    5424   2
    686   256    2    5398    5410    5416      -1   2
    688   256    2    7269    7280    5417    5425   2
    690   256    2    7269    7280    5418    5426   2
    104   258    2    5403    5411    5419    7313   2
    106   258    2    5404    5412    5420    7313   2
    108   258    1       0       0    5421    7314   2
    110   258    2    5406    5413    5422    7314   2
    560   258    2    5409    5414    5423    5427   2
    562   258    2       0    5415    5424    5428   2
    686   258    2    5410    5416      -1      -1   2
    688   258    2    7280    5417    5425    2148   2
    690   258    2    7280    5418    5426    5429   2
    104   260    2    5411    5419    7313    8187   2
    106   260    2    5412    5420    7313    8187   2
    108   260    2       0    5421    7314    8187   2
    110   260    2    5413    5422    7314    8187   2
    560   260    2    5414    5423    5427    5432   2
    562   260    2    5415    5424    5428    5433   2
    690   260    2    5418    5426    5429    5434   2
    692   260    2    7281    7298    5430    5435   2
    694   260    2    7281    7298    5431    5436   2
    560   262    2    5423    5427    5432    5441   2
    562   262    2    5424    5428    5433    5442   2
    690   262    2    5426    5429    5434       0   2
    692   262    2    7298    5430    5435    5443   2
    694   262    2    7298    5431    5436    5444   2
     80   264    2    7288    7307    5437    5445   2
     82   264    2    7288    7307    5438    5446   2
     84   264    2    7289    7308    5439       0   2
     86   264    2    7289    7308    5440    5447   2
    560   264    2    5427    5432    5441    5448   2
    562   264    2    5428    5433    5442    5449   2
    690   264    1    5429    5434       0       0   2
    692   264    2    5430    5435    5443    5450   2
    694   264    2    5431    5436    5444    5451   2
     80   266    2    7307    5437    5445    5452   2
     82   266    2    7307    5438    5446    5453   2
     84   266    1    7308    5439       0       0   2
     86   266    2    7308    5440    5447    5455   2
    560   266    2    5432    5441    5448    5456   2
    562   266    2    5433    5442    5449    5457   2
    692   266    2    5435    5443    5450    2161   2
    694   266    2    5436    5444    5451    5459   2
     80   268    2    5437    5445    5452    5460   2
     82   268    2    5438    5446    5453    5461   2
     86   268    2    5440    5447    5455    5463   2
    560   268    2    5441    5448    5456    5464   2
    562   268    2    5442    5449    5457    5465   2
    694   268    2    5444    5451    5459    5468   2
     80   270    2    5445    5452    5460    5471   2
     82   270    2    5446    5453    5461    5472   2
     84   270    2    2155    5454    5462    7344   2
     86   270    2    5447    5455    5463    7344   2
    560   270    2    5448    5456    5464    7349   2
    562   270    2    5449    5457    5465    7349   2
    564   270    2    2157    5458    5466    5473   2
    694   270    2    5451    5459    5468    5475   2
     76   272    2    7322    7330    5469    5478   2
     78   272    2    7322    7330    5470    5479   2
     80   272    2    5452    5460    5471    5480   2
     82   272    2    5453    5461    5472    5481   2
     84   272    2    5454    5462    7344    7358   2
     86   272    2    5455    5463    7344    7358   2
    560   272    2    5456    5464    7349    7363   2
    562   272    2    5457    5465    7349    7363   2
    564   272    2    5458    5466    5473    5482   2
    566   272    2    2163    5467    5474    5483   2
    694   272    2    5459    5468    5475    5485   2
    696   272    2    7327    7335    5476    5486   2
    698   272    2    7327    7335    5477    5487   2
     76   274    2    7330    5469    5478    5488   2
     78   274    2    7330    5470    5479      -1   2
     80   274    2    5460    5471    5480    5489   2
     82   274    2    5461    5472    5481    5490   2
    564   274    2    5466    5473    5482    7364   2
    566   274    2    5467    5474    5483    7364   2
    694   274    2    5468    5475    5485    2181   2
    696   274    2    7335    5476    5486    5492   2
    698   274    2    7335    5477    5487    5493   2
     76   276    2    5469    5478    5488    5494   2
     78   276    2    5470    5479      -1      -1   2
     80   276    2    5471    5480    5489    5496   2
     82   276    2    5472    5481    5490    5497   2
    564   276    2    5473    5482    7364    7374   2
    566   276    2    5474    5483    7364    7374   2
    568   276    2    2173    5484    5491    5498   2
    696   276    2    5476    5486    5492    5499   2
    698   276    2    5477    5487    5493    5500   2
     76   278    2    5478    5488    5494    7370   2
     80   278    2    5480    5489    5496    7371   2
     82   278    2    5481    5490    5497    7371   2
    568   278    2    5484    5491    5498    5507   2
    696   278    2    5486    5492    5499    5508   2
    698   278    2    5487    5493    5500    5509   2
     28   280    2    7338    7352    5501    5510   2
     30   280    2    7338    7352    5502    5511   2
     32   280    2    7339    7353    5503      -1   2
     34   280    2    7339    7353    5504       0   2
     36   280    2    7340    7354    5505    2194   2
     38   280    2    7340    7354    5506    5512   2
     76   280    2    5488    5494    7370    7380   2
     78   280    2    2183    5495    7370    7380   2
     80   280    2    5489    5496    7371    7381   2
     82   280    2    5490    5497    7371    7381   2
    568   280    2    5491    5498    5507    5513   2
    696   280    2    5492    5499    5508    5514   2
    698   280    2    5493    5500    5509    5515   2
     28   282    2    7352    5501    5510    5516   2
     30   282    2    7352    5502    5511    5517   2
     32   282    2    7353    5503      -1      -1   2
     34   282    1    7353    5504       0       0   2
     38   282    2    7354    5506    5512    5521   2
    568   282    2    5498    5507    5513    5524   2
    696   282    2    5499    5508    5514    5527   2
    698   282    2    5500    5509    5515    5528   2
     28   284    2    5501    5510    5516    5529   2
     30   284    2    5502    5511    5517    5530   2
     36   284    1       0       0    5520    5533   2
     38   284    2    5506    5512    5521    5534   2
    564   284    2    7364    7374    5522    5535   2
    566   284    2    7364    7374    5523    5536   2
    568   284    2    5507    5513    5524    5537   2
    690   284    2      -1      -1    5525    5538   2
    692   284    2      -1      -1    5526    5539   2
    696   284    2    5508    5514    5527    5541   2
    698   284    2    5509    5515    5528    5542   2
     28   286    2    5510    5516    5529    7386   2
     30   286    2    5511    5517    5530    7386   2
     32   286    2    2197    5518    5531    7387   2
     34   286    2    2199    5519    5532    7387   2
     36   286    2       0    5520    5533    7388   2
     38   286    2    5512    5521    5534    7388   2
    564   286    2    7374    5522    5535    5543   2
    566   286    2    7374    5523    5536    5544   2
    568   286    2    5513    5524    5537    2206   2
    690   286    2      -1    5525    5538    5545   2
    692   286    2      -1    5526    5539    5546   2
    695   286    1       0       0    5540    5547   2
    696   286    2    5514    5527    5541    7392   2
    698   286    2    5515    5528    5542    7392   2
     28   288    2    5516    5529    7386    7395   2
     30   288    2    5517    5530    7386    7395   2
     32   288    2    5518    5531    7387    7396   2
     34   288    2    5519    5532    7387    7396   2
     36   288    2    5520    5533    7388    7397   2
     38   288    2    5521    5534    7388    7397   2
    564   288    2    5522    5535    5543    5548   2
    566   288    2    5523    5536    5544    5549   2
    690   288    2    5525    5538    5545    2210   2
    692   288    2    5526    5539    5546    5550   2
    694   288    2       0    5540    5547    5551   2
    696   288    2    5527    5541    7392    7401   2
    698   288    2    5528    5542    7392    7401   2
    564   290    2    5535    5543    5548    5552   2
    566   290    2    5536    5544    5549    5553   2
    692   290    2    5539    5546    5550    5555   2
    694   290    2    5540    5547    5551    5556   2
    564   292    2    5543    5548    5552    5557   2
    566   292    2    5544    5549    5553    5558   2
    569   292    1       0       0    5554       0   2
    692   292    2    5546    5550    5555    5559   2
    694   292    2    5547    5551    5556    5560   2
    564   294    2    5548    5552    5557    5561   2
    566   294    2    5549    5553    5558    5562   2
    569   294    1       0    5554       0       0   2
    692   294    2    5550    5555    5559    5565   2
    694   294    2    5551    5556    5560    5566   2
    564   296    2    5552    5557    5561    5567   2
    566   296    2    5553    5558    5562    5568   2
    692   296    2    5555    5559    5565    5575   2
    694   296    2    5556    5560    5566    5576   2
    564   298    2    5557    5561    5567    7407   2
    566   298    2    5558    5562    5568    7407   2
    568   298    2    2217    5563    5569    5577   2
    686   298    2      -1      -1    5572    7408   2
    690   298    2    2219    5564    5574    7409   2
    692   298    2    5559    5565    5575    7410   2
    694   298    2    5560    5566    5576    7410   2
    564   300    2    5561    5567    7407    5585   2
    566   300    2    5562    5568    7407    5586   2
    568   300    2    5563    5569    5577    5581   2
    682   300    2    2223    5570    5580    5584   2
    684   300    2    2225    5571    7408    7417   2
    686   300    2      -1    5572    7408    7417   2
    688   300    2    2227    5573    7409    8239   2
    690   300    2    5564    5574    7409    8239   2
    692   300    2    5565    5575    7410    8239   2
    694   300    2    5566    5576    7410    8239   2
    568   302    2    5569    5577    5581    5587   2
    571   302    1    2231    5578       0       0   2
    678   302    1       0       0    5582    5588   2
    680   302    2    2234    5579    5583    7416   2
    682   302    2    5570    5580    5584    7416   2
    564   304    2    5567    7407    5585    5589   2
    566   304    2    5568    7407    5586    5590   2
    568   304    2    5577    5581    5587       0   2
    678   304    2       0    5582    5588    5591   2
    680   304    2    5579    5583    7416    7420   2
    682   304    2    5580    5584    7416    7420   2
    564   306    2    7407    5585    5589    5594   2
    566   306    2    7407    5586    5590      -1   2
    569   306    1    5581    5587       0       0   2
    678   306    2    5582    5588    5591    5596   2
    560   308    2    7406    7415    5592    5597   2
    562   308    2    7406    7415    5593    5598   2
    564   308    2    5585    5589    5594       0   2
    566   308    2    5586    5590      -1      -1   2
    678   308    2    5588    5591    5596    5600   2
    560   310    2    7415    5592    5597    5601   2
    562   310    2    7415    5593    5598    5602   2
    565   310    1    5589    5594       0       0   2
    676   310    2    2242    5595    5599    5603   2
    678   310    2    5591    5596    5600    5604   2
    560   312    2    5592    5597    5601    5605   2
    562   312    2    5593    5598    5602    5606   2
    676   312    2    5595    5599    5603    5607   2
    678   312    2    5596    5600    5604    5608   2
    560   314    2    5597    5601    5605    5609   2
    562   314    2    5598    5602    5606    5610   2
    676   314    2    5599    5603    5607    5612   2
    678   314    2    5600    5604    5608    5613   2
    560   316    2    5601    5605    5609    5614   2
    562   316    2    5602    5606    5610    5615   2
    676   316    2    5603    5607    5612    5618   2
    678   316    2    5604    5608    5613    5619   2
    560   318    2    5605    5609    5614    7432   2
    562   318    2    5606    5610    5615    7432   2
    564   318    2    2254    5611    5616    5620   2
    566   318    2      -1      -1    5617    5621   2
    676   318    2    5607    5612    5618    5624   2
    678   318    2    5608    5613    5619    5625   2
    560   320    2    5609    5614    7432    7437   2
    562   320    2    5610    5615    7432    7437   2
    564   320    2    5611    5616    5620    5626   2
    566   320    2      -1    5617    5621    5627   2
    676   320    2    5612    5618    5624    5629   2
    678   320    2    5613    5619    5625    5630   2
    564   322    2    5616    5620    5626    5631   2
    566   322    2    5617    5621    5627    5632   2
    569   322    1    2261    5622       0       0   2
    674   322    2    2263    5623    5628    5633   2
    676   322    2    5618    5624    5629    5634   2
    678   322    2    5619    5625    5630    5635   2
    564   324    2    5620    5626    5631    5636   2
    566   324    2    5621    5627    5632    5637   2
    674   324    2    5623    5628    5633    5639   2
    676   324    2    5624    5629    5634    5640   2
    678   324    2    5625    5630    5635    5641   2
    564   326    2    5626    5631    5636    7441   2
    566   326    2    5627    5632    5637    7441   2
    674   326    2    5628    5633    5639    2277   2
    676   326    2    5629    5634    5640    5643   2
    678   326    2    5630    5635    5641    5644   2
    564   328    2    5631    5636    7441    7445   2
    566   328    2    5632    5637    7441    7445   2
    568   328    2    2272    5638    5642    5645   2
    676   328    2    5634    5640    5643    5646   2
    678   328    2    5635    5641    5644    5647   2
    568   330    2    5638    5642    5645    5648   2
    676   330    2    5640    5643    5646    5649   2
    678   330    2    5641    5644    5647    5650   2
    568   332    2    5642    5645    5648    5651   2
    676   332    2    5643    5646    5649    5653   2
    678   332    2    5644    5647    5650    5654   2
    568   334    2    5645    5648    5651    5655   2
    676   334    2    5646    5649    5653    5657   2
    678   334    2    5647    5650    5654    5658   2
    568   336    2    5648    5651    5655    5659   2
    570   336    2    2284    5652    5656    5660   2
    676   336    2    5649    5653    5657    5661   2
    678   336    2    5650    5654    5658    5662   2
    568   338    2    5651    5655    5659    5663   2
    570   338    2    5652    5656    5660    5664   2
    676   338    2    5653    5657    5661    5665   2
    678   338    2    5654    5658    5662    5666   2
    568   340    2    5655    5659    5663    5667   2
    570   340    2    5656    5660    5664    5668   2
    676   340    2    5657    5661    5665    5669   2
    678   340    2    5658    5662    5666    5670   2
    568   342    2    5659    5663    5667    5671   2
    570   342    2    5660    5664    5668    5672   2
    676   342    2    5661    5665    5669       0   2
    678   342    2    5662    5666    5670    5674   2
    568   344    2    5663    5667    5671    5677   2
    570   344    2    5664    5668    5672    5678   2
    676   344    1    5665    5669       0       0   2
    678   344    2    5666    5670    5674      -1   2
    680   344    2    7450    7454    5675    2309   2
    682   344    2    7450    7454    5676    5681   2
    568   346    2    5667    5671    5677    7463   2
    570   346    2    5668    5672    5678    7463   2
    572   346    2    2304    5673    5679    5682   2
    575   346    1       0       0    5680    5683   2
    678   346    2    5670    5674      -1      -1   2
    682   346    2    7454    5676    5681    5684   2
    568   348    2    5671    5677    7463    7466   2
    570   348    2    5672    5678    7463    7466   2
    572   348    2    5673    5679    5682    5687   2
    574   348    2       0    5680    5683    5688   2
    682   348    2    5676    5681    5684       0   2
    684   348    2    7455    7458    5685    5689   2
    686   348    2    7455    7458    5686    5690   2
    572   350    2    5679    5682    5687    5691   2
    574   350    2    5680    5683    5688    5692   2
    682   350    1    5681    5684       0       0   2
    684   350    2    7458    5685    5689    2316   2
    686   350    2    7458    5686    5690    5694   2
    572   352    2    5682    5687    5691    5695   2
    574   352    2    5683    5688    5692    5696   2
    686   352    2    5686    5690    5694    5704   2
    572   354    2    5687    5691    5695    7470   2
    574   354    2    5688    5692    5696    7470   2
    576   354    2    2314    5693    5697    5705   2
    654   354    2      -1      -1    5698    5710   2
    656   354    1       0       0    5699    7471   2
    663   354    1       0       0    5702    7472   2
    664   354    2      -1      -1    5703    5711   2
    686   354    2    5690    5694    5704    5714   2
    572   356    2    5691    5695    7470    7476   2
    574   356    2    5692    5696    7470    7476   2
    576   356    2    5693    5697    5705    5715   2
    648   356    1       0       0    5707    5720   2
    650   356    1       0       0    5708    5721   2
    654   356    2      -1    5698    5710    5723   2
    656   356    2       0    5699    7471    7480   2
    658   356    2    2320    5700    7471    7480   2
    660   356    2    2322    5701    7472    7481   2
    662   356    2       0    5702    7472    7481   2
    664   356    2      -1    5703    5711    5724   2
    667   356    1       0       0    5712    5725   2
    684   356    1       0       0    5713       0   2
    686   356    2    5694    5704    5714    5727   2
    576   358    2    5697    5705    5715    5728   2
    578   358    2    2329    5706    5716    5729   2
    643   358    1       0       0    5717    5732   2
    644   358    1       0       0    5718    7477   2
    648   358    2       0    5707    5720    7478   2
    650   358    2       0    5708    5721    7478   2
    652   358    2    2334    5709    5722    7479   2
    654   358    2    5698    5710    5723    7479   2
    664   358    2    5703    5711    5724    7482   2
    666   358    2       0    5712    5725    7482   2
    669   358    1       0       0    5726    5733   2
    684   358    1       0    5713       0       0   2
    686   358    2    5704    5714    5727    5736   2
    576   360    2    5705    5715    5728    5737   2
    578   360    2    5706    5716    5729       0   2
    638   360    2      -1      -1    5730    5740   2
    642   360    2       0    5717    5732    5742   2
    644   360    2       0    5718    7477    7489   2
    646   360    2    2341    5719    7477    7489   2
    648   360    2    5707    5720    7478    7490   2
    650   360    2    5708    5721    7478    7490   2
    652   360    2    5709    5722    7479    7491   2
    654   360    2    5710    5723    7479    7491   2
    664   360    2    5711    5724    7482    7494   2
    666   360    2    5712    5725    7482    7494   2
    668   360    2       0    5726    5733    5743   2
    670   360    1       0       0    5734    5744   2
    686   360    2    5714    5727    5736    5748   2
    576   362    2    5715    5728    5737    5749   2
    579   362    1    5716    5729       0       0   2
    634   362    2      -1      -1    5738    5751   2
    638   362    2      -1    5730    5740    7487   2
    640   362    2    2346    5731    5741    7488   2
    642   362    2    5717    5732    5742    7488   2
    668   362    2    5726    5733    5743    5752   2
    670   362    2       0    5734    5744    5753   2
    680   362    2      -1      -1    5745    5754   2
    682   362    1       0       0    5746    5755   2
    684   362    2    2349    5735    5747    7495   2
    686   362    2    5727    5736    5748    7495   2
    576   364    2    5728    5737    5749    5756   2
    634   364    2      -1    5738    5751    5761   2
    636   364    2    2351    5739    7487    7502   2
    638   364    2    5730    5740    7487    7502   2
    640   364    2    5731    5741    7488    8271   2
    642   364    2    5732    5742    7488    8271   2
    668   364    2    5733    5743    5752    5762   2
    670   364    2    5734    5744    5753       0   2
    680   364    2      -1    5745    5754    5763   2
    682   364    2       0    5746    5755    5764   2
    684   364    2    5735    5747    7495    7504   2
    686   364    2    5736    5748    7495    7504   2
    576   366    2    5737    5749    5756    5765   2
    626   366    2      -1      -1    5757    5770   2
    628   366    1       0       0    5758    7500   2
    632   366    2    2356    5750    5760    7501   2
    634   366    2    5738    5751    5761    7501   2
    668   366    2    5743    5752    5762    5771   2
    671   366    1    5744    5753       0       0   2
    680   366    2    5745    5754    5763    5775   2
    682   366    2    5746    5755    5764    5776   2
    576   368    2    5749    5756    5765    5777   2
    586   368    2      -1      -1    5767    5782   2
    622   368    2      -1      -1    5768    5786   2
    626   368    2      -1    5757    5770    5788   2
    628   368    2       0    5758    7500    7511   2
    630   368    2    2363    5759    7500    7511   2
    632   368    2    5750    5760    7501    7512   2
    634   368    2    5751    5761    7501    7512   2
    668   368    2    5752    5762    5771    5789   2
    674   368    2      -1      -1    5772    5790   2
    676   368    2      -1      -1    5773    5791   2
    678   368    1       0       0    5774    5792   2
    680   368    2    5754    5763    5775    5793   2
    682   368    2    5755    5764    5776    5794   2
    576   370    2    5756    5765    5777    7507   2
    578   370    2    2370    5766    5778    7507   2
    586   370    2      -1    5767    5782    7509   2
    600   370    2      -1      -1    5784    5797   2
    620   370    1       0       0    5785    5800   2
    622   370    2      -1    5768    5786    5801   2
    624   370    2    2372    5769    5787    7510   2
    626   370    2    5757    5770    5788    7510   2
    668   370    2    5762    5771    5789    5802   2
    674   370    2      -1    5772    5790    5805   2
    676   370    2      -1    5773    5791    7515   2
    678   370    2       0    5774    5792    7515   2
    680   370    2    5763    5775    5793    7516   2
    682   370    2    5764    5776    5794    7516   2
    576   372    2    5765    5777    7507    8278   2
    578   372    2    5766    5778    7507    8278   2
    580   372    2    2379    5779    7508    8278   2
    582   372    2    2381    5780    7508    8278   2
    584   372    2    2383    5781    7509    7518   2
    586   372    2    5767    5782    7509    7518   2
    588   372    2    2385    5783    5795    5806   2
    600   372    2      -1    5784    5797    5810   2
    602   372    2      -1      -1    5798    5811   2
    618   372    1       0       0    5799    5819   2
    620   372    2       0    5785    5800    5820   2
    622   372    2    5768    5786    5801    5821   2
    624   372    2    5769    5787    7510    7525   2
    626   372    2    5770    5788    7510    7525   2
    668   372    2    5771    5789    5802    5822   2
    672   372    2      -1      -1    5804    5824   2
    674   372    2    5772    5790    5805    5825   2
    676   372    2    5773    5791    7515    7536   2
    678   372    2    5774    5792    7515    7536   2
    680   372    2    5775    5793    7516    8280   2
    682   372    2    5776    5794    7516    8280   2
    588   374    2    5783    5795    5806    5826   2
    591   374    1       0       0    5807    5827   2
    596   374    1       0       0    5808    5830   2
    598   374    2    2393    5796    5809    5831   2
    600   374    2    5784    5797    5810    7519   2
    602   374    2      -1    5798    5811    7519   2
    606   374    2      -1      -1    5813    7520   2
    610   374    2      -1      -1    5815    7521   2
    612   374    2      -1      -1    5816    7522   2
    614   374    1       0       0    5817    7522   2
    618   374    2       0    5799    5819    7523   2
    620   374    2    5785    5800    5820    7524   2
    622   374    2    5786    5801    5821    7524   2
    668   374    2    5789    5802    5822    7534   2
    670   374    2    2396    5803    5823    7534   2
    672   374    2      -1    5804    5824    7535   2
    674   374    2    5790    5805    5825    7535   2
    588   376    2    5795    5806    5826    5832   2
    590   376    2       0    5807    5827    5833   2
    595   376    1       0       0    5829    5835   2
    596   376    2       0    5808    5830    5836   2
    598   376    2    5796    5809    5831    5837   2
    600   376    2    5797    5810    7519    7541   2
    602   376    2    5798    5811    7519    7541   2
    604   376    2    2402    5812    7520    7542   2
    606   376    2      -1    5813    7520    7542   2
    608   376    2    2404    5814    7521    7543   2
    610   376    2      -1    5815    7521    7543   2
    612   376    2      -1    5816    7522    7544   2
    614   376    2       0    5817    7522    7544   2
    616   376    2    2407    5818    7523    7545   2
    618   376    2    5799    5819    7523    7545   2
    620   376    2    5800    5820    7524    7546   2
    622   376    2    5801    5821    7524    7546   2
    668   376    2    5802    5822    7534    7554   2
    670   376    2    5803    5823    7534    7554   2
    672   376    2    5804    5824    7535    7555   2
    674   376    2    5805    5825    7535    7555   2
    588   378    2    5806    5826    5832    7538   2
    590   378    2    5807    5827    5833    7538   2
    592   378    2    2409    5828    5834    7539   2
    594   378    2       0    5829    5835    7539   2
    596   378    2    5808    5830    5836    7540   2
    598   378    2    5809    5831    5837    7540   2
    588   380    2    5826    5832    7538    8288   2
    590   380    2    5827    5833    7538    8288   2
    592   380    2    5828    5834    7539    8289   2
    594   380    2    5829    5835    7539    8289   2
    596   380    2    5830    5836    7540    8289   2
    598   380    2    5831    5837    7540    8289   2
    652   380    2    8272    7530    5838    5842   2
    654   380    2    8272    7530    5839    5843   2
    656   380    2    8273    7531    5840    5844   2
    658   380    2    8273    7531    5841    5845   2
    652   382    2    7530    5838    5842    5856   2
    654   382    2    7530    5839    5843    2412   2
    656   382    2    7531    5840    5844    2414   2
    658   382    2    7531    5841    5845    5857   2
    616   384    2    7523    7545    5846    5860   2
    618   384    2    7523    7545    5847    5861   2
    620   384    2    7524    7546    5848    5862   2
    622   384    2    7524    7546    5849    2418   2
    624   384    2    7525    7547    5850    2420   2
    626   384    2    7525    7547    5851    2422   2
    628   384    2    7526    7548    5852    2424   2
    630   384    2    7526    7548    5853    5863   2
    632   384    2    7527    7549    5854    5864   2
    634   384    2    7527    7549    5855    5865   2
    652   384    2    5838    5842    5856    5866   2
    658   384    2    5841    5845    5857    5867   2
    660   384    2    7532    7552    5858    5868   2
    662   384    2    7532    7552    5859    5869   2
    616   386    2    7545    5846    5860    5870   2
    618   386    2    7545    5847    5861       0   2
    620   386    2    7546    5848    5862      -1   2
    630   386    2    7548    5853    5863      -1   2
    632   386    2    7549    5854    5864       0   2
    634   386    2    7549    5855    5865    5871   2
    652   386    2    5842    5856    5866    5872   2
    658   386    2    5845    5857    5867       0   2
    660   386    2    7552    5858    5868    2432   2
    662   386    2    7552    5859    5869    5873   2
    616   388    2    5846    5860    5870    5876   2
    619   388    1    5847    5861       0       0   2
    620   388    2    5848    5862      -1      -1   2
    630   388    2    5853    5863      -1      -1   2
    633   388    1    5854    5864       0       0   2
    634   388    2    5855    5865    5871    5883   2
    652   388    2    5856    5866    5872    5884   2
    658   388    1    5857    5867       0       0   2
    662   388    2    5859    5869    5873    5885   2
    664   388    2    7553    7561    5874    5886   2
    666   388    2    7553    7561    5875    5887   2
    616   390    2    5860    5870    5876    5888   2
    620   390    2      -1      -1    5878    5890   2
    622   390    2      -1      -1    5879    5891   2
    624   390    2      -1      -1    5880    5892   2
    630   390    2      -1      -1    5881    5895   2
    632   390    1       0       0    5882    7570   2
    634   390    2    5865    5871    5883    7570   2
    652   390    2    5866    5872    5884    5896   2
    662   390    2    5869    5873    5885       0   2
    664   390    2    7561    5874    5886    5898   2
    666   390    2    7561    5875    5887    5899   2
    616   392    2    5870    5876    5888    5900   2
    618   392    2    2434    5877    5889    5901   2
    620   392    2      -1    5878    5890    5902   2
    622   392    2      -1    5879    5891    5903   2
    624   392    2      -1    5880    5892    5904   2
    630   392    2      -1    5881    5895    5907   2
    632   392    2       0    5882    7570    7581   2
    634   392    2    5871    5883    7570    7581   2
    652   392    2    5872    5884    5896    5908   2
    655   392    1       0       0    5897    5909   2
    663   392    1    5873    5885       0       0   2
    664   392    2    5874    5886    5898    5910   2
    666   392    2    5875    5887    5899    5911   2
    616   394    2    5876    5888    5900    5914   2
    618   394    2    5877    5889    5901    2449   2
    620   394    2    5878    5890    5902    5915   2
    622   394    2    5879    5891    5903    5916   2
    624   394    2    5880    5892    5904    7579   2
    626   394    2    2441    5893    5905    7579   2
    628   394    2    2443    5894    5906    7580   2
    630   394    2    5881    5895    5907    7580   2
    652   394    2    5884    5896    5908    5917   2
    654   394    2       0    5897    5909    5918   2
    664   394    2    5886    5898    5910    5921   2
    666   394    2    5887    5899    5911    5922   2
    612   396    2    7564    7569    5912    5927   2
    614   396    2    7564    7569    5913    5928   2
    616   396    2    5888    5900    5914       0   2
    620   396    2    5890    5902    5915    5929   2
    622   396    2    5891    5903    5916    5930   2
    624   396    2    5892    5904    7579    7592   2
    626   396    2    5893    5905    7579    7592   2
    628   396    2    5894    5906    7580    7593   2
    630   396    2    5895    5907    7580    7593   2
    652   396    2    5896    5908    5917    5931   2
    654   396    2    5897    5909    5918    5932   2
    657   396    1       0       0    5919    5933   2
    662   396    1       0       0    5920    5936   2
    664   396    2    5898    5910    5921    5937   2
    666   396    2    5899    5911    5922    5938   2
    672   396    2    8292    7574    5923    5939   2
    674   396    2    8292    7574    5924    5940   2
    676   396    2    8292    7575    5925    5941   2
    678   396    2    8292    7575    5926    5942   2
    612   398    2    7569    5912    5927    5943   2
    614   398    2    7569    5913    5928    5944   2
    617   398    1    5900    5914       0       0   2
    620   398    2    5902    5915    5929    5945   2
    622   398    2    5903    5916    5930    5946   2
    652   398    2    5908    5917    5931    7599   2
    654   398    2    5909    5918    5932    7599   2
    656   398    2       0    5919    5933    7600   2
    662   398    2       0    5920    5936    7601   2
    664   398    2    5910    5921    5937    7602   2
    666   398    2    5911    5922    5938    7602   2
    672   398    2    7574    5923    5939    5947   2
    674   398    2    7574    5924    5940    5948   2
    676   398    2    7575    5925    5941       0   2
    678   398    2    7575    5926    5942    5949   2
    612   400    2    5912    5927    5943    5950   2
    614   400    2    5913    5928    5944    5951   2
    620   400    2    5915    5929    5945    5952   2
    622   400    2    5916    5930    5946    5953   2
    652   400    2    5917    5931    7599    7618   2
    654   400    2    5918    5932    7599    7618   2
    656   400    2    5919    5933    7600    7619   2
    658   400    2    2453    5934    7600    7619   2
    660   400    2    2455    5935    7601    7620   2
    662   400    2    5920    5936    7601    7620   2
    664   400    2    5921    5937    7602    7621   2
    666   400    2    5922    5938    7602    7621   2
    672   400    2    5923    5939    5947    5954   2
    674   400    2    5924    5940    5948    5955   2
    676   400    1    5925    5941       0       0   2
    678   400    2    5926    5942    5949    5957   2
    612   402    2    5927    5943    5950    5958   2
    614   402    2    5928    5944    5951    5959   2
    620   402    2    5929    5945    5952    5960   2
    622   402    2    5930    5946    5953    5961   2
    672   402    2    5939    5947    5954    7623   2
    674   402    2    5940    5948    5955    7623   2
    676   402    1       0       0    5956    7624   2
    678   402    2    5942    5949    5957    7624   2
    612   404    2    5943    5950    5958    5962   2
    614   404    2    5944    5951    5959    5963   2
    620   404    2    5945    5952    5960    5964   2
    622   404    2    5946    5953    5961    5965   2
    672   404    2    5947    5954    7623    8324   2
    674   404    2    5948    5955    7623    8324   2
    676   404    2       0    5956    7624    8324   2
    678   404    2    5949    5957    7624    8324   2
    612   406    2    5950    5958    5962    5970   2
    614   406    2    5951    5959    5963    5971   2
    620   406    2    5952    5960    5964    5974   2
    622   406    2    5953    5961    5965    5975   2
     60   408    2    7588    7607    5966    5984   2
     62   408    2    7588    7607    5967       0   2
     64   408    2    7589    7608    5968    5985   2
     66   408    2    7589    7608    5969    5986   2
    612   408    2    5958    5962    5970    5987   2
    614   408    2    5959    5963    5971    5988   2
    620   408    2    5960    5964    5974    5991   2
    622   408    2    5961    5965    5975    5992   2
    624   408    2    7592    7611    5976    5993   2
    626   408    2    7592    7611    5977    5994   2
    628   408    2    7593    7612    5978    5995   2
    630   408    2    7593    7612    5979    5996   2
    632   408    2    7594    7613    5980    5997   2
    634   408    2    7594    7613    5981    5998   2
    636   408    2    7595    7614    5982    5999   2
    638   408    2    7595    7614    5983    6000   2
     60   410    2    7607    5966    5984    6001   2
     63   410    1    7607    5967       0       0   2
     64   410    2    7608    5968    5985    6003   2
     66   410    2    7608    5969    5986    6004   2
    612   410    2    5962    5970    5987    7635   2
    614   410    2    5963    5971    5988    7635   2
    616   410    2    2468    5972    5989    7636   2
    618   410    2    2470    5973    5990    7636   2
    620   410    2    5964    5974    5991    7637   2
    622   410    2    5965    5975    5992    7637   2
    624   410    2    7611    5976    5993    6005   2
    626   410    2    7611    5977    5994    6006   2
    628   410    2    7612    5978    5995    2475   2
    630   410    2    7612    5979    5996    2477   2
    632   410    2    7613    5980    5997      -1   2
    634   410    2    7613    5981    5998      -1   2
    636   410    2    7614    5982    5999       0   2
    638   410    2    7614    5983    6000    6007   2
     60   412    2    5966    5984    6001    6008   2
     64   412    2    5968    5985    6003    6010   2
     66   412    2    5969    5986    6004    6011   2
    612   412    2    5970    5987    7635    8335   2
    614   412    2    5971    5988    7635    8335   2
    616   412    2    5972    5989    7636    7646   2
    618   412    2    5973    5990    7636    7646   2
    620   412    2    5974    5991    7637    6014   2
    622   412    2    5975    5992    7637    6015   2
    624   412    2    5976    5993    6005    6012   2
    626   412    2    5977    5994    6006       0   2
    632   412    2    5980    5997      -1      -1   2
    634   412    2    5981    5998      -1      -1   2
    636   412    1    5982    5999       0       0   2
    638   412    2    5983    6000    6007    6013   2
     60   414    2    5984    6001    6008    7643   2
     62   414    2    2473    6002    6009    7643   2
     64   414    2    5985    6003    6010    7644   2
     66   414    2    5986    6004    6011    7644   2
    624   414    2    5993    6005    6012    6016   2
    627   414    1    5994    6006       0       0   2
    638   414    2    6000    6007    6013    6017   2
     60   416    2    6001    6008    7643    7658   2
     62   416    2    6002    6009    7643    7658   2
     64   416    2    6003    6010    7644    7659   2
     66   416    2    6004    6011    7644    7659   2
    620   416    2    5991    7637    6014    6018   2
    622   416    2    5992    7637    6015    6019   2
    624   416    2    6005    6012    6016       0   2
    638   416    2    6007    6013    6017    6020   2
    620   418    2    7637    6014    6018    6021   2
    622   418    2    7637    6015    6019    6022   2
    625   418    1    6012    6016       0       0   2
    638   418    2    6013    6017    6020    6029   2
    620   420    2    6014    6018    6021    6036   2
    622   420    2    6015    6019    6022    6037   2
    630   420    1       0       0    6025    6041   2
    632   420    1       0       0    6026    6042   2
    635   420    1       0       0    6027    2501   2
    638   420    2    6017    6020    6029    6044   2
    656   420    2    8322    7651    6030    6045   2
    658   420    2    8322    7651    6031    6046   2
    660   420    2    8322    7652    6032    6047   2
    662   420    2    8322    7652    6033    6048   2
    664   420    2    8323    7653    6034    6049   2
    666   420    2    8323    7653    6035    6050   2
    620   422    2    6018    6021    6036    7672   2
    622   422    2    6019    6022    6037    7672   2
    624   422    2    2491    6023    6038    7673   2
    626   422    2    2493    6024    6039    7673   2
    630   422    2       0    6025    6041    7674   2
    632   422    2       0    6026    6042    6051   2
    634   422    1    2496    6027       0       0   2
    636   422    2    2498    6028    6043    6053   2
    638   422    2    6020    6029    6044    6054   2
    656   422    2    7651    6030    6045    6055   2
    658   422    2    7651    6031    6046    6056   2
    660   422    2    7652    6032    6047    2504   2
    662   422    2    7652    6033    6048    2506   2
    664   422    2    7653    6034    6049    6057   2
    666   422    2    7653    6035    6050    6058   2
    620   424    2    6021    6036    7672    7684   2
    622   424    2    6022    6037    7672    7684   2
    624   424    2    6023    6038    7673    7685   2
    626   424    2    6024    6039    7673    7685   2
    628   424    2    2500    6040    7674    7686   2
    630   424    2    6025    6041    7674    7686   2
    632   424    2    6026    6042    6051    6059   2
    634   424    1       0       0    6052    6060   2
    636   424    2    6028    6043    6053    6061   2
    638   424    2    6029    6044    6054    6062   2
    656   424    2    6030    6045    6055    6063   2
    658   424    2    6031    6046    6056    2510   2
    664   424    2    6034    6049    6057    2512   2
    666   424    2    6035    6050    6058    6064   2
    632   426    2    6042    6051    6059    7687   2
    634   426    2       0    6052    6060    7687   2
    636   426    2    6043    6053    6061    7688   2
    638   426    2    6044    6054    6062    7688   2
    656   426    2    6045    6055    6063    6067   2
    666   426    2    6050    6058    6064    6068   2
      0   428    2    7655    7667    6065    6069   2
      2   428    2    7655    7667    6066    6070   2
    632   428    2    6051    6059    7687    8354   2
    634   428    2    6052    6060    7687    8354   2
    636   428    2    6053    6061    7688    8354   2
    638   428    2    6054    6062    7688    8354   2
    656   428    2    6055    6063    6067    6071   2
    666   428    2    6058    6064    6068    6074   2
      0   430    2    7667    6065    6069       0   2
      2   430    2    7667    6066    6070    6075   2
    656   430    2    6063    6067    6071    6080   2
    660   430    2      -1      -1    6072    6082   2
    664   430    1       0       0    6073    6084   2
    666   430    2    6064    6068    6074    6085   2
      0   432    1    6065    6069       0       0   2
      2   432    2    6066    6070    6075       0   2
      4   432    2    7668    7680    6076    2524   2
      6   432    2    7668    7680    6077       0   2
      8   432    2    7669    7681    6078    6086   2
     10   432    2    7669    7681    6079    6087   2
    656   432    2    6067    6071    6080    6088   2
    660   432    2      -1    6072    6082    6090   2
    664   432    2       0    6073    6084    6092   2
    666   432    2    6068    6074    6085    6093   2
      2   434    1    6070    6075       0       0   2
      6   434    1    7680    6077       0       0   2
      8   434    2    7681    6078    6086    6094   2
     10   434    2    7681    6079    6087    6095   2
    656   434    2    6071    6080    6088    7701   2
    658   434    2    2518    6081    6089    7701   2
    660   434    2    6072    6082    6090    7702   2
    662   434    2    2520    6083    6091    7702   2
    664   434    2    6073    6084    6092    7703   2
    666   434    2    6074    6085    6093    7703   2
      8   436    2    6078    6086    6094    6097   2
     10   436    2    6079    6087    6095    6098   2
    656   436    2    6080    6088    7701    8368   2
    658   436    2    6081    6089    7701    8368   2
    660   436    2    6082    6090    7702    8368   2
    662   436    2    6083    6091    7702    8368   2
    664   436    2    6084    6092    7703    7707   2
    666   436    2    6085    6093    7703    7707   2
      8   438    2    6086    6094    6097    7705   2
     10   438    2    6087    6095    6098    7705   2
      6   440    2    2529    6096    6099    6100   2
      8   440    2    6094    6097    7705    7711   2
     10   440    2    6095    6098    7705    7711   2
      6   442    2    6096    6099    6100    6101   2
      6   444    2    6099    6100    6101    6103   2
      6   446    2    6100    6101    6103    6105   2
      4   448    2    2538    6102    6104    6110   2
      6   448    2    6101    6103    6105    6111   2
    668   448    2    7708    7714    6106    6112   2
    670   448    2    7708    7714    6107    6113   2
    672   448    2    7709    7715    6108    6114   2
    674   448    2    7709    7715    6109    6115   2
      4   450    2    6102    6104    6110    6117   2
      6   450    2    6103    6105    6111    6118   2
    668   450    2    7714    6106    6112    6119   2
    670   450    2    7714    6107    6113    6120   2
    672   450    2    7715    6108    6114    2543   2
    674   450    2    7715    6109    6115    6121   2
      2   452    1       0       0    6116    6124   2
      4   452    2    6104    6110    6117    6125   2
      6   452    2    6105    6111    6118    6126   2
    668   452    2    6106    6112    6119    6127   2
    670   452    2    6107    6113    6120    6128   2
    674   452    2    6109    6115    6121       0   2
    676   452    2    7716    7720    6122    6129   2
    678   452    2    7716    7720    6123    6130   2
      2   454    2       0    6116    6124    6131   2
      4   454    2    6110    6117    6125    7728   2
      6   454    2    6111    6118    6126    7728   2
    668   454    2    6112    6119    6127    6132   2
    670   454    2    6113    6120    6128    6133   2
    674   454    1    6115    6121       0       0   2
    676   454    2    7720    6122    6129    6136   2
    678   454    2    7720    6123    6130    6137   2
      2   456    2    6116    6124    6131    6139   2
      4   456    2    6117    6125    7728    7735   2
      6   456    2    6118    6126    7728    7735   2
    668   456    2    6119    6127    6132    6140   2
    670   456    2    6120    6128    6133    6141   2
    676   456    2    6122    6129    6136    6144   2
    678   456    2    6123    6130    6137    6145   2
      2   458    2    6124    6131    6139    7734   2
    668   458    2    6127    6132    6140    7739   2
    670   458    2    6128    6133    6141    7739   2
    672   458    2    2547    6134    6142    7740   2
    674   458    2    2549    6135    6143    7740   2
    676   458    2    6129    6136    6144    7741   2
    678   458    2    6130    6137    6145    7741   2
      0   460    2    2552    6138    7734    8390   2
      2   460    2    6131    6139    7734    8390   2
    668   460    2    6132    6140    7739    7751   2
    670   460    2    6133    6141    7739    7751   2
    672   460    2    6134    6142    7740    8396   2
    674   460    2    6135    6143    7740    8396   2
    676   460    2    6136    6144    7741    8396   2
    678   460    2    6137    6145    7741    8396   2
    652   468    2    8386    7747    6146    6150   2
    654   468    2    8386    7747    6147    6151   2
    656   468    2    8387    7748    6148    6152   2
    658   468    2    8387    7748    6149    6153   2
    652   470    2    7747    6146    6150    6156   2
    654   470    2    7747    6147    6151       0   2
    656   470    2    7748    6148    6152    2555   2
    658   470    2    7748    6149    6153    6157   2
    648   472    2    7746    7754    6154    6160   2
    650   472    2    7746    7754    6155    6161   2
    652   472    2    6146    6150    6156      -1   2
    655   472    1    6147    6151       0       0   2
    658   472    2    6149    6153    6157    6162   2
    660   472    2    7749    7755    6158    6163   2
    662   472    2    7749    7755    6159    6164   2
    648   474    2    7754    6154    6160    6165   2
    650   474    2    7754    6155    6161       0   2
    652   474    2    6150    6156      -1      -1   2
    658   474    2    6153    6157    6162    6166   2
    660   474    2    7755    6158    6163    2563   2
    662   474    2    7755    6159    6164    6167   2
    648   476    2    6154    6160    6165    6170   2
    651   476    1    6155    6161       0       0   2
    658   476    2    6157    6162    6166       0   2
    662   476    2    6159    6164    6167       0   2
    664   476    2    7756    7760    6168    6175   2
    666   476    2    7756    7760    6169    6176   2
    648   478    2    6160    6165    6170    7771   2
    655   478    1       0       0    6173    7772   2
    656   478    1       0       0    6174    6177   2
    659   478    1    6162    6166       0       0   2
    662   478    1    6164    6167       0       0   2
    664   478    2    7760    6168    6175    6178   2
    666   478    2    7760    6169    6176    6179   2
    648   480    2    6165    6170    7771    7777   2
    650   480    2    2565    6171    7771    7777   2
    652   480    2    2567    6172    7772    7778   2
    654   480    2       0    6173    7772    7778   2
    656   480    2       0    6174    6177    6182   2
    664   480    2    6168    6175    6178    2581   2
    666   480    2    6169    6176    6179    2583   2
    668   480    2    7761    7766    6180    6185   2
    670   480    2    7761    7766    6181    6186   2
    656   482    2    6174    6177    6182    6187   2
    661   482    1       0       0    6184       0   2
    668   482    2    7766    6180    6185    6189   2
    670   482    2    7766    6181    6186    6190   2
    656   484    2    6177    6182    6187    6191   2
    658   484    2    2577    6183    6188    6192   2
    661   484    1       0    6184       0       0   2
    668   484    2    6180    6185    6189    6197   2
    670   484    2    6181    6186    6190    6198   2
    656   486    2    6182    6187    6191    7789   2
    658   486    2    6183    6188    6192    7789   2
    664   486    2      -1      -1    6195    7791   2
    666   486    1       0       0    6196    7791   2
    668   486    2    6185    6189    6197    7792   2
    670   486    2    6186    6190    6198    7792   2
    656   488    2    6187    6191    7789    7799   2
    658   488    2    6188    6192    7789    7799   2
    660   488    2    2588    6193    7790    7800   2
    662   488    2    2590    6194    7790    7800   2
    664   488    2      -1    6195    7791    7801   2
    666   488    2       0    6196    7791    7801   2
    668   488    2    6189    6197    7792    7802   2
    670   488    2    6190    6198    7792    7802   2
    348   492    2    8410    7782    6199    6207   2
    350   492    2    8410    7782    6200       0   2
    352   492    2    8411    7783    6201       0   2
    354   492    2    8411    7783    6202    6208   2
    648   492    2    7777    7787    6203    6209   2
    650   492    2    7777    7787    6204    6210   2
    652   492    2    7778    7788    6205    6211   2
    654   492    2    7778    7788    6206    6212   2
    348   494    2    7782    6199    6207    6213   2
    351   494    1    7782    6200       0       0   2
    352   494    1    7783    6201       0       0   2
    354   494    2    7783    6202    6208    6216   2
    648   494    2    7787    6203    6209    6217   2
    650   494    2    7787    6204    6210    6218   2
    652   494    2    7788    6205    6211    2599   2
    654   494    2    7788    6206    6212    6219   2
    348   496    2    6199    6207    6213    6224   2
    354   496    2    6202    6208    6216    6227   2
    648   496    2    6203    6209    6217    6228   2
    650   496    2    6204    6210    6218       0   2
    654   496    2    6206    6212    6219       0   2
    656   496    2    7789    7799    6220    6229   2
    658   496    2    7789    7799    6221       0   2
    660   496    2    7790    7800    6222       0   2
    662   496    2    7790    7800    6223    6230   2
    348   498    2    6207    6213    6224    6231   2
    350   498    2    2595    6214    6225    6232   2
    352   498    2    2597    6215    6226    6233   2
    354   498    2    6208    6216    6227    6234   2
    648   498    2    6209    6217    6228    6235   2
    651   498    1    6210    6218       0       0   2
    654   498    1    6212    6219       0       0   2
    656   498    2    7799    6220    6229    6237   2
    659   498    1    7799    6221       0       0   2
    660   498    1    7800    6222       0       0   2
    662   498    2    7800    6223    6230    6240   2
    348   500    2    6213    6224    6231    6241   2
    350   500    2    6214    6225    6232      -1   2
    352   500    2    6215    6226    6233       0   2
    354   500    2    6216    6227    6234    6242   2
    648   500    2    6217    6228    6235    6243   2
    656   500    2    6220    6229    6237      -1   2
    662   500    2    6223    6230    6240    6247   2
    348   502    2    6224    6231    6241    6248   2
    350   502    2    6225    6232      -1      -1   2
    352   502    1    6226    6233       0       0   2
    354   502    2    6227    6234    6242    6251   2
    648   502    2    6228    6235    6243    6252   2
    650   502    2    2606    6236    6244    6253   2
    656   502    2    6229    6237      -1      -1   2
    658   502    2    2609    6238    6245    6255   2
    660   502    2    2611    6239    6246    7821   2
    662   502    2    6230    6240    6247    7821   2
    348   504    2    6231    6241    6248    6256   2
    354   504    2    6234    6242    6251    6259   2
    648   504    2    6235    6243    6252    6260   2
    650   504    2    6236    6244    6253    6261   2
    658   504    2    6238    6245    6255    6263   2
    660   504    2    6239    6246    7821    6268   2
    662   504    2    6240    6247    7821    6269   2
    348   506    2    6241    6248    6256    7825   2
    350   506    2    2615    6249    6257    7825   2
    352   506    2    2617    6250    6258    7826   2
    354   506    2    6242    6251    6259    7826   2
    648   506    2    6243    6252    6260    7830   2
    650   506    2    6244    6253    6261    7830   2
    652   506    2    2619    6254    6262    6264   2
    658   506    2    6245    6255    6263    6267   2
    348   508    2    6248    6256    7825      -2   2
    350   508    2    6249    6257    7825      -2   2
    352   508    2    6250    6258    7826      -2   2
    354   508    2    6251    6259    7826      -2   2
    648   508    2    6252    6260    7830      -2   2
    650   508    2    6253    6261    7830      -2   2
    652   508    2    6254    6262    6264    6270   2
    658   508    2    6255    6263    6267       0   2
    660   508    2    6246    7821    6268    6273   2
    662   508    2    6247    7821    6269    6274   2
    652   510    2    6262    6264    6270      -1   2
    654   510    2    2625    6265    6271      -1   2
    656   510    2    2627    6266    6272      -1   2
    658   510    1    6263    6267       0       0   2
    660   510    2    7821    6268    6273      -1   2
    662   510    2    7821    6269    6274      -1   2
    652   512    2    6264    6270      -1      -1   2
    654   512    2    6265    6271      -1      -1   2
    656   512    2    6266    6272      -1      -1   2
    660   512    2    6268    6273      -1      -1   2
    662   512    2    6269    6274      -1      -1   2
    528     0    4      -2      -2    6275    6299   4
    532     0    4      -2      -2    6276    6300   4
    544     0    4      -2      -2    6277    6303   4
    548     0    4      -2      -2    6278    6304   4
    552     0    4      -2      -2    6279    6305   4
    556     0    4      -2      -2    6280    6306   4
    560     0    4      -2      -2    6281    6307   4
    564     0    4      -2      -2    6282    6308   4
    568     0    4      -2      -2    6283    6309   4
    572     0    4      -2      -2    6284    6310   4
    592     0    4      -2      -2    6285    6311   4
    596     0    4      -2      -2    6286    2704   4
    636     0    4      -2      -2    6287    2709   4
    640     0    4      -2      -2    6288    6312   4
    644     0    4      -2      -2    6289    6313   4
    648     0    4      -2      -2    6290    6314   4
    652     0    4      -2      -2    6291    6315   4
    708     0    4      -2      -2    6292    6317   4
    728     0    4      -2      -2    6293    6318   4
    732     0    4      -2      -2    6294    6319   4
    776     0    4      -2      -2    6295    6320   4
    868     0    4      -2      -2    6296    6322   4
    872     0    4      -2      -2    6297    6323   4
    876     0    4      -2      -2    6298    6324   4
    528     4    4      -2    6275    6299    7843   4
    532     4    4      -2    6276    6300    7843   4
    544     4    4      -2    6277    6303    7845   4
    548     4    4      -2    6278    6304    7845   4
    552     4    4      -2    6279    6305    7846   4
    556     4    4      -2    6280    6306    7846   4
    560     4    4      -2    6281    6307    6325   4
    564     4    4      -2    6282    6308    6326   4
    568     4    4      -2    6283    6309    6327   4
    572     4    4      -2    6284    6310    6328   4
    592     4    4      -2    6285    6311    6333   4
    640     4    4      -2    6288    6312    6334   4
    644     4    4      -2    6289    6313    6335   4
    648     4    4      -2    6290    6314    7847   4
    652     4    4      -2    6291    6315    7847   4
    708     4    4      -2    6292    6317    6338   4
    728     4    4      -2    6293    6318    6339   4
    732     4    4      -2    6294    6319    6340   4
    776     4    4      -2    6295    6320    2800   4
    868     4    4      -2    6296    6322    6342   4
    872     4    4      -2    6297    6323    7850   4
    876     4    4      -2    6298    6324    7850   4
    528     8    4    6275    6299    7843    8452   4
    532     8    4    6276    6300    7843    8452   4
    536     8    4    2666    6301    7844    8452   4
    540     8    4    2668    6302    7844    8452   4
    544     8    4    6277    6303    7845    7853   4
    548     8    4    6278    6304    7845    7853   4
    552     8    4    6279    6305    7846    7854   4
    556     8    4    6280    6306    7846    7854   4
    560     8    4    6281    6307    6325    6343   4
    564     8    4    6282    6308    6326    2871   4
    568     8    4    6283    6309    6327    2873   4
    572     8    4    6284    6310    6328    2875   4
    576     8    4      -3    7835    6329    6344   4
    580     8    4      -3    7835    6330    6345   4
    584     8    4      -3    7836    6331    6346   4
    588     8    4      -3    7836    6332    6347   4
    592     8    4    6285    6311    6333    2877   4
    640     8    4    6288    6312    6334    6348   4
    644     8    4    6289    6313    6335    6349   4
    648     8    4    6290    6314    7847    7855   4
    652     8    4    6291    6315    7847    7855   4
    656     8    4    2674    6316    6336    6350   4
    708     8    4    6292    6317    6338    6356   4
    728     8    4    6293    6318    6339    6357   4
    732     8    4    6294    6319    6340    6358   4
    864     8    4    2702    6321    6341    6366   4
    868     8    4    6296    6322    6342    6367   4
    872     8    4    6297    6323    7850    7861   4
    876     8    4    6298    6324    7850    7861   4
    560    12    4    6307    6325    6343    6368   4
    576    12    4    7835    6329    6344    6369   4
    580    12    4    7835    6330    6345    6370   4
    584    12    4    7836    6331    6346    6371   4
    588    12    4    7836    6332    6347    2974   4
    640    12    4    6312    6334    6348    6372   4
    644    12    4    6313    6335    6349    6373   4
    656    12    4    6316    6336    6350    6374   4
    688    12    4    2750    6337    6351    6377   4
    708    12    4    6317    6338    6356    7857   4
    728    12    4    6318    6339    6357    6379   4
    732    12    4    6319    6340    6358    6380   4
    864    12    4    6321    6341    6366    7860   4
    868    12    4    6322    6342    6367    7860   4
    560    16    4    6325    6343    6368    6394   4
    576    16    4    6329    6344    6369    6398   4
    580    16    4    6330    6345    6370    6399   4
    584    16    4    6331    6346    6371    6400   4
    640    16    4    6334    6348    6372    6401   4
    644    16    4    6335    6349    6373    6402   4
    656    16    4    6336    6350    6374    6403   4
    688    16    4    6337    6351    6377    6408   4
    692    16    4    2828    6352    6378    6409   4
    696    16    4    2830    6353    7856    7868   4
    700    16    4    2832    6354    7856    7868   4
    704    16    4    2834    6355    7857    7869   4
    708    16    4    6338    6356    7857    7869   4
    728    16    4    6339    6357    6379    6410   4
    732    16    4    6340    6358    6380    6411   4
    752    16    4    2840    6360    6382    6412   4
    816    16    4    2857    6361    6385    6422   4
    820    16    4    2859    6362    6386    6423   4
    824    16    4    2861    6363    6387    6424   4
    828    16    4    2863    6364    6388    6425   4
    860    16    4    2869    6365    6393    6433   4
    864    16    4    6341    6366    7860    7877   4
    868    16    4    6342    6367    7860    7877   4
    560    20    4    6343    6368    6394    7864   4
    576    20    4    6344    6369    6398    6434   4
    580    20    4    6345    6370    6399    6435   4
    584    20    4    6346    6371    6400    3087   4
    640    20    4    6348    6372    6401    6437   4
    644    20    4    6349    6373    6402    6438   4
    656    20    4    6350    6374    6403    6441   4
    684    20    4    2936    6376    6407    7866   4
    688    20    4    6351    6377    6408    7867   4
    692    20    4    6352    6378    6409    7867   4
    728    20    4    6357    6379    6410    6448   4
    732    20    4    6358    6380    6411    3094   4
    752    20    4    6360    6382    6412    6450   4
    796    20    4    2952    6383    6417    6452   4
    800    20    4    2954    6384    6418    6453   4
    816    20    4    6361    6385    6422    7871   4
    820    20    4    6362    6386    6423    7871   4
    824    20    4    6363    6387    6424    7872   4
    828    20    4    6364    6388    6425    7872   4
    832    20    4    2959    6389    6426    7873   4
    836    20    4    2961    6390    6427    7873   4
    852    20    4    2966    6391    6431    7875   4
    856    20    4    2968    6392    6432    7876   4
    860    20    4    6365    6393    6433    7876   4
    560    24    4    6368    6394    7864    7881   4
    564    24    4    3008    6395    7864    7881   4
    568    24    4    3010    6396    7865    7882   4
    572    24    4    3012    6397    7865    7882   4
    576    24    4    6369    6398    6434    6455   4
    580    24    4    6370    6399    6435    6456   4
    640    24    4    6372    6401    6437    3130   4
    644    24    4    6373    6402    6438    3132   4
    648    24    4    7847    7855    6439    3134   4
    652    24    4    7847    7855    6440    6458   4
    656    24    4    6374    6403    6441    6459   4
    672    24    4    3021    6404    6442    3141   4
    676    24    4    3023    6405    6443    6460   4
    680    24    4    3025    6406    7866    7883   4
    684    24    4    6376    6407    7866    7883   4
    688    24    4    6377    6408    7867    7884   4
    692    24    4    6378    6409    7867    7884   4
    712    24    4    7848    7858    6444    6461   4
    716    24    4    7848    7858    6445    6462   4
    720    24    4    7849    7859    6446    6463   4
    724    24    4    7849    7859    6447    6464   4
    728    24    4    6379    6410    6448    3143   4
    752    24    4    6382    6412    6450    3147   4
    756    24    4    3031    6413    6451    3149   4
    796    24    4    6383    6417    6452    6467   4
    800    24    4    6384    6418    6453    6468   4
    804    24    4    3041    6419    6454    6469   4
    808    24    4    3043    6420    7870    7886   4
    812    24    4    3045    6421    7870    7886   4
    816    24    4    6385    6422    7871    8458   4
    820    24    4    6386    6423    7871    8458   4
    824    24    4    6387    6424    7872    8458   4
    828    24    4    6388    6425    7872    8458   4
    832    24    4    6389    6426    7873    8459   4
    836    24    4    6390    6427    7873    8459   4
    840    24    4    3047    6428    7874    8459   4
    844    24    4    3049    6429    7874    8459   4
    848    24    4    3051    6430    7875    8460   4
    852    24    4    6391    6431    7875    8460   4
    856    24    4    6392    6432    7876    8460   4
    860    24    4    6393    6433    7876    8460   4
    576    28    4    6398    6434    6455    6470   4
    580    28    4    6399    6435    6456    6471   4
    636    28    4    3072    6436    6457    6473   4
    652    28    4    7855    6440    6458    6474   4
    656    28    4    6403    6441    6459    3187   4
    676    28    4    6405    6443    6460    6475   4
    712    28    4    7858    6444    6461    6478   4
    716    28    4    7858    6445    6462    6479   4
    720    28    4    7859    6446    6463    3194   4
    724    28    4    7859    6447    6464    3196   4
    748    28    4    3083    6449    6466    3205   4
    796    28    4    6417    6452    6467    3214   4
    800    28    4    6418    6453    6468    6480   4
    804    28    4    6419    6454    6469    6481   4
    576    32    4    6434    6455    6470    6482   4
    580    32    4    6435    6456    6471    6483   4
    636    32    4    6436    6457    6473    3254   4
    652    32    4    6440    6458    6474    6487   4
    676    32    4    6443    6460    6475    6489   4
    704    32    4    7857    7869    6476    6490   4
    708    32    4    7857    7869    6477    6491   4
    712    32    4    6444    6461    6478    6492   4
    716    32    4    6445    6462    6479    3263   4
    800    32    4    6453    6468    6480    6494   4
    804    32    4    6454    6469    6481    6495   4
    576    36    4    6455    6470    6482    6498   4
    580    36    4    6456    6471    6483    3293   4
    652    36    4    6458    6474    6487    6502   4
    676    36    4    6460    6475    6489    6506   4
    704    36    4    7869    6476    6490    6511   4
    708    36    4    7869    6477    6491    6512   4
    712    36    4    6461    6478    6492    3301   4
    800    36    4    6468    6480    6494    6514   4
    804    36    4    6469    6481    6495    6515   4
    568    40    4    7865    7882    6496    6516   4
    572    40    4    7865    7882    6497    6517   4
    576    40    4    6470    6482    6498    3336   4
    640    40    4    3218    6484    6499    6518   4
    644    40    4    3220    6485    6500    6519   4
    648    40    4    3222    6486    6501    3341   4
    652    40    4    6474    6487    6502    3343   4
    664    40    4    3228    6488    6503    3347   4
    676    40    4    6475    6489    6506    6522   4
    688    40    4    7867    7884    6507    6523   4
    692    40    4    7867    7884    6508    3351   4
    696    40    4    7868    7885    6509    3353   4
    700    40    4    7868    7885    6510    3355   4
    704    40    4    6476    6490    6511    3357   4
    708    40    4    6477    6491    6512    6524   4
    736    40    4    3238    6493    6513    6526   4
    800    40    4    6480    6494    6514    6527   4
    804    40    4    6481    6495    6515    6528   4
    568    44    4    7882    6496    6516    6533   4
    572    44    4    7882    6497    6517    3420   4
    640    44    4    6484    6499    6518    6535   4
    644    44    4    6485    6500    6519    6536   4
    672    44    4    3283    6505    6521    6537   4
    676    44    4    6489    6506    6522    6538   4
    688    44    4    7884    6507    6523    6541   4
    708    44    4    6491    6512    6524    3437   4
    736    44    4    6493    6513    6526    3443   4
    800    44    4    6494    6514    6527    6546   4
    804    44    4    6495    6515    6528    6547   4
    552    48    4    7880    7888    6529    6548   4
    556    48    4    7880    7888    6530    6549   4
    560    48    4    7881    7889    6531    6550   4
    564    48    4    7881    7889    6532    6551   4
    568    48    4    6496    6516    6533    3477   4
    640    48    4    6499    6518    6535    6554   4
    644    48    4    6500    6519    6536    6555   4
    672    48    4    6505    6521    6537    3488   4
    676    48    4    6506    6522    6538    6556   4
    680    48    4    7883    7890    6539    6557   4
    684    48    4    7883    7890    6540    6558   4
    688    48    4    6507    6523    6541    6559   4
    732    48    4    3325    6525    6545    3494   4
    800    48    4    6514    6527    6546    6565   4
    804    48    4    6515    6528    6547    6566   4
    552    52    4    7888    6529    6548    6567   4
    556    52    4    7888    6530    6549    6568   4
    560    52    4    7889    6531    6550    3527   4
    564    52    4    7889    6532    6551    3529   4
    636    52    4    3382    6534    6553    6571   4
    640    52    4    6518    6535    6554    6572   4
    644    52    4    6519    6536    6555    6573   4
    676    52    4    6522    6538    6556    6575   4
    680    52    4    7890    6539    6557    6576   4
    684    52    4    7890    6540    6558    6577   4
    688    52    4    6523    6541    6559    3538   4
    720    52    4    3402    6542    6562    6580   4
    724    52    4    3404    6543    6563    6581   4
    728    52    4    3406    6544    6564    6582   4
    800    52    4    6527    6546    6565    6586   4
    804    52    4    6528    6547    6566    6587   4
    552    56    4    6529    6548    6567    6590   4
    556    56    4    6530    6549    6568    6591   4
    632    56    4    3457    6552    6570    6594   4
    636    56    4    6534    6553    6571    6595   4
    640    56    4    6535    6554    6572    6596   4
    644    56    4    6536    6555    6573    6597   4
    676    56    4    6538    6556    6575    6598   4
    680    56    4    6539    6557    6576    6599   4
    684    56    4    6540    6558    6577    3582   4
    712    56    4    3467    6560    6578    6601   4
    716    56    4    3469    6561    6579    6602   4
    720    56    4    6542    6562    6580    6603   4
    724    56    4    6543    6563    6581    6604   4
    728    56    4    6544    6564    6582    3587   4
    800    56    4    6546    6565    6586    6610   4
    804    56    4    6547    6566    6587    6611   4
    808    56    4    7891    7893    6588    6612   4
    812    56    4    7891    7893    6589    6613   4
    552    60    4    6548    6567    6590    6614   4
    556    60    4    6549    6568    6591    6615   4
    628    60    4    3504    6569    6593    6618   4
    632    60    4    6552    6570    6594    6619   4
    636    60    4    6553    6571    6595    6620   4
    640    60    4    6554    6572    6596    6621   4
    644    60    4    6555    6573    6597    6622   4
    676    60    4    6556    6575    6598    3634   4
    680    60    4    6557    6576    6599    6623   4
    712    60    4    6560    6578    6601    6625   4
    716    60    4    6561    6579    6602    3640   4
    720    60    4    6562    6580    6603    3642   4
    724    60    4    6563    6581    6604    3644   4
    788    60    4    3521    6583    6607    6630   4
    792    60    4    3523    6584    6608    3650   4
    796    60    4    3525    6585    6609    3652   4
    800    60    4    6565    6586    6610    3654   4
    804    60    4    6566    6587    6611    3656   4
    808    60    4    7893    6588    6612    6631   4
    812    60    4    7893    6589    6613    6632   4
    552    64    4    6567    6590    6614    6633   4
    556    64    4    6568    6591    6615    6634   4
    624    64    4    3555    6592    6617    3725   4
    628    64    4    6569    6593    6618    6636   4
    632    64    4    6570    6594    6619    6637   4
    636    64    4    6571    6595    6620    6638   4
    640    64    4    6572    6596    6621    6639   4
    644    64    4    6573    6597    6622    6640   4
    680    64    4    6576    6599    6623    3733   4
    708    64    4    3563    6600    6624    6642   4
    712    64    4    6578    6601    6625    3738   4
    780    64    4    3569    6605    6628    6646   4
    784    64    4    3571    6606    6629    3745   4
    788    64    4    6583    6607    6630    3747   4
    808    64    4    6588    6612    6631    6647   4
    812    64    4    6589    6613    6632    6648   4
    552    68    4    6590    6614    6633    6651   4
    556    68    4    6591    6615    6634    3814   4
    628    68    4    6593    6618    6636    3837   4
    632    68    4    6594    6619    6637    3839   4
    636    68    4    6595    6620    6638    6657   4
    640    68    4    6596    6621    6639    7906   4
    644    68    4    6597    6622    6640    7906   4
    708    68    4    6600    6624    6642    3850   4
    772    68    4    3618    6626    6644    3858   4
    776    68    4    3620    6627    6645    6664   4
    780    68    4    6605    6628    6646    3860   4
    808    68    4    6612    6631    6647    3864   4
    812    68    4    6613    6632    6648    6665   4
    544    72    4    7896    7901    6649    6666   4
    548    72    4    7896    7901    6650    6667   4
    552    72    4    6614    6633    6651    3901   4
    588    72    4    3662    6635    6656    6672   4
    636    72    4    6620    6638    6657    6673   4
    640    72    4    6621    6639    7906    6690   4
    644    72    4    6622    6640    7906    6691   4
    648    72    4    3674    6641    6658    6674   4
    776    72    4    6627    6645    6664    3928   4
    812    72    4    6632    6648    6665    6681   4
    544    76    4    7901    6649    6666    6684   4
    548    76    4    7901    6650    6667    3957   4
    572    76    4    3760    6652    6668    6686   4
    576    76    4    3762    6653    6669    6687   4
    580    76    4    3764    6654    6670    3963   4
    584    76    4    3766    6655    6671    3965   4
    588    76    4    6635    6656    6672    6688   4
    636    76    4    6638    6657    6673    6689   4
    648    76    4    6641    6658    6674    6692   4
    660    76    4    3786    6659    6677    3974   4
    664    76    4    3788    6660    6678    3976   4
    704    76    4    3799    6662    6680    3984   4
    812    76    4    6648    6665    6681    6695   4
    536    80    4    7900    7905    6682    6696   4
    540    80    4    7900    7905    6683    6697   4
    544    80    4    6649    6666    6684    4026   4
    572    80    4    6652    6668    6686    6699   4
    576    80    4    6653    6669    6687    4030   4
    588    80    4    6656    6672    6688    4034   4
    636    80    4    6657    6673    6689    4039   4
    640    80    4    6639    7906    6690    4041   4
    644    80    4    6640    7906    6691    6701   4
    648    80    4    6658    6674    6692    4043   4
    652    80    4    3878    6675    6693    4045   4
    656    80    4    3880    6676    6694    4047   4
    812    80    4    6665    6681    6695    6703   4
    536    84    4    7905    6682    6696    6704   4
    540    84    4    7905    6683    6697    4107   4
    568    84    4    3937    6685    6698    6705   4
    572    84    4    6668    6686    6699    6706   4
    644    84    4    7906    6691    6701    4128   4
    812    84    4    6681    6695    6703    6709   4
    536    88    4    6682    6696    6704    6710   4
    568    88    4    6685    6698    6705    6715   4
    572    88    4    6686    6699    6706    6716   4
    784    88    4    4021    6702    6708    4201   4
    812    88    4    6695    6703    6709    6718   4
    536    92    4    6696    6704    6710    6719   4
    568    92    4    6698    6705    6715    6725   4
    572    92    4    6699    6706    6716    6726   4
    780    92    4    4102    6707    6717    6727   4
    812    92    4    6703    6709    6718    6729   4
    536    96    4    6704    6710    6719    6730   4
    552    96    4    4153    6711    6723    6734   4
    556    96    4    4155    6712    6724    6735   4
    560    96    4    4157    6713    7916    7923   4
    564    96    4    4159    6714    7916    7923   4
    568    96    4    6705    6715    6725    6736   4
    572    96    4    6706    6716    6726    6737   4
    780    96    4    6707    6717    6727    6745   4
    812    96    4    6709    6718    6729    6748   4
    536   100    4    6710    6719    6730    7920   4
    540   100    4    4208    6720    6731    7920   4
    544   100    4    4210    6721    6732    7921   4
    548   100    4    4212    6722    6733    7921   4
    552   100    4    6711    6723    6734    7922   4
    556   100    4    6712    6724    6735    7922   4
    568   100    4    6715    6725    6736    6749   4
    572   100    4    6716    6726    6737    6750   4
    780   100    4    6717    6727    6745    6757   4
    808   100    4    4234    6728    6747    7926   4
    812   100    4    6718    6729    6748    7926   4
    536   104    4    6719    6730    7920    7930   4
    540   104    4    6720    6731    7920    7930   4
    544   104    4    6721    6732    7921    7931   4
    548   104    4    6722    6733    7921    7931   4
    552   104    4    6723    6734    7922    7932   4
    556   104    4    6724    6735    7922    7932   4
    568   104    4    6725    6736    6749    6762   4
    572   104    4    6726    6737    6750    6763   4
    752   104    4    4285    6738    6754    6772   4
    756   104    4    4287    6739    6755    6773   4
    760   104    4    4289    6740    7924    7936   4
    764   104    4    4291    6741    7924    7936   4
    768   104    4    4293    6742    7925    7937   4
    772   104    4    4295    6743    7925    7937   4
    776   104    4    4297    6744    6756    6774   4
    780   104    4    6727    6745    6757    6775   4
    804   104    4    4302    6746    6761    6781   4
    808   104    4    6728    6747    7926    7942   4
    812   104    4    6729    6748    7926    7942   4
    568   108    4    6736    6749    6762    6784   4
    572   108    4    6737    6750    6763    6785   4
    732   108    4    4337    6751    6767    6792   4
    736   108    4    4339    6752    6768    7933   4
    748   108    4    4343    6753    6771    7934   4
    752   108    4    6738    6754    6772    7935   4
    756   108    4    6739    6755    6773    7935   4
    776   108    4    6744    6756    6774    7938   4
    780   108    4    6745    6757    6775    7938   4
    784   108    4    4345    6758    6776    7939   4
    788   108    4    4347    6759    6777    7939   4
    800   108    4    4352    6760    6780    7941   4
    804   108    4    6746    6761    6781    7941   4
    560   112    4    7916    7923    6782    6793   4
    564   112    4    7916    7923    6783    6794   4
    568   112    4    6749    6762    6784    4458   4
    572   112    4    6750    6763    6785    4460   4
    668   112    4    4377    6764    6787    4477   4
    724   112    4    4382    6765    6790    4492   4
    728   112    4    4384    6766    6791    6799   4
    732   112    4    6751    6767    6792    6800   4
    736   112    4    6752    6768    7933    7947   4
    740   112    4    4386    6769    7933    7947   4
    744   112    4    4388    6770    7934    7948   4
    748   112    4    6753    6771    7934    7948   4
    752   112    4    6754    6772    7935    7949   4
    756   112    4    6755    6773    7935    7949   4
    776   112    4    6756    6774    7938    7952   4
    780   112    4    6757    6775    7938    7952   4
    784   112    4    6758    6776    7939    7953   4
    788   112    4    6759    6777    7939    7953   4
    792   112    4    4390    6778    7940    7954   4
    796   112    4    4392    6779    7940    7954   4
    800   112    4    6760    6780    7941    7955   4
    804   112    4    6761    6781    7941    7955   4
    560   116    4    7923    6782    6793    6801   4
    564   116    4    7923    6783    6794    4533   4
    672   116    4    4417    6788    6796    6806   4
    728   116    4    6766    6791    6799    6815   4
    732   116    4    6767    6792    6800    6816   4
    560   120    4    6782    6793    6801    6817   4
    660   120    4    4446    6795    6805    6823   4
    672   120    4    6788    6796    6806    6824   4
    676   120    4    4448    6797    6807    6825   4
    680   120    4    4450    6798    6808    6826   4
    728   120    4    6791    6799    6815    6834   4
    732   120    4    6792    6800    6816    6835   4
    560   124    4    6793    6801    6817    6840   4
    584   124    4    4500    6802    6818    6841   4
    652   124    4    4506    6803    6821    6845   4
    656   124    4    4508    6804    6822    6846   4
    660   124    4    6795    6805    6823    6847   4
    672   124    4    6796    6806    6824    6850   4
    676   124    4    6797    6807    6825    6851   4
    680   124    4    6798    6808    6826    6852   4
    684   124    4    4514    6809    6827    6853   4
    688   124    4    4516    6810    6828    6854   4
    692   124    4    4518    6811    6829    6855   4
    696   124    4    4520    6812    6830    6856   4
    700   124    4    4522    6813    6831    6857   4
    704   124    4    4524    6814    6832    6858   4
    728   124    4    6799    6815    6834    6862   4
    732   124    4    6800    6816    6835    6863   4
    544   128    4    7931    7945    6836    6864   4
    548   128    4    7931    7945    6837    6865   4
    552   128    4    7932    7946    6838    6866   4
    556   128    4    7932    7946    6839    4634   4
    560   128    4    6801    6817    6840    4636   4
    584   128    4    6802    6818    6841    6867   4
    588   128    4    4561    6819    6842    6868   4
    648   128    4    4567    6820    6844    6870   4
    652   128    4    6803    6821    6845    6871   4
    656   128    4    6804    6822    6846    4647   4
    660   128    4    6805    6823    6847    4649   4
    672   128    4    6806    6824    6850    6873   4
    676   128    4    6807    6825    6851    6874   4
    680   128    4    6808    6826    6852    4653   4
    684   128    4    6809    6827    6853    4655   4
    688   128    4    6810    6828    6854    4657   4
    692   128    4    6811    6829    6855    6875   4
    696   128    4    6812    6830    6856    6876   4
    700   128    4    6813    6831    6857    6877   4
    704   128    4    6814    6832    6858    6878   4
    708   128    4    4572    6833    6859    6879   4
    728   128    4    6815    6834    6862    6884   4
    732   128    4    6816    6835    6863    6885   4
    544   132    4    7945    6836    6864    6888   4
    548   132    4    7945    6837    6865    4678   4
    552   132    4    7946    6838    6866    4680   4
    584   132    4    6818    6841    6867    6889   4
    588   132    4    6819    6842    6868    6890   4
    592   132    4    4595    6843    6869    4686   4
    648   132    4    6820    6844    6870    4692   4
    652   132    4    6821    6845    6871    6891   4
    668   132    4    4603    6849    6872    4696   4
    672   132    4    6824    6850    6873    6892   4
    676   132    4    6825    6851    6874    4698   4
    692   132    4    6829    6855    6875    4703   4
    696   132    4    6830    6856    6876    6893   4
    700   132    4    6831    6857    6877    6894   4
    704   132    4    6832    6858    6878    7962   4
    708   132    4    6833    6859    6879    7962   4
    712   132    4    4605    6860    6880    7963   4
    724   132    4    4609    6861    6883    7964   4
    728   132    4    6834    6862    6884    7965   4
    732   132    4    6835    6863    6885    7965   4
    536   136    4    7944    7958    6886    6895   4
    540   136    4    7944    7958    6887    6896   4
    544   136    4    6836    6864    6888    4726   4
    584   136    4    6841    6867    6889    4734   4
    588   136    4    6842    6868    6890    4736   4
    652   136    4    6845    6871    6891    6897   4
    672   136    4    6850    6873    6892    4745   4
    696   136    4    6856    6876    6893    6898   4
    700   136    4    6857    6877    6894    6899   4
    704   136    4    6858    6878    7962    7975   4
    708   136    4    6859    6879    7962    7975   4
    712   136    4    6860    6880    7963    7976   4
    716   136    4    4630    6881    7963    7976   4
    720   136    4    4632    6882    7964    8502   4
    724   136    4    6861    6883    7964    8502   4
    728   136    4    6862    6884    7965    8502   4
    732   136    4    6863    6885    7965    8502   4
    536   140    4    7958    6886    6895    6900   4
    540   140    4    7958    6887    6896    6901   4
    652   140    4    6871    6891    6897    4781   4
    696   140    4    6876    6893    6898    6906   4
    700   140    4    6877    6894    6899    6907   4
    536   144    4    6886    6895    6900    6908   4
    540   144    4    6887    6896    6901    6909   4
    696   144    4    6893    6898    6906    6915   4
    700   144    4    6894    6899    6907    6916   4
    536   148    4    6895    6900    6908    6923   4
    540   148    4    6896    6901    6909    6924   4
    684   148    4    4769    6903    6912    6927   4
    688   148    4    4771    6904    6913    7981   4
    692   148    4    4773    6905    6914    7981   4
    696   148    4    6898    6906    6915    7982   4
    700   148    4    6899    6907    6916    7982   4
    400   152    4    8485    7970    6917    6928   4
    404   152    4    8485    7970    6918    6929   4
    408   152    4    8485    7971    6919    4845   4
    412   152    4    8485    7971    6920    4847   4
    416   152    4    8486    7972    6921    6930   4
    420   152    4    8486    7972    6922    6931   4
    536   152    4    6900    6908    6923    6932   4
    540   152    4    6901    6909    6924    6933   4
    644   152    4    4791    6910    6925    6934   4
    680   152    4    4796    6911    6926    6937   4
    684   152    4    6903    6912    6927    6938   4
    688   152    4    6904    6913    7981    7992   4
    692   152    4    6905    6914    7981    7992   4
    696   152    4    6906    6915    7982    7993   4
    700   152    4    6907    6916    7982    7993   4
    400   156    4    7970    6917    6928    6939   4
    404   156    4    7970    6918    6929    4874   4
    416   156    4    7972    6921    6930    4879   4
    420   156    4    7972    6922    6931    6940   4
    536   156    4    6908    6923    6932    6941   4
    540   156    4    6909    6924    6933    6942   4
    644   156    4    6910    6925    6934    6944   4
    680   156    4    6911    6926    6937    7991   4
    684   156    4    6912    6927    6938    7991   4
    400   160    4    6917    6928    6939    6949   4
    420   160    4    6922    6931    6940    6950   4
    536   160    4    6923    6932    6941    6951   4
    540   160    4    6924    6933    6942    4917   4
    644   160    4    6925    6934    6944    6954   4
    672   160    4    4841    6935    6947    6961   4
    676   160    4    4843    6936    6948    6962   4
    680   160    4    6926    6937    7991    8004   4
    684   160    4    6927    6938    7991    8004   4
    400   164    4    6928    6939    6949    6963   4
    420   164    4    6931    6940    6950    6964   4
    536   164    4    6932    6941    6951    6967   4
    640   164    4    4866    6943    6953    7999   4
    644   164    4    6934    6944    6954    7999   4
    648   164    4    4868    6945    6955    8000   4
    668   164    4    4872    6946    6960    8002   4
    672   164    4    6935    6947    6961    8003   4
    676   164    4    6936    6948    6962    8003   4
    400   168    4    6939    6949    6963    6969   4
    420   168    4    6940    6950    6964    6971   4
    528   168    4    7980    7990    6965    6972   4
    532   168    4    7980    7990    6966    6973   4
    536   168    4    6941    6951    6967    6974   4
    636   168    4    4900    6952    6968    6976   4
    640   168    4    6943    6953    7999    6986   4
    644   168    4    6944    6954    7999    6987   4
    648   168    4    6945    6955    8000    8018   4
    652   168    4    4902    6956    8000    8018   4
    656   168    4    4904    6957    8001    8019   4
    660   168    4    4906    6958    8001    8019   4
    664   168    4    4908    6959    8002    8020   4
    668   168    4    6946    6960    8002    8020   4
    672   168    4    6947    6961    8003    8546   4
    676   168    4    6948    6962    8003    8546   4
    400   172    4    6949    6963    6969    6977   4
    420   172    4    6950    6964    6971    6982   4
    528   172    4    7990    6965    6972    6983   4
    532   172    4    7990    6966    6973    6984   4
    536   172    4    6951    6967    6974    4966   4
    636   172    4    6952    6968    6976    6985   4
    400   176    4    6963    6969    6977    6988   4
    416   176    4    4940    6970    6981    6992   4
    420   176    4    6964    6971    6982    6993   4
    528   176    4    6965    6972    6983    6994   4
    532   176    4    6966    6973    6984    6995   4
    636   176    4    6968    6976    6985    6996   4
    640   176    4    6953    7999    6986    6997   4
    644   176    4    6954    7999    6987    6998   4
    400   180    4    6969    6977    6988    8029   4
    404   180    4    4957    6978    6989    8029   4
    408   180    4    4959    6979    6990    8030   4
    412   180    4    4961    6980    6991    8030   4
    416   180    4    6970    6981    6992    8031   4
    420   180    4    6971    6982    6993    8031   4
    528   180    4    6972    6983    6994    6999   4
    532   180    4    6973    6984    6995    7000   4
    636   180    4    6976    6985    6996    4983   4
    640   180    4    7999    6986    6997    7001   4
    644   180    4    7999    6987    6998    7002   4
    400   184    4    6977    6988    8029    8560   4
    404   184    4    6978    6989    8029    8560   4
    408   184    4    6979    6990    8030    8560   4
    412   184    4    6980    6991    8030    8560   4
    416   184    4    6981    6992    8031    8561   4
    420   184    4    6982    6993    8031    8561   4
    528   184    4    6983    6994    6999    7003   4
    532   184    4    6984    6995    7000    7004   4
    640   184    4    6986    6997    7001    4991   4
    644   184    4    6987    6998    7002    7005   4
    528   188    4    6994    6999    7003    7014   4
    532   188    4    6995    7000    7004    7015   4
    644   188    4    6998    7002    7005    7016   4
    168   192    4    8008    8022    7006    7019   4
    172   192    4    8008    8022    7007    7020   4
    176   192    4    8009    8023    7008    7021   4
    180   192    4    8009    8023    7009    7022   4
    184   192    4    8010    8024    7010    7023   4
    188   192    4    8010    8024    7011    7024   4
    520   192    4    8017    8034    7012    7025   4
    524   192    4    8017    8034    7013    7026   4
    528   192    4    6999    7003    7014    5002   4
    532   192    4    7000    7004    7015    5004   4
    644   192    4    7002    7005    7016    5009   4
    648   192    4    8018    8035    7017    7027   4
    652   192    4    8018    8035    7018    7028   4
    168   196    4    8022    7006    7019    7029   4
    172   196    4    8022    7007    7020    7030   4
    176   196    4    8023    7008    7021    5018   4
    180   196    4    8023    7009    7022    5020   4
    184   196    4    8024    7010    7023    7031   4
    188   196    4    8024    7011    7024    7032   4
    520   196    4    8034    7012    7025    7033   4
    524   196    4    8034    7013    7026    7034   4
    648   196    4    8035    7017    7027    7035   4
    652   196    4    8035    7018    7028    7036   4
    168   200    4    7006    7019    7029    7037   4
    172   200    4    7007    7020    7030    7038   4
    184   200    4    7010    7023    7031    7039   4
    188   200    4    7011    7024    7032    7040   4
    520   200    4    7012    7025    7033    7041   4
    524   200    4    7013    7026    7034    7042   4
    648   200    4    7017    7027    7035    7044   4
    652   200    4    7018    7028    7036    7045   4
    168   204    4    7019    7029    7037    7058   4
    172   204    4    7020    7030    7038    7059   4
    184   204    4    7023    7031    7039    7062   4
    188   204    4    7024    7032    7040    7063   4
    520   204    4    7025    7033    7041    7064   4
    524   204    4    7026    7034    7042    7065   4
    648   204    4    7027    7035    7044    7067   4
    652   204    4    7028    7036    7045    7068   4
     40   208    4    8039    8059    7046    7075   4
     44   208    4    8039    8059    7047    7076   4
     48   208    4    8040    8060    7048    7077   4
     52   208    4    8040    8060    7049    7078   4
     56   208    4    8041    8061    7050    7079   4
     60   208    4    8041    8061    7051    7080   4
     88   208    4    8045    8065    7052    7081   4
     92   208    4    8045    8065    7053    7082   4
     96   208    4    8046    8066    7054    7083   4
    100   208    4    8046    8066    7055    7084   4
    104   208    4    8047    8067    7056    7085   4
    108   208    4    8047    8067    7057    7086   4
    168   208    4    7029    7037    7058    7087   4
    172   208    4    7030    7038    7059    7088   4
    184   208    4    7031    7039    7062    7091   4
    188   208    4    7032    7040    7063    7092   4
    520   208    4    7033    7041    7064    7093   4
    524   208    4    7034    7042    7065    5073   4
    644   208    4    5036    7043    7066    5078   4
    648   208    4    7035    7044    7067    7094   4
    652   208    4    7036    7045    7068    7095   4
    656   208    4    8054    8074    7069    7096   4
    660   208    4    8054    8074    7070    7097   4
    664   208    4    8055    8075    7071    7098   4
    668   208    4    8055    8075    7072    7099   4
    672   208    4    8056    8076    7073    7100   4
    676   208    4    8056    8076    7074    7101   4
     40   212    4    8059    7046    7075    7102   4
     44   212    4    8059    7047    7076    7103   4
     48   212    4    8060    7048    7077    5084   4
     52   212    4    8060    7049    7078    5086   4
     56   212    4    8061    7050    7079    7104   4
     60   212    4    8061    7051    7080    7105   4
     88   212    4    8065    7052    7081    7106   4
     92   212    4    8065    7053    7082    7107   4
     96   212    4    8066    7054    7083    5088   4
    100   212    4    8066    7055    7084    5090   4
    104   212    4    8067    7056    7085    7108   4
    108   212    4    8067    7057    7086    7109   4
    168   212    4    7037    7058    7087    8098   4
    172   212    4    7038    7059    7088    8098   4
    176   212    4    5048    7060    7089    8099   4
    180   212    4    5050    7061    7090    8099   4
    184   212    4    7039    7062    7091    8100   4
    188   212    4    7040    7063    7092    8100   4
    520   212    4    7041    7064    7093    7110   4
    648   212    4    7044    7067    7094    5096   4
    652   212    4    7045    7068    7095    5098   4
    656   212    4    8074    7069    7096    7111   4
    660   212    4    8074    7070    7097    5100   4
    664   212    4    8075    7071    7098    5102   4
    668   212    4    8075    7072    7099    5104   4
    672   212    4    8076    7073    7100    7112   4
    676   212    4    8076    7074    7101    7113   4
     40   216    4    7046    7075    7102    7116   4
     44   216    4    7047    7076    7103    7117   4
     56   216    4    7050    7079    7104    7118   4
     60   216    4    7051    7080    7105    7119   4
     88   216    4    7052    7081    7106    7120   4
     92   216    4    7053    7082    7107    7121   4
    104   216    4    7056    7085    7108    5130   4
    108   216    4    7057    7086    7109    7122   4
    168   216    4    7058    7087    8098    8588   4
    172   216    4    7059    7088    8098    8588   4
    176   216    4    7060    7089    8099    8589   4
    180   216    4    7061    7090    8099    8589   4
    184   216    4    7062    7091    8100    8589   4
    188   216    4    7063    7092    8100    8589   4
    520   216    4    7064    7093    7110    7123   4
    656   216    4    7069    7096    7111    5139   4
    672   216    4    7073    7100    7112    5144   4
    676   216    4    7074    7101    7113    7125   4
    680   216    4    8077    8088    7114    7126   4
    684   216    4    8077    8088    7115    7127   4
     40   220    4    7075    7102    7116    7128   4
     44   220    4    7076    7103    7117    7129   4
     56   220    4    7079    7104    7118    7130   4
     60   220    4    7080    7105    7119    7131   4
     88   220    4    7081    7106    7120    7134   4
     92   220    4    7082    7107    7121    7135   4
    108   220    4    7086    7109    7122    7137   4
    520   220    4    7093    7110    7123    7138   4
    676   220    4    7101    7113    7125    5187   4
    680   220    4    8088    7114    7126    7141   4
    684   220    4    8088    7115    7127    7142   4
     40   224    4    7102    7116    7128    7143   4
     44   224    4    7103    7117    7129    7144   4
     56   224    4    7104    7118    7130    7147   4
     60   224    4    7105    7119    7131    7148   4
     80   224    4    8081    8094    7132    7149   4
     84   224    4    8081    8094    7133    7150   4
     88   224    4    7106    7120    7134    7151   4
     92   224    4    7107    7121    7135    7152   4
    108   224    4    7109    7122    7137    7156   4
    520   224    4    7110    7123    7138    7157   4
    680   224    4    7114    7126    7141    5218   4
    684   224    4    7115    7127    7142    7160   4
     40   228    4    7116    7128    7143    7161   4
     44   228    4    7117    7129    7144    7162   4
     56   228    4    7118    7130    7147    7165   4
     60   228    4    7119    7131    7148    7166   4
     80   228    4    8094    7132    7149    7171   4
     84   228    4    8094    7133    7150    5234   4
     88   228    4    7120    7134    7151    5236   4
     92   228    4    7121    7135    7152    7172   4
     96   228    4    5149    7136    7153    8125   4
    108   228    4    7122    7137    7156    8126   4
    520   228    4    7123    7138    7157    7179   4
    556   228    4    5157    7139    7159    7183   4
    684   228    4    7127    7142    7160    7184   4
     40   232    4    7128    7143    7161    7185   4
     44   232    4    7129    7144    7162    7186   4
     48   232    4    5189    7145    7163    7187   4
     52   232    4    5191    7146    7164    7188   4
     56   232    4    7130    7147    7165    7189   4
     60   232    4    7131    7148    7166    5255   4
     64   232    4    8092    8109    7167    5257   4
     68   232    4    8092    8109    7168    5259   4
     72   232    4    8093    8110    7169    7190   4
     76   232    4    8093    8110    7170    7191   4
     80   232    4    7132    7149    7171    7192   4
     92   232    4    7135    7152    7172    7193   4
     96   232    4    7136    7153    8125    8137   4
    100   232    4    5193    7154    8125    8137   4
    104   232    4    5195    7155    8126    8138   4
    108   232    4    7137    7156    8126    8138   4
    208   232    4    8572    8115    7173    7194   4
    212   232    4    8572    8115    7174    7195   4
    216   232    4    8572    8116    7175    5263   4
    220   232    4    8572    8116    7176    5265   4
    224   232    4    8573    8117    7177    7196   4
    228   232    4    8573    8117    7178    7197   4
    520   232    4    7138    7157    7179    7198   4
    552   232    4    5200    7158    7182    7201   4
    556   232    4    7139    7159    7183    7202   4
    684   232    4    7142    7160    7184    7203   4
     40   236    4    7143    7161    7185    7206   4
     44   236    4    7144    7162    7186    5295   4
     48   236    4    7145    7163    7187    5297   4
     52   236    4    7146    7164    7188    7207   4
     56   236    4    7147    7165    7189    7208   4
     72   236    4    8110    7169    7190    7209   4
     76   236    4    8110    7170    7191    7210   4
     80   236    4    7149    7171    7192    7211   4
     92   236    4    7152    7172    7193    7214   4
    208   236    4    8115    7173    7194    7215   4
    212   236    4    8115    7174    7195    7216   4
    224   236    4    8117    7177    7196    7217   4
    228   236    4    8117    7178    7197    7218   4
    520   236    4    7157    7179    7198    7219   4
    524   236    4    5220    7180    7199    7220   4
    548   236    4    5224    7181    7200    7222   4
    552   236    4    7158    7182    7201    7223   4
    556   236    4    7159    7183    7202    7224   4
    684   236    4    7160    7184    7203    7225   4
     32   240    4    8108    8124    7204    7228   4
     36   240    4    8108    8124    7205    5346   4
     40   240    4    7161    7185    7206    5348   4
     52   240    4    7164    7188    7207    7229   4
     56   240    4    7165    7189    7208    7230   4
     72   240    4    7169    7190    7209    7234   4
     76   240    4    7170    7191    7210    7235   4
     80   240    4    7171    7192    7211    7236   4
     92   240    4    7172    7193    7214    7239   4
    208   240    4    7173    7194    7215    7240   4
    212   240    4    7174    7195    7216    7241   4
    224   240    4    7177    7196    7217    7244   4
    228   240    4    7178    7197    7218    7245   4
    520   240    4    7179    7198    7219    7246   4
    524   240    4    7180    7199    7220    7247   4
    548   240    4    7181    7200    7222    7253   4
    552   240    4    7182    7201    7223    7254   4
    556   240    4    7183    7202    7224    7255   4
    684   240    4    7184    7203    7225    5357   4
    688   240    4    8120    8133    7226    7256   4
    692   240    4    8120    8133    7227    7257   4
     32   244    4    8124    7204    7228    7258   4
     52   244    4    7188    7207    7229    7261   4
     56   244    4    7189    7208    7230    8150   4
     72   244    4    7190    7209    7234    8152   4
     76   244    4    7191    7210    7235    8152   4
     80   244    4    7192    7211    7236    8153   4
     84   244    4    5279    7212    7237    8153   4
     88   244    4    5281    7213    7238    8154   4
     92   244    4    7193    7214    7239    8154   4
    208   244    4    7194    7215    7240    8158   4
    212   244    4    7195    7216    7241    8158   4
    224   244    4    7196    7217    7244    8160   4
    228   244    4    7197    7218    7245    8160   4
    520   244    4    7198    7219    7246    8163   4
    524   244    4    7199    7220    7247    8163   4
    528   244    4    5286    7221    7248    8164   4
    548   244    4    7200    7222    7253    8166   4
    552   244    4    7201    7223    7254    7268   4
    556   244    4    7202    7224    7255    5375   4
    688   244    4    8133    7226    7256    7269   4
    692   244    4    8133    7227    7257    7270   4
     32   248    4    7204    7228    7258    7271   4
     52   248    4    7207    7229    7261    7274   4
     56   248    4    7208    7230    8150    8173   4
     60   248    4    5323    7231    8150    8173   4
     64   248    4    5325    7232    8151    8174   4
     68   248    4    5327    7233    8151    8174   4
     72   248    4    7209    7234    8152    7286   4
     76   248    4    7210    7235    8152    7287   4
     80   248    4    7211    7236    8153    7288   4
     84   248    4    7212    7237    8153    7289   4
     88   248    4    7213    7238    8154    7290   4
     92   248    4    7214    7239    8154    7291   4
     96   248    4    8125    8137    7262    7275   4
    100   248    4    8125    8137    7263    7276   4
    104   248    4    8126    8138    7264    5392   4
    108   248    4    8126    8138    7265    5394   4
    112   248    4    8127    8139    7266    7277   4
    116   248    4    8127    8139    7267    7278   4
    208   248    4    7215    7240    8158    8610   4
    212   248    4    7216    7241    8158    8610   4
    216   248    4    5329    7242    8159    8610   4
    220   248    4    5331    7243    8159    8610   4
    224   248    4    7217    7244    8160    8611   4
    228   248    4    7218    7245    8160    8611   4
    520   248    4    7219    7246    8163    8615   4
    524   248    4    7220    7247    8163    8615   4
    528   248    4    7221    7248    8164    8616   4
    532   248    4    5333    7249    8164    8616   4
    536   248    4    5335    7250    8165    8616   4
    540   248    4    5337    7251    8165    8616   4
    544   248    4    5339    7252    8166    8176   4
    548   248    4    7222    7253    8166    8176   4
    552   248    4    7223    7254    7268    7279   4
    688   248    4    7226    7256    7269    7280   4
    692   248    4    7227    7257    7270    7281   4
     32   252    4    7228    7258    7271    7282   4
     44   252    4    5362    7259    7272    7285   4
     48   252    4    5364    7260    7273    8172   4
     52   252    4    7229    7261    7274    8172   4
     96   252    4    8137    7262    7275    7292   4
    100   252    4    8137    7263    7276    7293   4
    112   252    4    8139    7266    7277    7294   4
    116   252    4    8139    7267    7278    7295   4
    552   252    4    7254    7268    7279    7296   4
    688   252    4    7256    7269    7280    5418   4
    692   252    4    7257    7270    7281    7298   4
     32   256    4    7258    7271    7282    7301   4
     44   256    4    7259    7272    7285    7304   4
     48   256    4    7260    7273    8172    8183   4
     52   256    4    7261    7274    8172    8183   4
     72   256    4    7234    8152    7286    7305   4
     76   256    4    7235    8152    7287    7306   4
     80   256    4    7236    8153    7288    7307   4
     84   256    4    7237    8153    7289    7308   4
     88   256    4    7238    8154    7290    7309   4
     92   256    4    7239    8154    7291    7310   4
     96   256    4    7262    7275    7292    7311   4
    100   256    4    7263    7276    7293    7312   4
    112   256    4    7266    7277    7294    7315   4
    116   256    4    7267    7278    7295    7316   4
    552   256    4    7268    7279    7296    7317   4
    692   256    4    7270    7281    7298    5431   4
    696   256    4    8145    8167    7299    7319   4
    700   256    4    8145    8167    7300    7320   4
     32   260    4    7271    7282    7301    8181   4
     36   260    4    5400    7283    7302    8181   4
     40   260    4    5402    7284    7303    8182   4
     44   260    4    7272    7285    7304    8182   4
     72   260    4    8152    7286    7305    7321   4
     76   260    4    8152    7287    7306    7322   4
     80   260    4    8153    7288    7307    5438   4
     84   260    4    8153    7289    7308    5440   4
     88   260    4    8154    7290    7309    7323   4
     92   260    4    8154    7291    7310    7324   4
     96   260    4    7275    7292    7311    8186   4
    100   260    4    7276    7293    7312    8186   4
    112   260    4    7277    7294    7315    8188   4
    116   260    4    7278    7295    7316    8188   4
    552   260    4    7279    7296    7317    7325   4
    556   260    4    5408    7297    7318    7326   4
    696   260    4    8167    7299    7319    7327   4
    700   260    4    8167    7300    7320    7328   4
     32   264    4    7282    7301    8181    7339   4
     36   264    4    7283    7302    8181    7340   4
     40   264    4    7284    7303    8182    7341   4
     44   264    4    7285    7304    8182    7342   4
     72   264    4    7286    7305    7321    7329   4
     76   264    4    7287    7306    7322    7330   4
     88   264    4    7290    7309    7323    7331   4
     92   264    4    7291    7310    7324    7332   4
     96   264    4    7292    7311    8186    8197   4
    100   264    4    7293    7312    8186    8197   4
    104   264    4    5420    7313    8187    8198   4
    108   264    4    5422    7314    8187    8198   4
    112   264    4    7294    7315    8188    8619   4
    116   264    4    7295    7316    8188    8619   4
    552   264    4    7296    7317    7325    7333   4
    556   264    4    7297    7318    7326    7334   4
    696   264    4    7299    7319    7327    7335   4
    700   264    4    7300    7320    7328    7336   4
     72   268    4    7305    7321    7329    7343   4
     76   268    4    7306    7322    7330    5470   4
     88   268    4    7309    7323    7331    7345   4
     92   268    4    7310    7324    7332    7346   4
    552   268    4    7317    7325    7333    7347   4
    556   268    4    7318    7326    7334    7348   4
    696   268    4    7319    7327    7335    5477   4
    700   268    4    7320    7328    7336    7350   4
     24   272    4    8171    8180    7337    7351   4
     28   272    4    8171    8180    7338    7352   4
     32   272    4    7301    8181    7339    7353   4
     36   272    4    7302    8181    7340    7354   4
     40   272    4    7303    8182    7341    7355   4
     44   272    4    7304    8182    7342    7356   4
     72   272    4    7321    7329    7343    7357   4
     88   272    4    7323    7331    7345    7359   4
     92   272    4    7324    7332    7346    7360   4
    552   272    4    7325    7333    7347    7361   4
    556   272    4    7326    7334    7348    7362   4
    700   272    4    7328    7336    7350    7365   4
     24   276    4    8180    7337    7351    7366   4
     28   276    4    8180    7338    7352    5502   4
     32   276    4    8181    7339    7353    5504   4
     36   276    4    8181    7340    7354    5506   4
     40   276    4    8182    7341    7355    7367   4
     44   276    4    8182    7342    7356    7368   4
     72   276    4    7329    7343    7357    7369   4
     84   276    4    5463    7344    7358    7372   4
     88   276    4    7331    7345    7359    8206   4
     92   276    4    7332    7346    7360    8206   4
    552   276    4    7333    7347    7361    8210   4
    556   276    4    7334    7348    7362    8210   4
    560   276    4    5465    7349    7363    7373   4
    700   276    4    7336    7350    7365    7375   4
     24   280    4    7337    7351    7366    7376   4
     40   280    4    7341    7355    7367    7377   4
     44   280    4    7342    7356    7368    7378   4
     72   280    4    7343    7357    7369    7379   4
     84   280    4    7344    7358    7372    7382   4
     88   280    4    7345    7359    8206    8219   4
     92   280    4    7346    7360    8206    8219   4
    552   280    4    7347    7361    8210    8221   4
    556   280    4    7348    7362    8210    8221   4
    560   280    4    7349    7363    7373    7383   4
    564   280    4    5483    7364    7374    5523   4
    700   280    4    7350    7365    7375    7384   4
     24   284    4    7351    7366    7376    7385   4
     40   284    4    7355    7367    7377    7389   4
     44   284    4    7356    7368    7378    7390   4
     72   284    4    7357    7369    7379    8217   4
     76   284    4    5495    7370    7380    8217   4
     80   284    4    5497    7371    7381    8218   4
     84   284    4    7358    7372    7382    8218   4
    560   284    4    7363    7373    7383    7391   4
    700   284    4    7365    7375    7384    7393   4
     24   288    4    7366    7376    7385    7394   4
     40   288    4    7367    7377    7389    7398   4
     44   288    4    7368    7378    7390    7399   4
     72   288    4    7369    7379    8217    8231   4
     76   288    4    7370    7380    8217    8231   4
     80   288    4    7371    7381    8218    8232   4
     84   288    4    7372    7382    8218    8232   4
    560   288    4    7373    7383    7391    7400   4
    700   288    4    7375    7384    7393    7402   4
     24   292    4    7376    7385    7394    8225   4
     28   292    4    5530    7386    7395    8225   4
     32   292    4    5532    7387    7396    8226   4
     36   292    4    5534    7388    7397    8226   4
     40   292    4    7377    7389    7398    8227   4
     44   292    4    7378    7390    7399    8227   4
    560   292    4    7383    7391    7400    7403   4
    696   292    4    5542    7392    7401    7404   4
    700   292    4    7384    7393    7402    7405   4
     24   296    4    7385    7394    8225    8640   4
     28   296    4    7386    7395    8225    8640   4
     32   296    4    7387    7396    8226    8641   4
     36   296    4    7388    7397    8226    8641   4
     40   296    4    7389    7398    8227    8641   4
     44   296    4    7390    7399    8227    8641   4
    560   296    4    7391    7400    7403    7406   4
    696   296    4    7392    7401    7404    7411   4
    700   296    4    7393    7402    7405    7412   4
    560   300    4    7400    7403    7406    7415   4
    696   300    4    7401    7404    7411    8240   4
    700   300    4    7402    7405    7412    8240   4
    552   304    4    8221    8235    7413    7418   4
    556   304    4    8221    8235    7414    7419   4
    560   304    4    7403    7406    7415    5593   4
    684   304    4    5572    7408    7417    7421   4
    688   304    4    5574    7409    8239    8244   4
    692   304    4    5576    7410    8239    8244   4
    696   304    4    7404    7411    8240    8245   4
    700   304    4    7405    7412    8240    8245   4
    552   308    4    8235    7413    7418    7422   4
    556   308    4    8235    7414    7419    7423   4
    680   308    4    5584    7416    7420    7424   4
    684   308    4    7408    7417    7421    7425   4
    552   312    4    7413    7418    7422    7426   4
    556   312    4    7414    7419    7423    7427   4
    680   312    4    7416    7420    7424    7428   4
    684   312    4    7417    7421    7425    7429   4
    552   316    4    7418    7422    7426    7430   4
    556   316    4    7419    7423    7427    7431   4
    680   316    4    7420    7424    7428    7433   4
    684   316    4    7421    7425    7429    7434   4
    552   320    4    7422    7426    7430    7435   4
    556   320    4    7423    7427    7431    7436   4
    680   320    4    7424    7428    7433    7438   4
    684   320    4    7425    7429    7434    7439   4
    552   324    4    7426    7430    7435    8252   4
    556   324    4    7427    7431    7436    8252   4
    560   324    4    5615    7432    7437    7440   4
    680   324    4    7428    7433    7438    7442   4
    684   324    4    7429    7434    7439    7443   4
    552   328    4    7430    7435    8252    8256   4
    556   328    4    7431    7436    8252    8256   4
    560   328    4    7432    7437    7440    7444   4
    680   328    4    7433    7438    7442    7446   4
    684   328    4    7434    7439    7443    7447   4
    560   332    4    7437    7440    7444    7448   4
    564   332    4    5637    7441    7445    7449   4
    680   332    4    7438    7442    7446    7450   4
    684   332    4    7439    7443    7447    7451   4
    560   336    4    7440    7444    7448    7452   4
    564   336    4    7441    7445    7449    7453   4
    680   336    4    7442    7446    7450    7454   4
    684   336    4    7443    7447    7451    7455   4
    560   340    4    7444    7448    7452    7456   4
    564   340    4    7445    7449    7453    7457   4
    680   340    4    7446    7450    7454    5676   4
    684   340    4    7447    7451    7455    7458   4
    560   344    4    7448    7452    7456    7461   4
    564   344    4    7449    7453    7457    7462   4
    684   344    4    7451    7455    7458    5686   4
    688   344    4    8253    8257    7459    7464   4
    692   344    4    8253    8257    7460    7465   4
    560   348    4    7452    7456    7461    8264   4
    564   348    4    7453    7457    7462    8264   4
    688   348    4    8257    7459    7464    7467   4
    692   348    4    8257    7460    7465    7468   4
    560   352    4    7456    7461    8264    8268   4
    564   352    4    7457    7462    8264    8268   4
    568   352    4    5678    7463    7466    7469   4
    688   352    4    7459    7464    7467    7473   4
    692   352    4    7460    7465    7468    7474   4
    568   356    4    7463    7466    7469    7475   4
    688   356    4    7464    7467    7473    7483   4
    692   356    4    7465    7468    7474    7484   4
    568   360    4    7466    7469    7475    7485   4
    572   360    4    5696    7470    7476    7486   4
    656   360    4    5700    7471    7480    7492   4
    660   360    4    5702    7472    7481    7493   4
    688   360    4    7467    7473    7483    7496   4
    692   360    4    7468    7474    7484    7497   4
    568   364    4    7469    7475    7485    7498   4
    572   364    4    7470    7476    7486    7499   4
    644   364    4    5719    7477    7489    8271   4
    648   364    4    5721    7478    7490    8272   4
    652   364    4    5723    7479    7491    8272   4
    656   364    4    7471    7480    7492    8273   4
    660   364    4    7472    7481    7493    8273   4
    664   364    4    5725    7482    7494    7503   4
    688   364    4    7473    7483    7496    8274   4
    692   364    4    7474    7484    7497    8274   4
    568   368    4    7475    7485    7498    7505   4
    572   368    4    7476    7486    7499    7506   4
    636   368    4    5740    7487    7502    7513   4
    640   368    4    5742    7488    8271    8279   4
    644   368    4    7477    7489    8271    8279   4
    648   368    4    7478    7490    8272    7529   4
    652   368    4    7479    7491    8272    7530   4
    656   368    4    7480    7492    8273    7531   4
    660   368    4    7481    7493    8273    7532   4
    664   368    4    7482    7494    7503    7514   4
    684   368    4    5748    7495    7504    7517   4
    688   368    4    7483    7496    8274    8281   4
    692   368    4    7484    7497    8274    8281   4
    568   372    4    7485    7498    7505    8277   4
    572   372    4    7486    7499    7506    8277   4
    628   372    4    5759    7500    7511    7526   4
    632   372    4    5761    7501    7512    7527   4
    636   372    4    7487    7502    7513    7528   4
    664   372    4    7494    7503    7514    7533   4
    684   372    4    7495    7504    7517    8280   4
    568   376    4    7498    7505    8277    8688   4
    572   376    4    7499    7506    8277    8688   4
    576   376    4    5778    7507    8278    8287   4
    580   376    4    5780    7508    8278    8287   4
    584   376    4    5782    7509    7518    7537   4
    624   376    4    5788    7510    7525    7547   4
    628   376    4    7500    7511    7526    7548   4
    632   376    4    7501    7512    7527    7549   4
    636   376    4    7502    7513    7528    7550   4
    648   376    4    7490    8272    7529    7551   4
    652   376    4    7491    8272    7530    5839   4
    656   376    4    7492    8273    7531    5841   4
    660   376    4    7493    8273    7532    7552   4
    664   376    4    7503    7514    7533    7553   4
    676   376    4    5792    7515    7536    7556   4
    680   376    4    5794    7516    8280    8293   4
    684   376    4    7504    7517    8280    8293   4
    584   380    4    7509    7518    7537    8288   4
    600   380    4    5811    7519    7541    8290   4
    604   380    4    5813    7520    7542    8290   4
    608   380    4    5815    7521    7543    7557   4
    612   380    4    5817    7522    7544    7558   4
    616   380    4    5819    7523    7545    5847   4
    620   380    4    5821    7524    7546    5849   4
    624   380    4    7510    7525    7547    5851   4
    628   380    4    7511    7526    7548    5853   4
    632   380    4    7512    7527    7549    5855   4
    636   380    4    7513    7528    7550    7559   4
    648   380    4    8272    7529    7551    7560   4
    660   380    4    8273    7532    7552    5859   4
    664   380    4    7514    7533    7553    7561   4
    668   380    4    5823    7534    7554    7562   4
    672   380    4    5825    7535    7555    8292   4
    676   380    4    7515    7536    7556    8292   4
    584   384    4    7518    7537    8288    8301   4
    588   384    4    5833    7538    8288    8301   4
    592   384    4    5835    7539    8289    8302   4
    596   384    4    5837    7540    8289    8302   4
    600   384    4    7519    7541    8290    8303   4
    604   384    4    7520    7542    8290    8303   4
    608   384    4    7521    7543    7557    7563   4
    612   384    4    7522    7544    7558    7564   4
    636   384    4    7528    7550    7559    7565   4
    648   384    4    7529    7551    7560    7566   4
    664   384    4    7533    7553    7561    5875   4
    668   384    4    7534    7554    7562    7567   4
    672   384    4    7535    7555    8292    7574   4
    676   384    4    7536    7556    8292    7575   4
    608   388    4    7543    7557    7563    7568   4
    612   388    4    7544    7558    7564    7569   4
    636   388    4    7550    7559    7565    7571   4
    648   388    4    7551    7560    7566    7572   4
    668   388    4    7554    7562    7567    7573   4
    608   392    4    7557    7563    7568    7578   4
    612   392    4    7558    7564    7569    5913   4
    636   392    4    7559    7565    7571    7582   4
    648   392    4    7560    7566    7572    7583   4
    668   392    4    7562    7567    7573    7584   4
    672   392    4    7555    8292    7574    5924   4
    676   392    4    7556    8292    7575    5926   4
    680   392    4    8280    8293    7576    7585   4
    684   392    4    8280    8293    7577    7586   4
    608   396    4    7563    7568    7578    7591   4
    632   396    4    5883    7570    7581    7594   4
    636   396    4    7565    7571    7582    7595   4
    648   396    4    7566    7572    7583    7598   4
    668   396    4    7567    7573    7584    7603   4
    680   396    4    8293    7576    7585    7604   4
    684   396    4    8293    7577    7586    7605   4
     56   400    4    8284    8297    7587    7606   4
     60   400    4    8284    8297    7588    7607   4
     64   400    4    8285    8298    7589    7608   4
     68   400    4    8285    8298    7590    7609   4
    608   400    4    7568    7578    7591    7610   4
    624   400    4    5905    7579    7592    7611   4
    628   400    4    5907    7580    7593    7612   4
    632   400    4    7570    7581    7594    7613   4
    636   400    4    7571    7582    7595    7614   4
    640   400    4    8291    8304    7596    7615   4
    644   400    4    8291    8304    7597    7616   4
    648   400    4    7572    7583    7598    7617   4
    668   400    4    7573    7584    7603    7622   4
    680   400    4    7576    7585    7604    7625   4
    684   400    4    7577    7586    7605    7626   4
     56   404    4    8297    7587    7606    7627   4
     60   404    4    8297    7588    7607    5967   4
     64   404    4    8298    7589    7608    5969   4
     68   404    4    8298    7590    7609    7628   4
    608   404    4    7578    7591    7610    7629   4
    624   404    4    7579    7592    7611    5977   4
    628   404    4    7580    7593    7612    5979   4
    632   404    4    7581    7594    7613    5981   4
    636   404    4    7582    7595    7614    5983   4
    640   404    4    8304    7596    7615    7630   4
    644   404    4    8304    7597    7616    7631   4
    648   404    4    7583    7598    7617    8321   4
    652   404    4    5932    7599    7618    8321   4
    656   404    4    5934    7600    7619    8322   4
    660   404    4    5936    7601    7620    8322   4
    664   404    4    5938    7602    7621    8323   4
    668   404    4    7584    7603    7622    8323   4
    680   404    4    7585    7604    7625    8325   4
    684   404    4    7586    7605    7626    8325   4
     56   408    4    7587    7606    7627    7632   4
     68   408    4    7590    7609    7628    7633   4
    608   408    4    7591    7610    7629    7634   4
    640   408    4    7596    7615    7630    7638   4
    644   408    4    7597    7616    7631    7639   4
    648   408    4    7598    7617    8321    7649   4
    652   408    4    7599    7618    8321    7650   4
    656   408    4    7600    7619    8322    7651   4
    660   408    4    7601    7620    8322    7652   4
    664   408    4    7602    7621    8323    7653   4
    668   408    4    7603    7622    8323    7654   4
    672   408    4    5955    7623    8324    8336   4
    676   408    4    5957    7624    8324    8336   4
    680   408    4    7604    7625    8325    8337   4
    684   408    4    7605    7626    8325    8337   4
     56   412    4    7606    7627    7632    7642   4
     68   412    4    7609    7628    7633    7645   4
    608   412    4    7610    7629    7634    8335   4
    640   412    4    7615    7630    7638    7647   4
    644   412    4    7616    7631    7639    7648   4
      0   416    4    8307    8315    7640    7655   4
      4   416    4    8307    8315    7641    7656   4
     56   416    4    7627    7632    7642    7657   4
     68   416    4    7628    7633    7645    7660   4
    608   416    4    7629    7634    8335    8346   4
    612   416    4    5988    7635    8335    8346   4
    616   416    4    5990    7636    7646    7661   4
    640   416    4    7630    7638    7647    7662   4
    644   416    4    7631    7639    7648    7663   4
    648   416    4    7617    8321    7649    7664   4
    652   416    4    7618    8321    7650    7665   4
    656   416    4    7619    8322    7651    6031   4
    660   416    4    7620    8322    7652    6033   4
    664   416    4    7621    8323    7653    6035   4
    668   416    4    7622    8323    7654    7666   4
      0   420    4    8315    7640    7655    7667   4
      4   420    4    8315    7641    7656    7668   4
     56   420    4    7632    7642    7657    8341   4
     60   420    4    6009    7643    7658    8341   4
     64   420    4    6011    7644    7659    8342   4
     68   420    4    7633    7645    7660    8342   4
    616   420    4    7636    7646    7661    7671   4
    640   420    4    7638    7647    7662    7675   4
    644   420    4    7639    7648    7663    7676   4
    648   420    4    8321    7649    7664    7677   4
    652   420    4    8321    7650    7665    7678   4
    668   420    4    8323    7654    7666    7679   4
      0   424    4    7640    7655    7667    6066   4
      4   424    4    7641    7656    7668    7680   4
      8   424    4    8316    8328    7669    7681   4
     12   424    4    8316    8328    7670    7682   4
     56   424    4    7642    7657    8341    8706   4
     60   424    4    7643    7658    8341    8706   4
     64   424    4    7644    7659    8342    8707   4
     68   424    4    7645    7660    8342    8707   4
    616   424    4    7646    7661    7671    7683   4
    640   424    4    7647    7662    7675    7689   4
    644   424    4    7648    7663    7676    7690   4
    648   424    4    7649    7664    7677    7691   4
    652   424    4    7650    7665    7678    7692   4
    668   424    4    7654    7666    7679    7693   4
      4   428    4    7656    7668    7680    6077   4
      8   428    4    8328    7669    7681    6079   4
     12   428    4    8328    7670    7682    7694   4
    616   428    4    7661    7671    7683    8352   4
    620   428    4    6037    7672    7684    8352   4
    624   428    4    6039    7673    7685    8353   4
    628   428    4    6041    7674    7686    8353   4
    640   428    4    7662    7675    7689    8355   4
    644   428    4    7663    7676    7690    8355   4
    648   428    4    7664    7677    7691    7695   4
    652   428    4    7665    7678    7692    7696   4
    668   428    4    7666    7679    7693    7697   4
     12   432    4    7670    7682    7694    7698   4
    616   432    4    7671    7683    8352    8363   4
    620   432    4    7672    7684    8352    8363   4
    624   432    4    7673    7685    8353    8364   4
    628   432    4    7674    7686    8353    8364   4
    632   432    4    6060    7687    8354    8365   4
    636   432    4    6062    7688    8354    8365   4
    640   432    4    7675    7689    8355    8366   4
    644   432    4    7676    7690    8355    8366   4
    648   432    4    7677    7691    7695    7699   4
    652   432    4    7678    7692    7696    7700   4
    668   432    4    7679    7693    7697    7704   4
     12   436    4    7682    7694    7698    7706   4
    648   436    4    7691    7695    7699    8367   4
    652   436    4    7692    7696    7700    8367   4
    668   436    4    7693    7697    7704    7708   4
     12   440    4    7694    7698    7706    7712   4
    648   440    4    7695    7699    8367    8377   4
    652   440    4    7696    7700    8367    8377   4
    656   440    4    6089    7701    8368    8378   4
    660   440    4    6091    7702    8368    8378   4
    664   440    4    6093    7703    7707    7713   4
    668   440    4    7697    7704    7708    7714   4
    672   440    4    8347    8356    7709    7715   4
    676   440    4    8347    8356    7710    7716   4
      8   444    4    6098    7705    7711    7717   4
     12   444    4    7698    7706    7712    7718   4
    664   444    4    7703    7707    7713    7719   4
    668   444    4    7704    7708    7714    6107   4
    672   444    4    8356    7709    7715    6109   4
    676   444    4    8356    7710    7716    7720   4
      8   448    4    7705    7711    7717    7723   4
     12   448    4    7706    7712    7718    7724   4
    664   448    4    7707    7713    7719    7725   4
    676   448    4    7710    7716    7720    6123   4
    680   448    4    8357    8369    7721    7726   4
    684   448    4    8357    8369    7722    7727   4
      8   452    4    7711    7717    7723    7729   4
     12   452    4    7712    7718    7724    7730   4
    664   452    4    7713    7719    7725    7731   4
    680   452    4    8369    7721    7726    7732   4
    684   452    4    8369    7722    7727    7733   4
      8   456    4    7717    7723    7729    7736   4
     12   456    4    7718    7724    7730    7737   4
    664   456    4    7719    7725    7731    7738   4
    680   456    4    7721    7726    7732    7742   4
    684   456    4    7722    7727    7733    7743   4
      4   460    4    6126    7728    7735    8390   4
      8   460    4    7723    7729    7736    8391   4
     12   460    4    7724    7730    7737    8391   4
    664   460    4    7725    7731    7738    7750   4
    680   460    4    7726    7732    7742    8397   4
    684   460    4    7727    7733    7743    8397   4
      0   464    4    6139    7734    8390    8400   4
      4   464    4    7728    7735    8390    8400   4
      8   464    4    7729    7736    8391    8401   4
     12   464    4    7730    7737    8391    8401   4
    640   464    4    8376    8385    7744    7752   4
    644   464    4    8376    8385    7745    7753   4
    648   464    4    8377    8386    7746    7754   4
    652   464    4    8377    8386    7747    6147   4
    656   464    4    8378    8387    7748    6149   4
    660   464    4    8378    8387    7749    7755   4
    664   464    4    7731    7738    7750    7756   4
    668   464    4    6141    7739    7751    7757   4
    672   464    4    6143    7740    8396    7762   4
    676   464    4    6145    7741    8396    7763   4
    680   464    4    7732    7742    8397    8406   4
    684   464    4    7733    7743    8397    8406   4
    640   468    4    8385    7744    7752    7758   4
    644   468    4    8385    7745    7753    7759   4
    648   468    4    8386    7746    7754    6155   4
    660   468    4    8387    7749    7755    6159   4
    664   468    4    7738    7750    7756    7760   4
    668   468    4    7739    7751    7757    7761   4
    640   472    4    7744    7752    7758    7764   4
    644   472    4    7745    7753    7759    7765   4
    664   472    4    7750    7756    7760    6169   4
    668   472    4    7751    7757    7761    7766   4
    672   472    4    7740    8396    7762    7767   4
    676   472    4    7741    8396    7763    7768   4
    640   476    4    7752    7758    7764    7769   4
    644   476    4    7753    7759    7765    7770   4
    668   476    4    7757    7761    7766    6181   4
    672   476    4    8396    7762    7767    7773   4
    676   476    4    8396    7763    7768    7774   4
    640   480    4    7758    7764    7769    7775   4
    644   480    4    7759    7765    7770    7776   4
    672   480    4    7762    7767    7773    7779   4
    676   480    4    7763    7768    7774    7780   4
    640   484    4    7764    7769    7775    7785   4
    644   484    4    7765    7770    7776    7786   4
    648   484    4    6171    7771    7777    7787   4
    652   484    4    6173    7772    7778    7788   4
    672   484    4    7767    7773    7779    7793   4
    676   484    4    7768    7774    7780    7794   4
    344   488    4    8727    8410    7781    7795   4
    348   488    4    8727    8410    7782    6200   4
    352   488    4    8728    8411    7783    6202   4
    356   488    4    8728    8411    7784    7796   4
    640   488    4    7769    7775    7785    7797   4
    644   488    4    7770    7776    7786    7798   4
    648   488    4    7771    7777    7787    6204   4
    652   488    4    7772    7778    7788    6206   4
    672   488    4    7773    7779    7793    7803   4
    676   488    4    7774    7780    7794    7804   4
    344   492    4    8410    7781    7795    7805   4
    356   492    4    8411    7784    7796    7806   4
    640   492    4    7775    7785    7797    7807   4
    644   492    4    7776    7786    7798    7808   4
    656   492    4    6192    7789    7799    6221   4
    660   492    4    6194    7790    7800    6223   4
    664   492    4    6196    7791    7801    7809   4
    668   492    4    6198    7792    7802    7810   4
    672   492    4    7779    7793    7803    8425   4
    676   492    4    7780    7794    7804    8425   4
    344   496    4    7781    7795    7805    7811   4
    356   496    4    7784    7796    7806    7812   4
    640   496    4    7785    7797    7807    7813   4
    644   496    4    7786    7798    7808    7814   4
    664   496    4    7791    7801    7809    7815   4
    668   496    4    7792    7802    7810    7816   4
    672   496    4    7793    7803    8425    8431   4
    676   496    4    7794    7804    8425    8431   4
    344   500    4    7795    7805    7811    7817   4
    356   500    4    7796    7806    7812    7818   4
    640   500    4    7797    7807    7813    7819   4
    644   500    4    7798    7808    7814    7820   4
    664   500    4    7801    7809    7815    7822   4
    668   500    4    7802    7810    7816    7823   4
    344   504    4    7805    7811    7817    7824   4
    356   504    4    7806    7812    7818    7827   4
    640   504    4    7807    7813    7819    7828   4
    644   504    4    7808    7814    7820    7829   4
    664   504    4    7809    7815    7822    7831   4
    668   504    4    7810    7816    7823    7832   4
    344   508    4    7811    7817    7824      -2   4
    356   508    4    7812    7818    7827      -2   4
    640   508    4    7813    7819    7828      -2   4
    644   508    4    7814    7820    7829      -2   4
    664   508    4    7815    7822    7831      -2   4
    668   508    4    7816    7823    7832      -2   4
    344   512    4    7817    7824      -2      -2   4
    348   512    4    6257    7825      -2      -2   4
    352   512    4    6259    7826      -2      -2   4
    356   512    4    7818    7827      -2      -2   4
    640   512    4    7819    7828      -2      -2   4
    644   512    4    7820    7829      -2      -2   4
    648   512    4    6261    7830      -2      -2   4
    664   512    4    7822    7831      -2      -2   4
    668   512    4    7823    7832      -2      -2   4
    512     0    8      -3      -3    7833    7841   8
    520     0    8      -3      -3    7834    7842   8
    576     0    8      -3      -3    7835    6330   8
    584     0    8      -3      -3    7836    6332   8
    712     0    8      -3      -3    7837    7848   8
    720     0    8      -3      -3    7838    7849   8
    880     0    8      -3      -3    7839    7851   8
    888     0    8      -3      -3    7840    7852   8
    512     8    8      -3    7833    7841    8451   8
    520     8    8      -3    7834    7842    8451   8
    712     8    8      -3    7837    7848    7858   8
    720     8    8      -3    7838    7849    7859   8
    880     8    8      -3    7839    7851    8453   8
    888     8    8      -3    7840    7852    8453   8
    512    16    8    7833    7841    8451    8456   8
    520    16    8    7834    7842    8451    8456   8
    528    16    8    6300    7843    8452    8457   8
    536    16    8    6302    7844    8452    8457   8
    544    16    8    6304    7845    7853    7862   8
    552    16    8    6306    7846    7854    7863   8
    648    16    8    6315    7847    7855    6440   8
    712    16    8    7837    7848    7858    6445   8
    720    16    8    7838    7849    7859    6447   8
    872    16    8    6324    7850    7861    7878   8
    880    16    8    7839    7851    8453    8462   8
    888    16    8    7840    7852    8453    8462   8
    544    24    8    7845    7853    7862    7879   8
    552    24    8    7846    7854    7863    7880   8
    696    24    8    6354    7856    7868    7885   8
    704    24    8    6356    7857    7869    6477   8
    864    24    8    6367    7860    7877    8461   8
    872    24    8    7850    7861    7878    8461   8
    544    32    8    7853    7862    7879    7887   8
    552    32    8    7854    7863    7880    7888   8
    560    32    8    6395    7864    7881    7889   8
    568    32    8    6397    7865    7882    6497   8
    680    32    8    6407    7866    7883    7890   8
    688    32    8    6409    7867    7884    6508   8
    696    32    8    7856    7868    7885    6510   8
    808    32    8    6421    7870    7886    7891   8
    816    32    8    6423    7871    8458    7894   8
    824    32    8    6425    7872    8458    7895   8
    832    32    8    6427    7873    8459    8465   8
    840    32    8    6429    7874    8459    8465   8
    848    32    8    6431    7875    8460    8466   8
    856    32    8    6433    7876    8460    8466   8
    864    32    8    7860    7877    8461    8467   8
    872    32    8    7861    7878    8461    8467   8
    544    40    8    7862    7879    7887    7892   8
    552    40    8    7863    7880    7888    6530   8
    560    40    8    7864    7881    7889    6532   8
    680    40    8    7866    7883    7890    6540   8
    808    40    8    7870    7886    7891    7893   8
    544    48    8    7879    7887    7892    7896   8
    808    48    8    7886    7891    7893    6589   8
    816    48    8    7871    8458    7894    7897   8
    824    48    8    7872    8458    7895    7898   8
    544    56    8    7887    7892    7896    7901   8
    816    56    8    8458    7894    7897    7902   8
    824    56    8    8458    7895    7898    7903   8
    528    64    8    8457    8464    7899    7904   8
    536    64    8    8457    8464    7900    7905   8
    544    64    8    7892    7896    7901    6650   8
    816    64    8    7894    7897    7902    7907   8
    824    64    8    7895    7898    7903    7908   8
    528    72    8    8464    7899    7904    7909   8
    536    72    8    8464    7900    7905    6683   8
    816    72    8    7897    7902    7907    7910   8
    824    72    8    7898    7903    7908    7911   8
    528    80    8    7899    7904    7909    7912   8
    816    80    8    7902    7907    7910    7913   8
    824    80    8    7903    7908    7911    7914   8
    528    88    8    7904    7909    7912    7915   8
    816    88    8    7907    7910    7913    7917   8
    824    88    8    7908    7911    7914    7918   8
    528    96    8    7909    7912    7915    7919   8
    816    96    8    7910    7913    7917    7927   8
    824    96    8    7911    7914    7918    7928   8
    528   104    8    7912    7915    7919    7929   8
    560   104    8    6714    7916    7923    6783   8
    816   104    8    7913    7917    7927    8479   8
    824   104    8    7914    7918    7928    8479   8
    528   112    8    7915    7919    7929    7943   8
    536   112    8    6731    7920    7930    7944   8
    544   112    8    6733    7921    7931    7945   8
    552   112    8    6735    7922    7932    7946   8
    760   112    8    6741    7924    7936    7950   8
    768   112    8    6743    7925    7937    7951   8
    808   112    8    6748    7926    7942    7956   8
    816   112    8    7917    7927    8479    8495   8
    824   112    8    7918    7928    8479    8495   8
    528   120    8    7919    7929    7943    7957   8
    536   120    8    7920    7930    7944    7958   8
    544   120    8    7921    7931    7945    6837   8
    552   120    8    7922    7932    7946    6839   8
    736   120    8    6769    7933    7947    7959   8
    744   120    8    6771    7934    7948    7960   8
    752   120    8    6773    7935    7949    8491   8
    760   120    8    7924    7936    7950    8491   8
    768   120    8    7925    7937    7951    8492   8
    776   120    8    6775    7938    7952    8492   8
    784   120    8    6777    7939    7953    8493   8
    792   120    8    6779    7940    7954    8493   8
    800   120    8    6781    7941    7955    8494   8
    808   120    8    7926    7942    7956    8494   8
    528   128    8    7929    7943    7957    7961   8
    536   128    8    7930    7944    7958    6887   8
    736   128    8    7933    7947    7959    7966   8
    744   128    8    7934    7948    7960    7967   8
    752   128    8    7935    7949    8491    8504   8
    760   128    8    7936    7950    8491    8504   8
    768   128    8    7937    7951    8492    8505   8
    776   128    8    7938    7952    8492    8505   8
    784   128    8    7939    7953    8493    8506   8
    792   128    8    7940    7954    8493    8506   8
    800   128    8    7941    7955    8494    8507   8
    808   128    8    7942    7956    8494    8507   8
    528   136    8    7943    7957    7961    7974   8
    736   136    8    7947    7959    7966    8503   8
    744   136    8    7948    7960    7967    8503   8
    384   144    8    8789    8484    7968    7977   8
    392   144    8    8789    8484    7969    7978   8
    400   144    8    8789    8485    7970    6918   8
    408   144    8    8789    8485    7971    6920   8
    416   144    8    8790    8486    7972    6922   8
    424   144    8    8790    8486    7973    7979   8
    528   144    8    7957    7961    7974    7980   8
    704   144    8    6879    7962    7975    7983   8
    712   144    8    6881    7963    7976    7984   8
    720   144    8    6883    7964    8502    8529   8
    728   144    8    6885    7965    8502    8529   8
    736   144    8    7959    7966    8503    8815   8
    744   144    8    7960    7967    8503    8815   8
    384   152    8    8484    7968    7977    7985   8
    392   152    8    8484    7969    7978    7986   8
    424   152    8    8486    7973    7979    7987   8
    528   152    8    7961    7974    7980    7990   8
    704   152    8    7962    7975    7983    8528   8
    712   152    8    7963    7976    7984    8528   8
    384   160    8    7968    7977    7985    7994   8
    392   160    8    7969    7978    7986    7995   8
    424   160    8    7973    7979    7987    7996   8
    512   160    8    8490    8501    7988    7997   8
    520   160    8    8490    8501    7989    7998   8
    528   160    8    7974    7980    7990    6966   8
    688   160    8    6914    7981    7992    8005   8
    696   160    8    6916    7982    7993    8006   8
    704   160    8    7975    7983    8528    8548   8
    712   160    8    7976    7984    8528    8548   8
    384   168    8    7977    7985    7994    8013   8
    392   168    8    7978    7986    7995    8014   8
    424   168    8    7979    7987    7996    8015   8
    512   168    8    8501    7988    7997    8016   8
    520   168    8    8501    7989    7998    8017   8
    680   168    8    6938    7991    8004    8546   8
    688   168    8    7981    7992    8005    8547   8
    696   168    8    7982    7993    8006    8547   8
    160   176    8    8801    8519    8007    8021   8
    168   176    8    8801    8519    8008    8022   8
    176   176    8    8801    8520    8009    8023   8
    184   176    8    8801    8520    8010    8024   8
    192   176    8    8802    8521    8011    8025   8
    200   176    8    8802    8521    8012    8026   8
    384   176    8    7985    7994    8013    8027   8
    392   176    8    7986    7995    8014    8028   8
    424   176    8    7987    7996    8015    8032   8
    512   176    8    7988    7997    8016    8033   8
    520   176    8    7989    7998    8017    8034   8
    648   176    8    6956    8000    8018    8035   8
    656   176    8    6958    8001    8019    8036   8
    664   176    8    6960    8002    8020    8037   8
    672   176    8    6962    8003    8546    8056   8
    680   176    8    7991    8004    8546    8057   8
    688   176    8    7992    8005    8547    8565   8
    696   176    8    7993    8006    8547    8565   8
    160   184    8    8519    8007    8021    8050   8
    168   184    8    8519    8008    8022    7007   8
    176   184    8    8520    8009    8023    7009   8
    184   184    8    8520    8010    8024    7011   8
    192   184    8    8521    8011    8025    8051   8
    200   184    8    8521    8012    8026    8052   8
    384   184    8    7994    8013    8027    8559   8
    392   184    8    7995    8014    8028    8559   8
    424   184    8    7996    8015    8032    8561   8
    512   184    8    7997    8016    8033    8053   8
    520   184    8    7998    8017    8034    7013   8
    648   184    8    8000    8018    8035    7018   8
    656   184    8    8001    8019    8036    8054   8
    664   184    8    8002    8020    8037    8055   8
     32   192    8    8511    8532    8038    8058   8
     40   192    8    8511    8532    8039    8059   8
     48   192    8    8512    8533    8040    8060   8
     56   192    8    8512    8533    8041    8061   8
     64   192    8    8513    8534    8042    8062   8
     72   192    8    8513    8534    8043    8063   8
     80   192    8    8514    8535    8044    8064   8
     88   192    8    8514    8535    8045    8065   8
     96   192    8    8515    8536    8046    8066   8
    104   192    8    8515    8536    8047    8067   8
    112   192    8    8516    8537    8048    8068   8
    120   192    8    8516    8537    8049    8069   8
    160   192    8    8007    8021    8050    8070   8
    192   192    8    8011    8025    8051    8071   8
    200   192    8    8012    8026    8052    8072   8
    384   192    8    8013    8027    8559    8577   8
    392   192    8    8014    8028    8559    8577   8
    400   192    8    6989    8029    8560    8578   8
    408   192    8    6991    8030    8560    8578   8
    416   192    8    6993    8031    8561    8579   8
    424   192    8    8015    8032    8561    8579   8
    512   192    8    8016    8033    8053    8073   8
    656   192    8    8019    8036    8054    8074   8
    664   192    8    8020    8037    8055    8075   8
    672   192    8    8003    8546    8056    8076   8
    680   192    8    8004    8546    8057    8077   8
     32   200    8    8532    8038    8058    8078   8
     40   200    8    8532    8039    8059    7047   8
     48   200    8    8533    8040    8060    7049   8
     56   200    8    8533    8041    8061    7051   8
     64   200    8    8534    8042    8062    8079   8
     72   200    8    8534    8043    8063    8080   8
     80   200    8    8535    8044    8064    8081   8
     88   200    8    8535    8045    8065    7053   8
     96   200    8    8536    8046    8066    7055   8
    104   200    8    8536    8047    8067    7057   8
    112   200    8    8537    8048    8068    8082   8
    120   200    8    8537    8049    8069    8083   8
    160   200    8    8021    8050    8070    8084   8
    192   200    8    8025    8051    8071    8085   8
    200   200    8    8026    8052    8072    8086   8
    512   200    8    8033    8053    8073    8087   8
    656   200    8    8036    8054    8074    7070   8
    664   200    8    8037    8055    8075    7072   8
    672   200    8    8546    8056    8076    7074   8
    680   200    8    8546    8057    8077    8088   8
     32   208    8    8038    8058    8078    8091   8
     64   208    8    8042    8062    8079    8092   8
     72   208    8    8043    8063    8080    8093   8
     80   208    8    8044    8064    8081    8094   8
    112   208    8    8048    8068    8082    8095   8
    120   208    8    8049    8069    8083    8096   8
    160   208    8    8050    8070    8084    8097   8
    192   208    8    8051    8071    8085    8101   8
    200   208    8    8052    8072    8086    8102   8
    512   208    8    8053    8073    8087    8103   8
    680   208    8    8057    8077    8088    7115   8
    688   208    8    8547    8565    8089    8104   8
    696   208    8    8547    8565    8090    8105   8
     32   216    8    8058    8078    8091    8108   8
     64   216    8    8062    8079    8092    8109   8
     72   216    8    8063    8080    8093    8110   8
     80   216    8    8064    8081    8094    7133   8
    112   216    8    8068    8082    8095    8111   8
    120   216    8    8069    8083    8096    8112   8
    160   216    8    8070    8084    8097    8588   8
    192   216    8    8071    8085    8101    8113   8
    200   216    8    8072    8086    8102    8114   8
    512   216    8    8073    8087    8103    8119   8
    688   216    8    8565    8089    8104    8120   8
    696   216    8    8565    8090    8105    8121   8
     16   224    8    8551    8569    8106    8122   8
     24   224    8    8551    8569    8107    8123   8
     32   224    8    8078    8091    8108    8124   8
     64   224    8    8079    8092    8109    7168   8
     72   224    8    8080    8093    8110    7170   8
    112   224    8    8082    8095    8111    8127   8
    120   224    8    8083    8096    8112    8128   8
    160   224    8    8084    8097    8588    8598   8
    168   224    8    7088    8098    8588    8598   8
    176   224    8    7090    8099    8589    8599   8
    184   224    8    7092    8100    8589    8599   8
    192   224    8    8085    8101    8113    8129   8
    200   224    8    8086    8102    8114    8130   8
    208   224    8    8554    8572    8115    7174   8
    216   224    8    8554    8572    8116    7176   8
    224   224    8    8555    8573    8117    7178   8
    232   224    8    8555    8573    8118    8131   8
    512   224    8    8087    8103    8119    8132   8
    688   224    8    8089    8104    8120    8133   8
    696   224    8    8090    8105    8121    8134   8
     16   232    8    8569    8106    8122    8135   8
     24   232    8    8569    8107    8123    8136   8
     32   232    8    8091    8108    8124    7205   8
    112   232    8    8095    8111    8127    8139   8
    120   232    8    8096    8112    8128    8140   8
    192   232    8    8101    8113    8129    8141   8
    200   232    8    8102    8114    8130    8142   8
    232   232    8    8573    8118    8131    8143   8
    512   232    8    8103    8119    8132    8144   8
    688   232    8    8104    8120    8133    7227   8
    696   232    8    8105    8121    8134    8145   8
     16   240    8    8106    8122    8135    8148   8
     24   240    8    8107    8123    8136    8149   8
     96   240    8    7154    8125    8137    7263   8
    104   240    8    7156    8126    8138    7265   8
    112   240    8    8111    8127    8139    7267   8
    120   240    8    8112    8128    8140    8155   8
    192   240    8    8113    8129    8141    8156   8
    200   240    8    8114    8130    8142    8157   8
    232   240    8    8118    8131    8143    8161   8
    512   240    8    8119    8132    8144    8162   8
    696   240    8    8121    8134    8145    8167   8
    704   240    8    8583    8593    8146    8168   8
    712   240    8    8583    8593    8147    8169   8
     16   248    8    8122    8135    8148    8170   8
     24   248    8    8123    8136    8149    8171   8
    120   248    8    8128    8140    8155    8175   8
    192   248    8    8129    8141    8156    8609   8
    200   248    8    8130    8142    8157    8609   8
    232   248    8    8131    8143    8161    8611   8
    512   248    8    8132    8144    8162    8615   8
    696   248    8    8134    8145    8167    7300   8
    704   248    8    8593    8146    8168    8177   8
    712   248    8    8593    8147    8169    8178   8
     16   256    8    8135    8148    8170    8179   8
     24   256    8    8136    8149    8171    8180   8
     56   256    8    7231    8150    8173    8184   8
     64   256    8    7233    8151    8174    8185   8
    120   256    8    8140    8155    8175    8189   8
    192   256    8    8141    8156    8609    8624   8
    200   256    8    8142    8157    8609    8624   8
    208   256    8    7241    8158    8610    8625   8
    216   256    8    7243    8159    8610    8625   8
    224   256    8    7245    8160    8611    8626   8
    232   256    8    8143    8161    8611    8626   8
    512   256    8    8144    8162    8615    8630   8
    520   256    8    7247    8163    8615    8630   8
    528   256    8    7249    8164    8616    8631   8
    536   256    8    7251    8165    8616    8631   8
    544   256    8    7253    8166    8176    8190   8
    704   256    8    8146    8168    8177    8191   8
    712   256    8    8147    8169    8178    8192   8
     16   264    8    8148    8170    8179    8193   8
     24   264    8    8149    8171    8180    7338   8
     48   264    8    7274    8172    8183    8194   8
     56   264    8    8150    8173    8184    8195   8
     64   264    8    8151    8174    8185    8196   8
    120   264    8    8155    8175    8189    8619   8
    544   264    8    8166    8176    8190    8199   8
    704   264    8    8168    8177    8191    8200   8
    712   264    8    8169    8178    8192    8201   8
     16   272    8    8170    8179    8193    8202   8
     48   272    8    8172    8183    8194    8203   8
     56   272    8    8173    8184    8195    8204   8
     64   272    8    8174    8185    8196    8205   8
     96   272    8    7312    8186    8197    8207   8
    104   272    8    7314    8187    8198    8208   8
    112   272    8    7316    8188    8619    8635   8
    120   272    8    8175    8189    8619    8635   8
    544   272    8    8176    8190    8199    8209   8
    704   272    8    8177    8191    8200    8211   8
    712   272    8    8178    8192    8201    8212   8
     16   280    8    8179    8193    8202    8213   8
     48   280    8    8183    8194    8203    8214   8
     56   280    8    8184    8195    8204    8215   8
     64   280    8    8185    8196    8205    8216   8
     96   280    8    8186    8197    8207    8634   8
    104   280    8    8187    8198    8208    8634   8
    544   280    8    8190    8199    8209    8220   8
    704   280    8    8191    8200    8211    8222   8
    712   280    8    8192    8201    8212    8223   8
     16   288    8    8193    8202    8213    8224   8
     48   288    8    8194    8203    8214    8228   8
     56   288    8    8195    8204    8215    8229   8
     64   288    8    8196    8205    8216    8230   8
     88   288    8    7360    8206    8219    8233   8
     96   288    8    8197    8207    8634    8645   8
    104   288    8    8198    8208    8634    8645   8
    544   288    8    8199    8209    8220    8234   8
    552   288    8    7362    8210    8221    8235   8
    704   288    8    8200    8211    8222    8236   8
    712   288    8    8201    8212    8223    8237   8
     16   296    8    8202    8213    8224    8640   8
     48   296    8    8203    8214    8228    8642   8
     56   296    8    8204    8215    8229    8642   8
     64   296    8    8205    8216    8230    8643   8
     72   296    8    7380    8217    8231    8643   8
     80   296    8    7382    8218    8232    8644   8
     88   296    8    8206    8219    8233    8644   8
    544   296    8    8209    8220    8234    8238   8
    552   296    8    8210    8221    8235    7414   8
    704   296    8    8211    8222    8236    8241   8
    712   296    8    8212    8223    8237    8242   8
     16   304    8    8213    8224    8640    8651   8
     24   304    8    7395    8225    8640    8651   8
     32   304    8    7397    8226    8641    8846   8
     40   304    8    7399    8227    8641    8846   8
     48   304    8    8214    8228    8642    8846   8
     56   304    8    8215    8229    8642    8846   8
     64   304    8    8216    8230    8643    8847   8
     72   304    8    8217    8231    8643    8847   8
     80   304    8    8218    8232    8644    8847   8
     88   304    8    8219    8233    8644    8847   8
    544   304    8    8220    8234    8238    8243   8
    704   304    8    8222    8236    8241    8246   8
    712   304    8    8223    8237    8242    8247   8
    544   312    8    8234    8238    8243    8248   8
    688   312    8    7410    8239    8244    8249   8
    696   312    8    7412    8240    8245    8250   8
    704   312    8    8236    8241    8246    8654   8
    712   312    8    8237    8242    8247    8654   8
    544   320    8    8238    8243    8248    8251   8
    688   320    8    8239    8244    8249    8253   8
    696   320    8    8240    8245    8250    8254   8
    704   320    8    8241    8246    8654    8660   8
    712   320    8    8242    8247    8654    8660   8
    544   328    8    8243    8248    8251    8255   8
    688   328    8    8244    8249    8253    8257   8
    696   328    8    8245    8250    8254    8258   8
    544   336    8    8248    8251    8255    8259   8
    552   336    8    7436    8252    8256    8260   8
    688   336    8    8249    8253    8257    7460   8
    696   336    8    8250    8254    8258    8261   8
    544   344    8    8251    8255    8259    8262   8
    552   344    8    8252    8256    8260    8263   8
    696   344    8    8254    8258    8261    8265   8
    544   352    8    8255    8259    8262    8266   8
    552   352    8    8256    8260    8263    8267   8
    696   352    8    8258    8261    8265    8269   8
    544   360    8    8259    8262    8266    8680   8
    552   360    8    8260    8263    8267    8680   8
    560   360    8    7462    8264    8268    8270   8
    696   360    8    8261    8265    8269    8275   8
    544   368    8    8262    8266    8680    8687   8
    552   368    8    8263    8267    8680    8687   8
    560   368    8    8264    8268    8270    8276   8
    696   368    8    8265    8269    8275    8282   8
    560   376    8    8268    8270    8276    8688   8
    640   376    8    7489    8271    8279    8291   8
    688   376    8    7497    8274    8281    8294   8
    696   376    8    8269    8275    8282    8295   8
     48   384    8    8665    8675    8283    8296   8
     56   384    8    8665    8675    8284    8297   8
     64   384    8    8666    8676    8285    8298   8
     72   384    8    8666    8676    8286    8299   8
    560   384    8    8270    8276    8688    8695   8
    568   384    8    7506    8277    8688    8695   8
    576   384    8    7508    8278    8287    8300   8
    640   384    8    8271    8279    8291    8304   8
    680   384    8    7517    8280    8293    7577   8
    688   384    8    8274    8281    8294    8305   8
    696   384    8    8275    8282    8295    8306   8
     48   392    8    8675    8283    8296    8309   8
     56   392    8    8675    8284    8297    7588   8
     64   392    8    8676    8285    8298    7590   8
     72   392    8    8676    8286    8299    8310   8
    576   392    8    8278    8287    8300    8696   8
    584   392    8    7538    8288    8301    8696   8
    592   392    8    7540    8289    8302    8311   8
    600   392    8    7542    8290    8303    8312   8
    640   392    8    8279    8291    8304    7597   8
    688   392    8    8281    8294    8305    8313   8
    696   392    8    8282    8295    8306    8314   8
      0   400    8    8672    8683    8307    8315   8
      8   400    8    8672    8683    8308    8316   8
     48   400    8    8283    8296    8309    8317   8
     72   400    8    8286    8299    8310    8318   8
    576   400    8    8287    8300    8696    8701   8
    584   400    8    8288    8301    8696    8701   8
    592   400    8    8289    8302    8311    8319   8
    600   400    8    8290    8303    8312    8320   8
    688   400    8    8294    8305    8313    8326   8
    696   400    8    8295    8306    8314    8327   8
      0   408    8    8683    8307    8315    7641   8
      8   408    8    8683    8308    8316    8328   8
     48   408    8    8296    8309    8317    8331   8
     72   408    8    8299    8310    8318    8332   8
    592   408    8    8302    8311    8319    8333   8
    600   408    8    8303    8312    8320    8334   8
    688   408    8    8305    8313    8326    8702   8
    696   408    8    8306    8314    8327    8702   8
      8   416    8    8308    8316    8328    7670   8
     16   416    8    8684    8691    8329    8338   8
     24   416    8    8684    8691    8330    8339   8
     48   416    8    8309    8317    8331    8340   8
     72   416    8    8310    8318    8332    8343   8
    592   416    8    8311    8319    8333    8344   8
    600   416    8    8312    8320    8334    8345   8
    672   416    8    7624    8324    8336    8347   8
    680   416    8    7626    8325    8337    8348   8
    688   416    8    8313    8326    8702    8358   8
    696   416    8    8314    8327    8702    8359   8
     16   424    8    8691    8329    8338    8349   8
     24   424    8    8691    8330    8339    8350   8
     48   424    8    8317    8331    8340    8706   8
     72   424    8    8318    8332    8343    8707   8
    592   424    8    8319    8333    8344    8710   8
    600   424    8    8320    8334    8345    8710   8
    608   424    8    7635    8335    8346    8351   8
    672   424    8    8324    8336    8347    8356   8
    680   424    8    8325    8337    8348    8357   8
     16   432    8    8329    8338    8349    8360   8
     24   432    8    8330    8339    8350    8361   8
     48   432    8    8331    8340    8706    8714   8
     56   432    8    7658    8341    8706    8714   8
     64   432    8    7660    8342    8707    8883   8
     72   432    8    8332    8343    8707    8883   8
    592   432    8    8333    8344    8710    8720   8
    600   432    8    8334    8345    8710    8720   8
    608   432    8    8335    8346    8351    8362   8
    672   432    8    8336    8347    8356    7710   8
    680   432    8    8337    8348    8357    8369   8
    688   432    8    8326    8702    8358    8370   8
    696   432    8    8327    8702    8359    8371   8
     16   440    8    8338    8349    8360    8372   8
     24   440    8    8339    8350    8361    8373   8
    608   440    8    8346    8351    8362    8721   8
    616   440    8    7684    8352    8363    8721   8
    624   440    8    7686    8353    8364    8374   8
    632   440    8    7688    8354    8365    8375   8
    640   440    8    7690    8355    8366    8376   8
    680   440    8    8348    8357    8369    7722   8
    688   440    8    8702    8358    8370    8379   8
    696   440    8    8702    8359    8371    8380   8
     16   448    8    8349    8360    8372    8381   8
     24   448    8    8350    8361    8373    8382   8
    608   448    8    8351    8362    8721    8732   8
    616   448    8    8352    8363    8721    8732   8
    624   448    8    8353    8364    8374    8383   8
    632   448    8    8354    8365    8375    8384   8
    640   448    8    8355    8366    8376    8385   8
    648   448    8    7700    8367    8377    8386   8
    656   448    8    7702    8368    8378    8387   8
    688   448    8    8358    8370    8379    8388   8
    696   448    8    8359    8371    8380    8389   8
     16   456    8    8360    8372    8381    8392   8
     24   456    8    8361    8373    8382    8393   8
    624   456    8    8364    8374    8383    8394   8
    632   456    8    8365    8375    8384    8395   8
    640   456    8    8366    8376    8385    7745   8
    648   456    8    8367    8377    8386    7747   8
    656   456    8    8368    8378    8387    7749   8
    688   456    8    8370    8379    8388    8398   8
    696   456    8    8371    8380    8389    8399   8
     16   464    8    8372    8381    8392    8402   8
     24   464    8    8373    8382    8393    8403   8
    624   464    8    8374    8383    8394    8404   8
    632   464    8    8375    8384    8395    8405   8
    688   464    8    8379    8388    8398    8407   8
    696   464    8    8380    8389    8399    8408   8
      0   472    8    7735    8390    8400    8735   8
      8   472    8    7737    8391    8401    8735   8
     16   472    8    8381    8392    8402    8736   8
     24   472    8    8382    8393    8403    8736   8
    624   472    8    8383    8394    8404    8413   8
    632   472    8    8384    8395    8405    8414   8
    680   472    8    7743    8397    8406    8415   8
    688   472    8    8388    8398    8407    8742   8
    696   472    8    8389    8399    8408    8742   8
      0   480    8    8390    8400    8735    8745   8
      8   480    8    8391    8401    8735    8745   8
     16   480    8    8392    8402    8736    8746   8
     24   480    8    8393    8403    8736    8746   8
    336   480    8    8716    8727    8409    8416   8
    344   480    8    8716    8727    8410    7782   8
    352   480    8    8717    8728    8411    7784   8
    360   480    8    8717    8728    8412    8417   8
    624   480    8    8394    8404    8413    8418   8
    632   480    8    8395    8405    8414    8419   8
    680   480    8    8397    8406    8415    8420   8
    688   480    8    8398    8407    8742    8752   8
    696   480    8    8399    8408    8742    8752   8
    336   488    8    8727    8409    8416    8421   8
    360   488    8    8728    8412    8417    8422   8
    624   488    8    8404    8413    8418    8423   8
    632   488    8    8405    8414    8419    8424   8
    680   488    8    8406    8415    8420    8426   8
    336   496    8    8409    8416    8421    8427   8
    360   496    8    8412    8417    8422    8428   8
    624   496    8    8413    8418    8423    8429   8
    632   496    8    8414    8419    8424    8430   8
    680   496    8    8415    8420    8426    8432   8
    336   504    8    8416    8421    8427      -3   8
    360   504    8    8417    8422    8428      -3   8
    624   504    8    8418    8423    8429      -3   8
    632   504    8    8419    8424    8430      -3   8
    672   504    8    7804    8425    8431      -3   8
    680   504    8    8420    8426    8432      -3   8
    336   512    8    8421    8427      -3      -3   8
    360   512    8    8422    8428      -3      -3   8
    624   512    8    8423    8429      -3      -3   8
    632   512    8    8424    8430      -3      -3   8
    672   512    8    8425    8431      -3      -3   8
    680   512    8    8426    8432      -3      -3   8
    320     0   16      -4      -4    8433    8443  16
    336     0   16      -4      -4    8434    8444  16
    352     0   16      -4      -4    8435    8445  16
    368     0   16      -4      -4    8436    8446  16
    384     0   16      -4      -4    8437    8447  16
    400     0   16      -4      -4    8438    8448  16
    480     0   16      -4      -4    8439    8449  16
    496     0   16      -4      -4    8440    8450  16
    896     0   16      -4      -4    8441    8454  16
    912     0   16      -4      -4    8442    8455  16
    320    16   16      -4    8433    8443    8770  16
    336    16   16      -4    8434    8444    8770  16
    352    16   16      -4    8435    8445    8771  16
    368    16   16      -4    8436    8446    8771  16
    384    16   16      -4    8437    8447    8772  16
    400    16   16      -4    8438    8448    8772  16
    480    16   16      -4    8439    8449    8775  16
    496    16   16      -4    8440    8450    8775  16
    896    16   16      -4    8441    8454    8776  16
    912    16   16      -4    8442    8455    8776  16
    320    32   16    8433    8443    8770    8778  16
    336    32   16    8434    8444    8770    8778  16
    352    32   16    8435    8445    8771    8779  16
    368    32   16    8436    8446    8771    8779  16
    384    32   16    8437    8447    8772    8780  16
    400    32   16    8438    8448    8772    8780  16
    480    32   16    8439    8449    8775    8783  16
    496    32   16    8440    8450    8775    8783  16
    512    32   16    7842    8451    8456    8463  16
    528    32   16    7844    8452    8457    8464  16
    880    32   16    7852    8453    8462    8468  16
    896    32   16    8441    8454    8776    8785  16
    912    32   16    8442    8455    8776    8785  16
    512    48   16    8451    8456    8463    8469  16
    528    48   16    8452    8457    8464    7900  16
    832    48   16    7874    8459    8465    8470  16
    848    48   16    7876    8460    8466    8471  16
    864    48   16    7878    8461    8467    8784  16
    880    48   16    8453    8462    8468    8784  16
    512    64   16    8456    8463    8469    8472  16
    832    64   16    8459    8465    8470    8473  16
    848    64   16    8460    8466    8471    8474  16
    864    64   16    8461    8467    8784    8793  16
    880    64   16    8462    8468    8784    8793  16
    512    80   16    8463    8469    8472    8475  16
    832    80   16    8465    8470    8473    8476  16
    848    80   16    8466    8471    8474    8477  16
    512    96   16    8469    8472    8475    8478  16
    832    96   16    8470    8473    8476    8480  16
    848    96   16    8471    8474    8477    8481  16
    512   112   16    8472    8475    8478    8490  16
    832   112   16    8473    8476    8480    8808  16
    848   112   16    8474    8477    8481    8808  16
    352   128   16    8779    8788    8482    8496  16
    368   128   16    8779    8788    8483    8497  16
    384   128   16    8780    8789    8484    7969  16
    400   128   16    8780    8789    8485    7971  16
    416   128   16    8781    8790    8486    7973  16
    432   128   16    8781    8790    8487    8498  16
    480   128   16    8783    8792    8488    8499  16
    496   128   16    8783    8792    8489    8500  16
    512   128   16    8475    8478    8490    8501  16
    816   128   16    7928    8479    8495    8508  16
    832   128   16    8476    8480    8808    8818  16
    848   128   16    8477    8481    8808    8818  16
    352   144   16    8788    8482    8496    8523  16
    368   144   16    8788    8483    8497    8524  16
    432   144   16    8790    8487    8498    8525  16
    480   144   16    8792    8488    8499    8526  16
    496   144   16    8792    8489    8500    8527  16
    512   144   16    8478    8490    8501    7989  16
    752   144   16    7950    8491    8504    8815  16
    768   144   16    7952    8492    8505    8816  16
    784   144   16    7954    8493    8506    8816  16
    800   144   16    7956    8494    8507    8817  16
    816   144   16    8479    8495    8508    8817  16
      0   160   16    8913    8796    8509    8530  16
     16   160   16    8913    8796    8510    8531  16
     32   160   16    8913    8797    8511    8532  16
     48   160   16    8913    8797    8512    8533  16
     64   160   16    8914    8798    8513    8534  16
     80   160   16    8914    8798    8514    8535  16
     96   160   16    8914    8799    8515    8536  16
    112   160   16    8914    8799    8516    8537  16
    128   160   16    8915    8800    8517    8538  16
    144   160   16    8915    8800    8518    8539  16
    160   160   16    8915    8801    8519    8008  16
    176   160   16    8915    8801    8520    8010  16
    192   160   16    8916    8802    8521    8012  16
    208   160   16    8916    8802    8522    8540  16
    352   160   16    8482    8496    8523    8541  16
    368   160   16    8483    8497    8524    8542  16
    432   160   16    8487    8498    8525    8543  16
    480   160   16    8488    8499    8526    8544  16
    496   160   16    8489    8500    8527    8545  16
    720   160   16    7965    8502    8529    8549  16
    736   160   16    7967    8503    8815    8824  16
    752   160   16    8491    8504    8815    8824  16
    768   160   16    8492    8505    8816    8921  16
    784   160   16    8493    8506    8816    8921  16
    800   160   16    8494    8507    8817    8921  16
    816   160   16    8495    8508    8817    8921  16
      0   176   16    8796    8509    8530    8550  16
     16   176   16    8796    8510    8531    8551  16
     32   176   16    8797    8511    8532    8039  16
     48   176   16    8797    8512    8533    8041  16
     64   176   16    8798    8513    8534    8043  16
     80   176   16    8798    8514    8535    8045  16
     96   176   16    8799    8515    8536    8047  16
    112   176   16    8799    8516    8537    8049  16
    128   176   16    8800    8517    8538    8552  16
    144   176   16    8800    8518    8539    8553  16
    208   176   16    8802    8522    8540    8554  16
    352   176   16    8496    8523    8541    8557  16
    368   176   16    8497    8524    8542    8558  16
    432   176   16    8498    8525    8543    8562  16
    480   176   16    8499    8526    8544    8563  16
    496   176   16    8500    8527    8545    8564  16
    704   176   16    7984    8528    8548    8566  16
    720   176   16    8502    8529    8549    8567  16
      0   192   16    8509    8530    8550    8568  16
     16   192   16    8510    8531    8551    8569  16
    128   192   16    8517    8538    8552    8570  16
    144   192   16    8518    8539    8553    8571  16
    208   192   16    8522    8540    8554    8572  16
    224   192   16    8803    8810    8555    8573  16
    240   192   16    8803    8810    8556    8574  16
    352   192   16    8523    8541    8557    8575  16
    368   192   16    8524    8542    8558    8576  16
    432   192   16    8525    8543    8562    8580  16
    480   192   16    8526    8544    8563    8581  16
    496   192   16    8527    8545    8564    8582  16
    688   192   16    8006    8547    8565    8090  16
    704   192   16    8528    8548    8566    8583  16
    720   192   16    8529    8549    8567    8584  16
      0   208   16    8530    8550    8568    8585  16
     16   208   16    8531    8551    8569    8107  16
    128   208   16    8538    8552    8570    8586  16
    144   208   16    8539    8553    8571    8587  16
    208   208   16    8540    8554    8572    8116  16
    224   208   16    8810    8555    8573    8118  16
    240   208   16    8810    8556    8574    8590  16
    352   208   16    8541    8557    8575    8828  16
    368   208   16    8542    8558    8576    8828  16
    384   208   16    8028    8559    8577    8829  16
    400   208   16    8030    8560    8578    8829  16
    416   208   16    8032    8561    8579    8830  16
    432   208   16    8543    8562    8580    8830  16
    480   208   16    8544    8563    8581    8591  16
    496   208   16    8545    8564    8582    8592  16
    704   208   16    8548    8566    8583    8593  16
    720   208   16    8549    8567    8584    8594  16
      0   224   16    8550    8568    8585    8595  16
    128   224   16    8552    8570    8586    8596  16
    144   224   16    8553    8571    8587    8597  16
    240   224   16    8556    8574    8590    8600  16
    352   224   16    8557    8575    8828    8925  16
    368   224   16    8558    8576    8828    8925  16
    384   224   16    8559    8577    8829    8926  16
    400   224   16    8560    8578    8829    8926  16
    416   224   16    8561    8579    8830    8926  16
    432   224   16    8562    8580    8830    8926  16
    480   224   16    8563    8581    8591    8601  16
    496   224   16    8564    8582    8592    8602  16
    704   224   16    8566    8583    8593    8147  16
    720   224   16    8567    8584    8594    8603  16
      0   240   16    8568    8585    8595    8604  16
    128   240   16    8570    8586    8596    8605  16
    144   240   16    8571    8587    8597    8606  16
    160   240   16    8098    8588    8598    8607  16
    176   240   16    8100    8589    8599    8608  16
    240   240   16    8574    8590    8600    8612  16
    480   240   16    8581    8591    8601    8613  16
    496   240   16    8582    8592    8602    8614  16
    720   240   16    8584    8594    8603    8617  16
      0   256   16    8585    8595    8604    8618  16
    128   256   16    8586    8596    8605    8620  16
    144   256   16    8587    8597    8606    8621  16
    160   256   16    8588    8598    8607    8622  16
    176   256   16    8589    8599    8608    8623  16
    240   256   16    8590    8600    8612    8627  16
    480   256   16    8591    8601    8613    8628  16
    496   256   16    8592    8602    8614    8629  16
    720   256   16    8594    8603    8617    8632  16
      0   272   16    8595    8604    8618    8633  16
    128   272   16    8596    8605    8620    8837  16
    144   272   16    8597    8606    8621    8837  16
    160   272   16    8598    8607    8622    8838  16
    176   272   16    8599    8608    8623    8838  16
    192   272   16    8157    8609    8624    8839  16
    208   272   16    8159    8610    8625    8839  16
    224   272   16    8161    8611    8626    8840  16
    240   272   16    8600    8612    8627    8840  16
    480   272   16    8601    8613    8628    8844  16
    496   272   16    8602    8614    8629    8844  16
    512   272   16    8163    8615    8630    8636  16
    528   272   16    8165    8616    8631    8637  16
    720   272   16    8603    8617    8632    8638  16
      0   288   16    8604    8618    8633    8639  16
    112   288   16    8189    8619    8635    8646  16
    128   288   16    8605    8620    8837    8849  16
    144   288   16    8606    8621    8837    8849  16
    160   288   16    8607    8622    8838    8850  16
    176   288   16    8608    8623    8838    8850  16
    192   288   16    8609    8624    8839    8929  16
    208   288   16    8610    8625    8839    8929  16
    224   288   16    8611    8626    8840    8929  16
    240   288   16    8612    8627    8840    8929  16
    480   288   16    8613    8628    8844    8852  16
    496   288   16    8614    8629    8844    8852  16
    512   288   16    8615    8630    8636    8647  16
    528   288   16    8616    8631    8637    8648  16
    720   288   16    8617    8632    8638    8649  16
      0   304   16    8618    8633    8639    8650  16
     96   304   16    8208    8634    8645    8848  16
    112   304   16    8619    8635    8646    8848  16
    512   304   16    8630    8636    8647    8652  16
    528   304   16    8631    8637    8648    8653  16
    720   304   16    8632    8638    8649    8655  16
      0   320   16    8633    8639    8650    8656  16
     16   320   16    8225    8640    8651    8657  16
     32   320   16    8227    8641    8846    8664  16
     48   320   16    8229    8642    8846    8665  16
     64   320   16    8231    8643    8847    8666  16
     80   320   16    8233    8644    8847    8667  16
     96   320   16    8634    8645    8848    8854  16
    112   320   16    8635    8646    8848    8854  16
    512   320   16    8636    8647    8652    8658  16
    528   320   16    8637    8648    8653    8659  16
    720   320   16    8638    8649    8655    8661  16
      0   336   16    8639    8650    8656    8662  16
     16   336   16    8640    8651    8657    8663  16
    512   336   16    8647    8652    8658    8668  16
    528   336   16    8648    8653    8659    8669  16
    704   336   16    8247    8654    8660    8670  16
    720   336   16    8649    8655    8661    8671  16
      0   352   16    8650    8656    8662    8672  16
     16   352   16    8651    8657    8663    8673  16
     32   352   16    8641    8846    8664    8674  16
     48   352   16    8642    8846    8665    8675  16
     64   352   16    8643    8847    8666    8676  16
     80   352   16    8644    8847    8667    8677  16
    512   352   16    8652    8658    8668    8678  16
    528   352   16    8653    8659    8669    8679  16
    704   352   16    8654    8660    8670    8681  16
    720   352   16    8655    8661    8671    8682  16
      0   368   16    8656    8662    8672    8683  16
     16   368   16    8657    8663    8673    8684  16
     32   368   16    8846    8664    8674    8685  16
     48   368   16    8846    8665    8675    8284  16
     64   368   16    8847    8666    8676    8286  16
     80   368   16    8847    8667    8677    8686  16
    512   368   16    8658    8668    8678    8869  16
    528   368   16    8659    8669    8679    8869  16
    704   368   16    8660    8670    8681    8689  16
    720   368   16    8661    8671    8682    8690  16
      0   384   16    8662    8672    8683    8308  16
     16   384   16    8663    8673    8684    8691  16
     32   384   16    8664    8674    8685    8692  16
     80   384   16    8667    8677    8686    8693  16
    512   384   16    8668    8678    8869    8880  16
    528   384   16    8669    8679    8869    8880  16
    544   384   16    8267    8680    8687    8694  16
    704   384   16    8670    8681    8689    8697  16
    720   384   16    8671    8682    8690    8698  16
     16   400   16    8673    8684    8691    8330  16
     32   400   16    8674    8685    8692    8699  16
     80   400   16    8677    8686    8693    8700  16
    544   400   16    8680    8687    8694    8881  16
    560   400   16    8277    8688    8695    8881  16
    704   400   16    8681    8689    8697    8703  16
    720   400   16    8682    8690    8698    8704  16
     32   416   16    8685    8692    8699    8705  16
     80   416   16    8686    8693    8700    8708  16
    544   416   16    8687    8694    8881    8894  16
    560   416   16    8688    8695    8881    8894  16
    576   416   16    8301    8696    8701    8709  16
    704   416   16    8689    8697    8703    8711  16
    720   416   16    8690    8698    8704    8712  16
     32   432   16    8692    8699    8705    8713  16
     80   432   16    8693    8700    8708    8883  16
    576   432   16    8696    8701    8709    8719  16
    704   432   16    8697    8703    8711    8722  16
    720   432   16    8698    8704    8712    8723  16
     32   448   16    8699    8705    8713    8724  16
     48   448   16    8341    8706    8714    8725  16
     64   448   16    8343    8707    8883    8896  16
     80   448   16    8700    8708    8883    8896  16
    320   448   16    8863    8874    8715    8726  16
    336   448   16    8863    8874    8716    8727  16
    352   448   16    8864    8875    8717    8728  16
    368   448   16    8864    8875    8718    8729  16
    576   448   16    8701    8709    8719    8730  16
    592   448   16    8345    8710    8720    8731  16
    704   448   16    8703    8711    8722    8733  16
    720   448   16    8704    8712    8723    8734  16
     32   464   16    8705    8713    8724    8737  16
     48   464   16    8706    8714    8725    8738  16
    320   464   16    8874    8715    8726    8739  16
    336   464   16    8874    8716    8727    8410  16
    352   464   16    8875    8717    8728    8412  16
    368   464   16    8875    8718    8729    8740  16
    576   464   16    8709    8719    8730    8908  16
    592   464   16    8710    8720    8731    8908  16
    608   464   16    8363    8721    8732    8741  16
    704   464   16    8711    8722    8733    8743  16
    720   464   16    8712    8723    8734    8744  16
     32   480   16    8713    8724    8737    8747  16
     48   480   16    8714    8725    8738    8748  16
    320   480   16    8715    8726    8739    8749  16
    368   480   16    8718    8729    8740    8750  16
    576   480   16    8719    8730    8908      -5  16
    592   480   16    8720    8731    8908      -5  16
    608   480   16    8721    8732    8741    8751  16
    704   480   16    8722    8733    8743    8753  16
    720   480   16    8723    8734    8744    8754  16
      0   496   16    8401    8735    8745      -4  16
     16   496   16    8403    8736    8746      -4  16
     32   496   16    8724    8737    8747      -4  16
     48   496   16    8725    8738    8748      -4  16
    320   496   16    8726    8739    8749      -4  16
    368   496   16    8729    8740    8750      -4  16
    608   496   16    8732    8741    8751      -4  16
    688   496   16    8408    8742    8752      -4  16
    704   496   16    8733    8743    8753      -4  16
    720   496   16    8734    8744    8754      -4  16
      0   512   16    8735    8745      -4      -4  16
     16   512   16    8736    8746      -4      -4  16
     32   512   16    8737    8747      -4      -4  16
     48   512   16    8738    8748      -4      -4  16
    320   512   16    8739    8749      -4      -4  16
    368   512   16    8740    8750      -4      -4  16
    608   512   16    8741    8751      -4      -4  16
    688   512   16    8742    8752      -4      -4  16
    704   512   16    8743    8753      -4      -4  16
    720   512   16    8744    8754      -4      -4  16
    128     0   32      -5      -5    8755    8764  32
    160     0   32      -5      -5    8756    8765  32
    192     0   32      -5      -5    8757    8766  32
    224     0   32      -5      -5    8758    8767  32
    256     0   32      -5      -5    8759    8768  32
    288     0   32      -5      -5    8760    8769  32
    416     0   32      -5      -5    8761    8773  32
    448     0   32      -5      -5    8762    8774  32
    928     0   32      -5      -5    8763    8777  32
    128    32   32      -5    8755    8764    8915  32
    160    32   32      -5    8756    8765    8915  32
    192    32   32      -5    8757    8766    8916  32
    224    32   32      -5    8758    8767    8916  32
    256    32   32      -5    8759    8768    8917  32
    288    32   32      -5    8760    8769    8917  32
    416    32   32      -5    8761    8773    8781  32
    448    32   32      -5    8762    8774    8782  32
    928    32   32      -5    8763    8777    8786  32
    128    64   32    8755    8764    8915    8800  32
    160    64   32    8756    8765    8915    8801  32
    192    64   32    8757    8766    8916    8802  32
    224    64   32    8758    8767    8916    8803  32
    256    64   32    8759    8768    8917    8804  32
    288    64   32    8760    8769    8917    8805  32
    320    64   32    8444    8770    8778    8787  32
    352    64   32    8446    8771    8779    8788  32
    384    64   32    8448    8772    8780    8789  32
    416    64   32    8761    8773    8781    8790  32
    448    64   32    8762    8774    8782    8791  32
    480    64   32    8450    8775    8783    8792  32
    896    64   32    8455    8776    8785    8794  32
    928    64   32    8763    8777    8786    8795  32
    320    96   32    8770    8778    8787    8806  32
    352    96   32    8771    8779    8788    8483  32
    384    96   32    8772    8780    8789    8485  32
    416    96   32    8773    8781    8790    8487  32
    448    96   32    8774    8782    8791    8807  32
    480    96   32    8775    8783    8792    8489  32
    864    96   32    8468    8784    8793    8809  32
    896    96   32    8776    8785    8794    8919  32
    928    96   32    8777    8786    8795    8919  32
      0   128   32    8910    8913    8796    8510  32
     32   128   32    8910    8913    8797    8512  32
     64   128   32    8911    8914    8798    8514  32
     96   128   32    8911    8914    8799    8516  32
    128   128   32    8764    8915    8800    8518  32
    160   128   32    8765    8915    8801    8520  32
    192   128   32    8766    8916    8802    8522  32
    224   128   32    8767    8916    8803    8810  32
    256   128   32    8768    8917    8804    8811  32
    288   128   32    8769    8917    8805    8812  32
    320   128   32    8778    8787    8806    8813  32
    448   128   32    8782    8791    8807    8814  32
    864   128   32    8784    8793    8809    8819  32
    896   128   32    8785    8794    8919    8923  32
    928   128   32    8786    8795    8919    8923  32
    224   160   32    8916    8803    8810    8556  32
    256   160   32    8917    8804    8811    8820  32
    288   160   32    8917    8805    8812    8821  32
    320   160   32    8787    8806    8813    8822  32
    448   160   32    8791    8807    8814    8823  32
    832   160   32    8481    8808    8818    8922  32
    864   160   32    8793    8809    8819    8922  32
    256   192   32    8804    8811    8820    8825  32
    288   192   32    8805    8812    8821    8826  32
    320   192   32    8806    8813    8822    8827  32
    448   192   32    8807    8814    8823    8831  32
    736   192   32    8504    8815    8824    8832  32
    768   192   32    8506    8816    8921    8927  32
    800   192   32    8508    8817    8921    8927  32
    832   192   32    8808    8818    8922    8928  32
    864   192   32    8809    8819    8922    8928  32
    256   224   32    8811    8820    8825    8833  32
    288   224   32    8812    8821    8826    8834  32
    320   224   32    8813    8822    8827    8925  32
    448   224   32    8814    8823    8831    8835  32
    736   224   32    8815    8824    8832    8836  32
    256   256   32    8820    8825    8833    8841  32
    288   256   32    8821    8826    8834    8842  32
    320   256   32    8822    8827    8925    8931  32
    352   256   32    8576    8828    8925    8931  32
    384   256   32    8578    8829    8926    8932  32
    416   256   32    8580    8830    8926    8932  32
    448   256   32    8823    8831    8835    8843  32
    736   256   32    8824    8832    8836    8845  32
    256   288   32    8825    8833    8841    8930  32
    288   288   32    8826    8834    8842    8930  32
    448   288   32    8831    8835    8843    8851  32
    736   288   32    8832    8836    8845    8853  32
    128   320   32    8621    8837    8849    8855  32
    160   320   32    8623    8838    8850    8856  32
    192   320   32    8625    8839    8929    8936  32
    224   320   32    8627    8840    8929    8936  32
    256   320   32    8833    8841    8930    8861  32
    288   320   32    8834    8842    8930    8862  32
    448   320   32    8835    8843    8851    8857  32
    480   320   32    8629    8844    8852    8858  32
    736   320   32    8836    8845    8853    8859  32
     96   352   32    8646    8848    8854    8860  32
    128   352   32    8837    8849    8855    8935  32
    160   352   32    8838    8850    8856    8935  32
    448   352   32    8843    8851    8857    8867  32
    480   352   32    8844    8852    8858    8868  32
    736   352   32    8845    8853    8859    8870  32
     96   384   32    8848    8854    8860    8871  32
    128   384   32    8849    8855    8935    8885  32
    160   384   32    8850    8856    8935    8886  32
    256   384   32    8841    8930    8861    8872  32
    288   384   32    8842    8930    8862    8873  32
    320   384   32    8925    8931    8863    8874  32
    352   384   32    8925    8931    8864    8875  32
    384   384   32    8926    8932    8865    8876  32
    416   384   32    8926    8932    8866    8877  32
    448   384   32    8851    8857    8867    8878  32
    480   384   32    8852    8858    8868    8879  32
    736   384   32    8853    8859    8870    8882  32
     96   416   32    8854    8860    8871    8884  32
    256   416   32    8930    8861    8872    8889  32
    288   416   32    8930    8862    8873    8890  32
    320   416   32    8931    8863    8874    8716  32
    352   416   32    8931    8864    8875    8718  32
    384   416   32    8932    8865    8876    8891  32
    416   416   32    8932    8866    8877    8892  32
    448   416   32    8857    8867    8878    8939  32
    480   416   32    8858    8868    8879    8939  32
    512   416   32    8679    8869    8880    8893  32
    736   416   32    8859    8870    8882    8895  32
     96   448   32    8860    8871    8884    8897  32
    128   448   32    8855    8935    8885    8898  32
    160   448   32    8856    8935    8886    8899  32
    192   448   32    8929    8936    8887    8900  32
    224   448   32    8929    8936    8888    8901  32
    256   448   32    8861    8872    8889    8902  32
    288   448   32    8862    8873    8890    8903  32
    384   448   32    8865    8876    8891    8904  32
    416   448   32    8866    8877    8892    8905  32
    448   448   32    8867    8878    8939      -6  32
    480   448   32    8868    8879    8939      -6  32
    512   448   32    8869    8880    8893    8906  32
    544   448   32    8695    8881    8894    8907  32
    736   448   32    8870    8882    8895    8909  32
     64   480   32    8708    8883    8896      -5  32
     96   480   32    8871    8884    8897      -5  32
    128   480   32    8935    8885    8898      -5  32
    160   480   32    8935    8886    8899      -5  32
    192   480   32    8936    8887    8900      -5  32
    224   480   32    8936    8888    8901      -5  32
    256   480   32    8872    8889    8902      -5  32
    288   480   32    8873    8890    8903      -5  32
    384   480   32    8876    8891    8904      -5  32
    416   480   32    8877    8892    8905      -5  32
    512   480   32    8880    8893    8906      -5  32
    544   480   32    8881    8894    8907      -5  32
    736   480   32    8882    8895    8909      -5  32
     64   512   32    8883    8896      -5      -5  32
     96   512   32    8884    8897      -5      -5  32
    128   512   32    8885    8898      -5      -5  32
    160   512   32    8886    8899      -5      -5  32
    192   512   32    8887    8900      -5      -5  32
    224   512   32    8888    8901      -5      -5  32
    256   512   32    8889    8902      -5      -5  32
    288   512   32    8890    8903      -5      -5  32
    384   512   32    8891    8904      -5      -5  32
    416   512   32    8892    8905      -5      -5  32
    512   512   32    8893    8906      -5      -5  32
    544   512   32    8894    8907      -5      -5  32
    576   512   32    8731    8908      -5      -5  32
    736   512   32    8895    8909      -5      -5  32
      0     0   64      -6      -6    8910    8913  64
     64     0   64      -6      -6    8911    8914  64
    960     0   64      -6      -6    8912    8918  64
      0    64   64      -6    8910    8913    8797  64
     64    64   64      -6    8911    8914    8799  64
    960    64   64      -6    8912    8918    8920  64
    960   128   64    8912    8918    8920    8924  64
    896   192   64    8795    8919    8923    8942  64
    960   192   64    8918    8920    8924    8942  64
    768   256   64    8817    8921    8927    8933  64
    832   256   64    8819    8922    8928    8934  64
    896   256   64    8919    8923    8942    8943  64
    960   256   64    8920    8924    8942    8943  64
    320   320   64    8828    8925    8931    8864  64
    384   320   64    8830    8926    8932    8866  64
    768   320   64    8921    8927    8933    8937  64
    832   320   64    8922    8928    8934    8938  64
    192   384   64    8840    8929    8936    8888  64
    768   384   64    8927    8933    8937    8940  64
    832   384   64    8928    8934    8938    8941  64
    768   448   64    8933    8937    8940      -6  64
    832   448   64    8934    8938    8941      -6  64
    448   512   64    8879    8939      -6      -6  64
    768   512   64    8937    8940      -6      -6  64
    832   512   64    8938    8941      -6      -6  64
    896   384  128    8924    8942    8943      -7 128
    896   512  128    8942    8943      -7      -7 128
