 11228 4781 3854 1496 595 331 146
    604     0    1    2635    2636       1       0
    605     0    1    2636       1       0       0
    630     0    1       0       0    2637    2638
    660     0    1    2640    2641       2       0
    661     0    1    2641       2       0       0
    671     0    1       0       0       3    2642
    672     0    1       0       3    2642    2643
    738     0    1    6294    2652       4       0
    739     0    1    2652       4       0       0
    740     0    1       0       0       5       0
    741     0    1       0       5       0       0
    761     0    1       0       0       6    2653
    762     0    1       0       6    2653    2654
    784     0    1    2658    2659       7       0
    785     0    1    2659       7       0       0
    787     0    1       0       0       8    2660
    788     0    1       0       8    2660    2661
    792     0    1    2660    2661       9      10
    793     0    1    2661       9      10       0
    794     0    1       9      10       0       0
    798     0    1      -1    2662      11       0
    799     0    1    2662      11       0       0
    802     0    1       0       0    2663      -1
    865     0    1       0       0      12    2664
    866     0    1       0      12    2664    6296
    604     1    1    2635    2636       0       0
    629     1    1       0       0      13    2637
    630     1    1       0      13    2637    2638
    660     1    1    2640    2641      14      15
    661     1    1    2641      14      15      16
    662     1    1      14      15      16      17
    663     1    1      15      16      17       0
    664     1    1      16      17       0       0
    671     1    1       0       0      18    2642
    672     1    1       0      18    2642    2643
    738     1    1    6294    2652      19      20
    739     1    1    2652      19      20      21
    740     1    1      19      20      21       0
    741     1    1      20      21       0       0
    759     1    1       0       0      22      23
    760     1    1       0      22      23      24
    761     1    1      22      23      24    2653
    762     1    1      23      24    2653    2654
    784     1    1    2658    2659      25      26
    785     1    1    2659      25      26      27
    786     1    1      25      26      27      28
    787     1    1      26      27      28    2660
    788     1    1      27      28    2660    2661
    792     1    1    2660    2661      29       0
    793     1    1    2661      29       0       0
    798     1    1      -1    2662      30       0
    799     1    1    2662      30       0       0
    801     1    1       0       0      31    2663
    802     1    1       0      31    2663      -1
    865     1    1       0       0      32    2664
    866     1    1       0      32    2664    6296
    602     2    1    6286    2669      33       0
    603     2    1    2669      33       0       0
    629     2    1       0       0      34    2670
    630     2    1       0      34    2670    2671
    664     2    1    2675    2676       0       0
    671     2    1       0       0      35    2677
    672     2    1       0      35    2677    2678
    688     2    1    2683    2684      36       0
    689     2    1    2684      36       0       0
    706     2    1       0       0    2685    6292
    740     2    1    2686    2687      37       0
    741     2    1    2687      37       0       0
    758     2    1       0       0      38      39
    759     2    1       0      38      39    2688
    760     2    1      38      39    2688    2689
    771     2    1       0       0      40    2691
    772     2    1       0      40    2691    2692
    796     2    1       0       0    2699      41
    798     2    1       0    2699      41       0
    799     2    1    2699      41       0       0
    801     2    1       0       0      42      43
    802     2    1       0      42      43       0
    803     2    1      42      43       0       0
    602     3    1    6286    2669       0       0
    630     3    1       0       0    2670    2671
    664     3    1    2675    2676      44       0
    665     3    1    2676      44       0       0
    671     3    1       0       0      45    2677
    672     3    1       0      45    2677    2678
    688     3    1    2683    2684      46      47
    689     3    1    2684      46      47       0
    690     3    1      46      47       0       0
    705     3    1       0       0      48    2685
    706     3    1       0      48    2685    6292
    740     3    1    2686    2687       0       0
    759     3    1       0       0      49    2688
    760     3    1       0      49    2688    2689
    771     3    1       0       0      50    2691
    772     3    1       0      50    2691    2692
    795     3    1       0       0      51    2699
    796     3    1       0      51    2699      52
    798     3    1      51    2699      52       0
    799     3    1    2699      52       0       0
    800     3    1       0       0      53      54
    801     3    1       0      53      54       0
    802     3    1      53      54       0       0
    630     4    1       0       0      55      56
    631     4    1       0      55      56    2706
    632     4    1      55      56    2706    2707
    664     4    1    2710    2711      57       0
    665     4    1    2711      57       0       0
    672     4    1       0       0    2712    2713
    680     4    1    2714    2715      58      59
    681     4    1    2715      58      59      60
    682     4    1      58      59      60      61
    683     4    1      59      60      61    2716
    684     4    1      60      61    2716    2717
    690     4    1    2717    2718      62       0
    691     4    1    2718      62       0       0
    704     4    1       0       0      63      64
    705     4    1       0      63      64    2719
    706     4    1      63      64    2719    6317
    738     4    1    6319    2720      65       0
    739     4    1    2720      65       0       0
    745     4    1       0       0      66       0
    746     4    1       0      66       0       0
    755     4    1       0       0      67      68
    756     4    1       0      67      68       0
    757     4    1      67      68       0       0
    758     4    1       0       0    2721    2722
    764     4    1    2722    2723      69       0
    765     4    1    2723      69       0       0
    771     4    1       0       0      70    2724
    772     4    1       0      70    2724    2725
    800     4    1    2733    2734      71       0
    801     4    1    2734      71       0       0
    631     5    1       0       0      72    2706
    632     5    1       0      72    2706    2707
    664     5    1    2710    2711      73       0
    665     5    1    2711      73       0       0
    671     5    1       0       0      74    2712
    672     5    1       0      74    2712    2713
    680     5    1    2714    2715       0       0
    681     5    1       0       0      75       0
    682     5    1       0      75       0       0
    683     5    1       0       0      76    2716
    684     5    1       0      76    2716    2717
    690     5    1    2717    2718      77      78
    691     5    1    2718      77      78       0
    692     5    1      77      78       0       0
    705     5    1       0       0      79    2719
    706     5    1       0      79    2719    6317
    738     5    1    6319    2720      80       0
    739     5    1    2720      80       0       0
    746     5    1       0       0      81       0
    747     5    1       0      81       0       0
    755     5    1       0       0      82      83
    756     5    1       0      82      83      84
    757     5    1      82      83      84    2721
    758     5    1      83      84    2721    2722
    764     5    1    2722    2723       0       0
    771     5    1       0       0      85    2724
    772     5    1       0      85    2724    2725
    800     5    1    2733    2734      86       0
    801     5    1    2734      86       0       0
    631     6    1       0       0      87    2738
    632     6    1       0      87    2738    2739
    664     6    1    2742    2743      88       0
    665     6    1    2743      88       0       0
    685     6    1       0       0      89    2748
    686     6    1       0      89    2748    2749
    699     6    1       0       0      90    2753
    700     6    1       0      90    2753      91
    702     6    1      90    2753      91       0
    703     6    1    2753      91       0       0
    705     6    1       0       0      92    2754
    706     6    1       0      92    2754    6317
    738     6    1    6319    2755      93       0
    739     6    1    2755      93       0       0
    746     6    1       0       0      94       0
    747     6    1       0      94       0       0
    754     6    1       0       0    2756    2757
    771     6    1       0       0      95    2761
    772     6    1       0      95    2761    2762
    800     6    1    2771    2772      96       0
    801     6    1    2772      96       0       0
    861     6    1       0       0      97    2773
    862     6    1       0      97    2773    6321
    631     7    1       0       0      98    2738
    632     7    1       0      98    2738    2739
    664     7    1    2742    2743      99       0
    665     7    1    2743      99       0       0
    685     7    1       0       0     100    2748
    686     7    1       0     100    2748    2749
    697     7    1       0       0     101     102
    698     7    1       0     101     102     103
    699     7    1     101     102     103    2753
    700     7    1     102     103    2753     104
    702     7    1     103    2753     104       0
    703     7    1    2753     104       0       0
    705     7    1       0       0     105    2754
    706     7    1       0     105    2754    6317
    738     7    1    6319    2755     106       0
    739     7    1    2755     106       0       0
    746     7    1       0       0     107       0
    747     7    1       0     107       0       0
    751     7    1       0       0     108     109
    752     7    1       0     108     109     110
    753     7    1     108     109     110    2756
    754     7    1     109     110    2756    2757
    770     7    1       0       0     111     112
    771     7    1       0     111     112    2761
    772     7    1     111     112    2761    2762
    800     7    1    2771    2772     113       0
    801     7    1    2772     113       0       0
    821     7    1       0       0     114     115
    822     7    1       0     114     115     116
    823     7    1     114     115     116     117
    824     7    1     115     116     117       0
    825     7    1     116     117       0       0
    860     7    1       0       0     118     119
    861     7    1       0     118     119    2773
    862     7    1     118     119    2773    6321
    598     8    1    6333    2774     120       0
    599     8    1    2774     120       0       0
    634     8    1       0       0     121     122
    635     8    1       0     121     122    2775
    636     8    1     121     122    2775    2776
    664     8    1    2777    2778     123       0
    665     8    1    2778     123       0       0
    672     8    1       0       0     124     125
    673     8    1       0     124     125    2779
    674     8    1     124     125    2779    2780
    678     8    1    2779    2780     126       0
    679     8    1    2780     126       0       0
    685     8    1       0       0     127    2781
    686     8    1       0     127    2781    6337
    696     8    1    2782    2783       0       0
    697     8    1       0       0     128    2784
    698     8    1       0     128    2784    2785
    738     8    1    6340    2789     129       0
    739     8    1    2789     129       0       0
    746     8    1       0       0     130       0
    747     8    1       0     130       0       0
    750     8    1       0       0    2790    2791
    769     8    1       0       0     131    2796
    770     8    1       0     131    2796    2797
    784     8    1    2801    2802     132       0
    785     8    1    2802     132       0       0
    791     8    1       0       0     133    2803
    792     8    1       0     133    2803    2804
    815     8    1       0       0     134    2807
    816     8    1       0     134    2807    2808
    830     8    1    2812    2813     135       0
    831     8    1    2813     135       0       0
    834     8    1       0       0     136       0
    835     8    1       0     136       0       0
    857     8    1       0       0     137    2814
    858     8    1       0     137    2814    2815
    598     9    1    6333    2774     138     139
    599     9    1    2774     138     139       0
    600     9    1     138     139       0       0
    635     9    1       0       0     140    2775
    636     9    1       0     140    2775    2776
    664     9    1    2777    2778     141       0
    665     9    1    2778     141       0       0
    673     9    1       0       0     142    2779
    674     9    1       0     142    2779    2780
    678     9    1    2779    2780     143     144
    679     9    1    2780     143     144       0
    680     9    1     143     144       0       0
    684     9    1       0       0     145     146
    685     9    1       0     145     146    2781
    686     9    1     145     146    2781    6337
    696     9    1    2782    2783     147     148
    697     9    1    2783     147     148    2784
    698     9    1     147     148    2784    2785
    738     9    1    6340    2789     149       0
    739     9    1    2789     149       0       0
    746     9    1       0       0     150     151
    747     9    1       0     150     151     152
    748     9    1     150     151     152     153
    749     9    1     151     152     153    2790
    750     9    1     152     153    2790    2791
    769     9    1       0       0     154    2796
    770     9    1       0     154    2796    2797
    784     9    1    2801    2802       0       0
    791     9    1       0       0     155    2803
    792     9    1       0     155    2803    2804
    804     9    1       0       0     156       0
    805     9    1       0     156       0       0
    807     9    1       0       0     157       0
    808     9    1       0     157       0       0
    812     9    1       0       0     158     159
    813     9    1       0     158     159     160
    814     9    1     158     159     160     161
    815     9    1     159     160     161    2807
    816     9    1     160     161    2807    2808
    830     9    1    2812    2813     162     163
    831     9    1    2813     162     163     164
    832     9    1     162     163     164     165
    833     9    1     163     164     165     166
    834     9    1     164     165     166     167
    835     9    1     165     166     167     168
    836     9    1     166     167     168       0
    837     9    1     167     168       0       0
    856     9    1       0       0     169     170
    857     9    1       0     169     170    2814
    858     9    1     169     170    2814    2815
    600    10    1    2817    2818     171       0
    601    10    1    2818     171       0       0
    635    10    1       0       0     172    2819
    636    10    1       0     172    2819    2820
    673    10    1       0       0     173    2823
    674    10    1       0     173    2823    2824
    683    10    1       0       0     174    2825
    684    10    1       0     174    2825    2826
    738    10    1    6340    2835     175       0
    739    10    1    2835     175       0       0
    746    10    1       0       0    2836    2837
    760    10    1    2841    2842     176       0
    761    10    1    2842     176       0       0
    769    10    1       0       0     177    2843
    770    10    1       0     177    2843    2844
    791    10    1       0       0     178    2849
    792    10    1       0     178    2849    2850
    800    10    1    2851    2852       0       0
    804    10    1       0       0    2853      -1
    811    10    1       0       0     179    2854
    812    10    1       0     179    2854    2855
    836    10    1    2864    2865     180       0
    837    10    1    2865     180       0       0
    843    10    1       0       0     181       0
    844    10    1       0     181       0       0
    855    10    1       0       0     182    2866
    856    10    1       0     182    2866    2867
    600    11    1    2817    2818     183       0
    601    11    1    2818     183       0       0
    635    11    1       0       0     184    2819
    636    11    1       0     184    2819    2820
    673    11    1       0       0     185    2823
    674    11    1       0     185    2823    2824
    683    11    1       0       0     186    2825
    684    11    1       0     186    2825    2826
    738    11    1    6340    2835       0       0
    741    11    1       0       0     187     188
    742    11    1       0     187     188     189
    743    11    1     187     188     189       0
    744    11    1     188     189       0       0
    745    11    1       0       0     190    2836
    746    11    1       0     190    2836    2837
    760    11    1    2841    2842     191       0
    761    11    1    2842     191       0       0
    769    11    1       0       0     192    2843
    770    11    1       0     192    2843    2844
    790    11    1       0       0     193     194
    791    11    1       0     193     194    2849
    792    11    1     193     194    2849    2850
    800    11    1    2851    2852     195       0
    801    11    1    2852     195       0       0
    803    11    1       0       0     196    2853
    804    11    1       0     196    2853      -1
    809    11    1       0       0     197     198
    810    11    1       0     197     198     199
    811    11    1     197     198     199    2854
    812    11    1     198     199    2854    2855
    836    11    1    2864    2865       0       0
    837    11    1       0       0     200     201
    838    11    1       0     200     201     202
    839    11    1     200     201     202     203
    840    11    1     201     202     203     204
    841    11    1     202     203     204     205
    842    11    1     203     204     205     206
    843    11    1     204     205     206       0
    844    11    1     205     206       0       0
    848    11    1       0       0     207       0
    849    11    1       0     207       0       0
    851    11    1       0       0     208     209
    852    11    1       0     208     209     210
    853    11    1     208     209     210     211
    854    11    1     209     210     211     212
    855    11    1     210     211     212    2866
    856    11    1     211     212    2866    2867
    637    12    1       0       0     213    2880
    638    12    1       0     213    2880    6348
    664    12    1    2881    2882       0       0
    673    12    1       0       0     214    2883
    674    12    1       0     214    2883    2884
    678    12    1    2883    2884     215       0
    679    12    1    2884     215       0       0
    682    12    1       0       0     216     217
    683    12    1       0     216     217    2885
    684    12    1     216     217    2885    2886
    738    12    1    6358    2887       0       0
    741    12    1       0       0     218    2888
    742    12    1       0     218    2888    2889
    760    12    1    2891    2892     219       0
    761    12    1    2892     219       0       0
    780    12    1    2897    2898     220       0
    781    12    1    2898     220       0       0
    791    12    1       0       0     221    2899
    792    12    1       0     221    2899    2900
    804    12    1    2903    2904     222     223
    805    12    1    2904     222     223       0
    806    12    1     222     223       0       0
    809    12    1       0       0     224     225
    810    12    1       0     224     225     226
    811    12    1     224     225     226    2905
    812    12    1     225     226    2905    2906
    846    12    1       0       0     227     228
    847    12    1       0     227     228     229
    848    12    1     227     228     229       0
    849    12    1     228     229       0       0
    637    13    1       0       0     230    2880
    638    13    1       0     230    2880    6348
    664    13    1    2881    2882     231     232
    665    13    1    2882     231     232       0
    666    13    1     231     232       0       0
    672    13    1       0       0     233     234
    673    13    1       0     233     234    2883
    674    13    1     233     234    2883    2884
    678    13    1    2883    2884     235       0
    679    13    1    2884     235       0       0
    683    13    1       0       0     236    2885
    684    13    1       0     236    2885    2886
    738    13    1    6358    2887     237     238
    739    13    1    2887     237     238     239
    740    13    1     237     238     239     240
    741    13    1     238     239     240    2888
    742    13    1     239     240    2888    2889
    760    13    1    2891    2892       0       0
    780    13    1    2897    2898       0       0
    791    13    1       0       0     241    2899
    792    13    1       0     241    2899    2900
    804    13    1    2903    2904     242       0
    805    13    1    2904     242       0       0
    808    13    1       0       0     243     244
    809    13    1       0     243     244       0
    810    13    1     243     244       0       0
    811    13    1       0       0     245    2905
    812    13    1       0     245    2905    2906
    598    14    1    2925    2926     246       0
    599    14    1    2926     246       0       0
    638    14    1       0       0    2927    6348
    668    14    1    2930    2931     247       0
    669    14    1    2931     247       0       0
    678    14    1    2932    2933     248       0
    679    14    1    2933     248       0       0
    680    14    1       0       0     249       0
    681    14    1       0     249       0       0
    682    14    1       0       0    2934    2935
    758    14    1    6360    2943     250       0
    759    14    1    2943     250       0       0
    767    14    1       0       0     251    2944
    768    14    1       0     251    2944    2945
    778    14    1    2947    2948     252       0
    779    14    1    2948     252       0       0
    791    14    1       0       0     253    2949
    792    14    1       0     253    2949    2950
    806    14    1    2954    2955     254       0
    807    14    1    2955     254       0       0
    808    14    1       0       0     255       0
    809    14    1       0     255       0       0
    811    14    1       0       0     256    2956
    812    14    1       0     256    2956    2957
    845    14    1       0       0     257     258
    846    14    1       0     257     258       0
    847    14    1     257     258       0       0
    849    14    1       0       0     259    2964
    850    14    1       0     259    2964    2965
    598    15    1    2925    2926     260       0
    599    15    1    2926     260       0       0
    637    15    1       0       0     261    2927
    638    15    1       0     261    2927    6348
    668    15    1    2930    2931     262     263
    669    15    1    2931     262     263       0
    670    15    1     262     263       0       0
    678    15    1    2932    2933       0       0
    679    15    1       0       0     264     265
    680    15    1       0     264     265     266
    681    15    1     264     265     266    2934
    682    15    1     265     266    2934    2935
    758    15    1    6360    2943     267     268
    759    15    1    2943     267     268       0
    760    15    1     267     268       0       0
    764    15    1       0       0     269     270
    765    15    1       0     269     270     271
    766    15    1     269     270     271     272
    767    15    1     270     271     272    2944
    768    15    1     271     272    2944    2945
    778    15    1    2947    2948       0       0
    792    15    1       0       0    2949    2950
    806    15    1    2954    2955       0       0
    810    15    1       0       0     273     274
    811    15    1       0     273     274    2956
    812    15    1     273     274    2956    2957
    845    15    1       0       0     275       0
    846    15    1       0     275       0       0
    849    15    1       0       0     276    2964
    850    15    1       0     276    2964    2965
    568    16    1    2969    2970     277       0
    569    16    1    2970     277       0       0
    571    16    1       0       0     278    2971
    572    16    1       0     278    2971    2972
    596    16    1    2975    2976     279     280
    597    16    1    2976     279     280       0
    598    16    1     279     280       0       0
    637    16    1       0       0     281    2977
    638    16    1       0     281    2977    6372
    670    16    1    2979    2980     282       0
    671    16    1    2980     282       0       0
    673    16    1       0       0     283    2981
    674    16    1       0     283    2981    2982
    678    16    1    2981    2982       0       0
    679    16    1       0       0     284    2983
    680    16    1       0     284    2983    2984
    758    16    1    6382    2991     285       0
    759    16    1    2991     285       0       0
    763    16    1       0       0     286    2992
    764    16    1       0     286    2992    2993
    776    16    1    2996    2997     287       0
    777    16    1    2997     287       0       0
    793    16    1       0       0     288    2998
    794    16    1       0     288    2998    6383
    810    16    1       0       0    3000    3001
    846    16    1    3004    3005       0       0
    849    16    1       0       0     289    3006
    850    16    1       0     289    3006    6391
    568    17    1    2969    2970     290     291
    569    17    1    2970     290     291     292
    570    17    1     290     291     292     293
    571    17    1     291     292     293    2971
    572    17    1     292     293    2971    2972
    596    17    1    2975    2976     294       0
    597    17    1    2976     294       0       0
    637    17    1       0       0     295    2977
    638    17    1       0     295    2977    6372
    670    17    1    2979    2980     296     297
    671    17    1    2980     296     297     298
    672    17    1     296     297     298     299
    673    17    1     297     298     299    2981
    674    17    1     298     299    2981    2982
    678    17    1    2981    2982     300     301
    679    17    1    2982     300     301    2983
    680    17    1     300     301    2983    2984
    758    17    1    6382    2991     302     303
    759    17    1    2991     302     303       0
    760    17    1     302     303       0       0
    763    17    1       0       0     304    2992
    764    17    1       0     304    2992    2993
    776    17    1    2996    2997       0       0
    793    17    1       0       0     305    2998
    794    17    1       0     305    2998    6383
    808    17    1       0       0     306     307
    809    17    1       0     306     307    3000
    810    17    1     306     307    3000    3001
    846    17    1    3004    3005     308       0
    847    17    1    3005     308       0       0
    848    17    1       0       0     309     310
    849    17    1       0     309     310    3006
    850    17    1     309     310    3006    6391
    592    18    1    3013    3014     311     312
    593    18    1    3014     311     312     313
    594    18    1     311     312     313       0
    595    18    1     312     313       0       0
    637    18    1       0       0     314    3015
    638    18    1       0     314    3015    6372
    744    18    1    3026    3027     315     316
    745    18    1    3027     315     316       0
    746    18    1     315     316       0       0
    747    18    1       0       0     317    3028
    748    18    1       0     317    3028    3029
    774    18    1    3037    3038     318     319
    775    18    1    3038     318     319       0
    776    18    1     318     319       0       0
    793    18    1       0       0     320    3039
    794    18    1       0     320    3039    6383
    592    19    1    3013    3014       0       0
    593    19    1       0       0     321     322
    594    19    1       0     321     322     323
    595    19    1     321     322     323       0
    596    19    1     322     323       0       0
    636    19    1       0       0     324     325
    637    19    1       0     324     325    3015
    638    19    1     324     325    3015    6372
    744    19    1    3026    3027       0       0
    747    19    1       0       0     326    3028
    748    19    1       0     326    3028    3029
    774    19    1    3037    3038     327       0
    775    19    1    3038     327       0       0
    793    19    1       0       0     328    3039
    794    19    1       0     328    3039    6383
    635    20    1       0       0     329    3054
    636    20    1       0     329    3054    3055
    742    20    1    3063    3064     330       0
    743    20    1    3064     330       0       0
    747    20    1       0       0     331    3065
    748    20    1       0     331    3065    3066
    774    20    1    6416    3067     332       0
    775    20    1    3067     332       0       0
    793    20    1       0       0     333    3068
    794    20    1       0     333    3068    6417
    634    21    1       0       0     334     335
    635    21    1       0     334     335    3054
    636    21    1     334     335    3054    3055
    742    21    1    3063    3064     336       0
    743    21    1    3064     336       0       0
    746    21    1       0       0     337     338
    747    21    1       0     337     338    3065
    748    21    1     337     338    3065    3066
    774    21    1    6416    3067     339       0
    775    21    1    3067     339       0       0
    793    21    1       0       0     340    3068
    794    21    1       0     340    3068    6417
    590    22    1    6400    3069     341     342
    591    22    1    3069     341     342       0
    592    22    1     341     342       0       0
    633    22    1       0       0     343    3070
    634    22    1       0     343    3070    3071
    666    22    1    3074    3075     344     345
    667    22    1    3075     344     345    3076
    668    22    1     344     345    3076    3077
    742    22    1    3079    3080       0       0
    745    22    1       0       0     346    3081
    746    22    1       0     346    3081    3082
    774    22    1    6416    3084     347       0
    775    22    1    3084     347       0       0
    793    22    1       0       0     348    3085
    794    22    1       0     348    3085    6417
    590    23    1    6400    3069     349       0
    591    23    1    3069     349       0       0
    633    23    1       0       0     350    3070
    634    23    1       0     350    3070    3071
    666    23    1    3074    3075     351       0
    667    23    1    3075     351       0       0
    668    23    1       0       0    3076    3077
    742    23    1    3079    3080     352       0
    743    23    1    3080     352       0       0
    744    23    1       0       0     353     354
    745    23    1       0     353     354    3081
    746    23    1     353     354    3081    3082
    774    23    1    6416    3084     355       0
    775    23    1    3084     355       0       0
    794    23    1       0       0    3085    6417
    590    24    1    3087    3088     356       0
    591    24    1    3088     356       0       0
    633    24    1       0       0     357    3089
    634    24    1       0     357    3089    6436
    664    24    1    3090    3091     358       0
    665    24    1    3091     358       0       0
    669    24    1       0       0     359    3092
    670    24    1       0     359    3092    6442
    740    24    1    3095    3096     360     361
    741    24    1    3096     360     361       0
    742    24    1     360     361       0       0
    743    24    1       0       0     362    3097
    744    24    1       0     362    3097    3098
    774    24    1    3104    3105     363       0
    775    24    1    3105     363       0       0
    590    25    1    3087    3088     364       0
    591    25    1    3088     364       0       0
    633    25    1       0       0     365    3089
    634    25    1       0     365    3089    6436
    664    25    1    3090    3091     366     367
    665    25    1    3091     366     367       0
    666    25    1     366     367       0       0
    669    25    1       0       0     368    3092
    670    25    1       0     368    3092    6442
    740    25    1    3095    3096       0       0
    742    25    1       0       0     369     370
    743    25    1       0     369     370    3097
    744    25    1     369     370    3097    3098
    774    25    1    3104    3105     371       0
    775    25    1    3105     371       0       0
    588    26    1    3107    3108     372       0
    589    26    1    3108     372       0       0
    668    26    1    3112    3113     373       0
    669    26    1    3113     373       0       0
    670    26    1       0       0    3114    6442
    736    26    1    3115    3116     374       0
    737    26    1    3116     374       0       0
    738    26    1       0       0     375       0
    739    26    1       0     375       0       0
    742    26    1       0       0    3117    3118
    768    26    1    3122    3123     376     377
    769    26    1    3123     376     377    3124
    770    26    1     376     377    3124      -1
    588    27    1    3107    3108     378     379
    589    27    1    3108     378     379       0
    590    27    1     378     379       0       0
    668    27    1    3112    3113     380     381
    669    27    1    3113     380     381    3114
    670    27    1     380     381    3114    6442
    736    27    1    3115    3116       0       0
    741    27    1       0       0     382    3117
    742    27    1       0     382    3117    3118
    768    27    1    3122    3123       0       0
    769    27    1       0       0     383    3124
    770    27    1       0     383    3124      -1
    773    27    1       0       0     384     385
    774    27    1       0     384     385       0
    775    27    1     384     385       0       0
    588    28    1    3126    3127     386       0
    589    28    1    3127     386       0       0
    590    28    1       0       0     387       0
    591    28    1       0     387       0       0
    664    28    1    3135    3136     388     389
    665    28    1    3136     388     389    3137
    666    28    1     388     389    3137    3138
    734    28    1    3143    3144     390       0
    735    28    1    3144     390       0       0
    741    28    1       0       0     391    3145
    742    28    1       0     391    3145    6465
    762    28    1    3149    3150     392     393
    763    28    1    3150     392     393     394
    764    28    1     392     393     394     395
    765    28    1     393     394     395     396
    766    28    1     394     395     396     397
    767    28    1     395     396     397       0
    768    28    1     396     397       0       0
    773    28    1       0       0     398     399
    774    28    1       0     398     399     400
    775    28    1     398     399     400       0
    776    28    1     399     400       0       0
    779    28    1       0       0     401     402
    780    28    1       0     401     402       0
    781    28    1     401     402       0       0
    793    28    1       0       0     403    3151
    794    28    1       0     403    3151    6467
    588    29    1    3126    3127     404     405
    589    29    1    3127     404     405     406
    590    29    1     404     405     406       0
    591    29    1     405     406       0       0
    664    29    1    3135    3136       0       0
    665    29    1       0       0     407    3137
    666    29    1       0     407    3137    3138
    734    29    1    3143    3144     408       0
    735    29    1    3144     408       0       0
    741    29    1       0       0     409    3145
    742    29    1       0     409    3145    6465
    762    29    1    3149    3150     410       0
    763    29    1    3150     410       0       0
    764    29    1       0       0     411       0
    765    29    1       0     411       0       0
    775    29    1       0       0     412     413
    776    29    1       0     412     413       0
    777    29    1     412     413       0       0
    779    29    1       0       0     414     415
    780    29    1       0     414     415     416
    781    29    1     414     415     416     417
    782    29    1     415     416     417     418
    783    29    1     416     417     418     419
    784    29    1     417     418     419       0
    785    29    1     418     419       0       0
    793    29    1       0       0     420    3151
    794    29    1       0     420    3151    6467
    590    30    1    3153    3154     421       0
    591    30    1    3154     421       0       0
    646    30    1    3157    3158     422       0
    647    30    1    3158     422       0       0
    648    30    1       0       0     423     424
    649    30    1       0     423     424    3159
    650    30    1     423     424    3159    6458
    668    30    1    3162    3163     425     426
    669    30    1    3163     425     426    3164
    670    30    1     425     426    3164    3165
    732    30    1    3167    3168     427       0
    733    30    1    3168     427       0       0
    740    30    1       0       0    3169    3170
    760    30    1    3173    3174     428       0
    761    30    1    3174     428       0       0
    764    30    1       0       0     429       0
    765    30    1       0     429       0       0
    776    30    1       0       0     430     431
    777    30    1       0     430     431    3175
    778    30    1     430     431    3175    3176
    590    31    1    3153    3154     432       0
    591    31    1    3154     432       0       0
    646    31    1    3157    3158       0       0
    649    31    1       0       0     433    3159
    650    31    1       0     433    3159    6458
    668    31    1    3162    3163       0       0
    670    31    1       0       0    3164    3165
    732    31    1    3167    3168       0       0
    736    31    1       0       0     434     435
    737    31    1       0     434     435     436
    738    31    1     434     435     436     437
    739    31    1     435     436     437    3169
    740    31    1     436     437    3169    3170
    760    31    1    3173    3174       0       0
    777    31    1       0       0     438    3175
    778    31    1       0     438    3175    3176
    590    32    1    6472    3181     439       0
    591    32    1    3181     439       0       0
    644    32    1    3183    3184     440       0
    645    32    1    3184     440       0       0
    649    32    1       0       0     441    3185
    650    32    1       0     441    3185    6474
    666    32    1    3189    3190       0       0
    671    32    1       0       0     442    3191
    672    32    1       0     442    3191    3192
    730    32    1    3196    3197     443       0
    731    32    1    3197     443       0       0
    735    32    1       0       0     444    3198
    736    32    1       0     444    3198    3199
    756    32    1    3206    3207     445     446
    757    32    1    3207     445     446       0
    758    32    1     445     446       0       0
    786    32    1    3210    3211     447       0
    787    32    1    3211     447       0       0
    793    32    1       0       0     448    3212
    794    32    1       0     448    3212    3213
    590    33    1    6472    3181     449       0
    591    33    1    3181     449       0       0
    644    33    1    3183    3184     450       0
    645    33    1    3184     450       0       0
    647    33    1       0       0     451       0
    648    33    1       0     451       0       0
    649    33    1       0       0     452    3185
    650    33    1       0     452    3185    6474
    666    33    1    3189    3190     453       0
    667    33    1    3190     453       0       0
    670    33    1       0       0     454     455
    671    33    1       0     454     455    3191
    672    33    1     454     455    3191    3192
    730    33    1    3196    3197       0       0
    734    33    1       0       0     456     457
    735    33    1       0     456     457    3198
    736    33    1     456     457    3198    3199
    756    33    1    3206    3207       0       0
    757    33    1       0       0     458       0
    758    33    1       0     458       0       0
    786    33    1    3210    3211       0       0
    793    33    1       0       0     459    3212
    794    33    1       0     459    3212    3213
    670    34    1    3228    3229       0       0
    671    34    1       0       0     460    3230
    672    34    1       0     460    3230    3231
    728    34    1    3234    3235     461       0
    729    34    1    3235     461       0       0
    734    34    1       0       0    3236    3237
    754    34    1    3244    3245     462       0
    755    34    1    3245     462       0       0
    778    34    1       0       0     463     464
    779    34    1       0     463     464       0
    780    34    1     463     464       0       0
    785    34    1       0       0     465       0
    786    34    1       0     465       0       0
    793    34    1       0       0     466    3246
    794    34    1       0     466    3246    3247
    670    35    1    3228    3229     467     468
    671    35    1    3229     467     468    3230
    672    35    1     467     468    3230    3231
    728    35    1    3234    3235       0       0
    733    35    1       0       0     469    3236
    734    35    1       0     469    3236    3237
    754    35    1    3244    3245       0       0
    793    35    1       0       0     470    3246
    794    35    1       0     470    3246    3247
    660    36    1    3255    3256     471     472
    661    36    1    3256     471     472    3257
    662    36    1     471     472    3257    6488
    722    36    1    3263    3264     473       0
    723    36    1    3264     473       0       0
    724    36    1       0       0     474     475
    725    36    1       0     474     475       0
    726    36    1     474     475       0       0
    733    36    1       0       0     476    3265
    734    36    1       0     476    3265    6493
    744    36    1    3266    3267     477     478
    745    36    1    3267     477     478    3268
    746    36    1     477     478    3268    3269
    794    36    1       0       0     479     480
    795    36    1       0     479     480    3271
    796    36    1     479     480    3271    3272
    660    37    1    3255    3256       0       0
    661    37    1       0       0     481    3257
    662    37    1       0     481    3257    6488
    722    37    1    3263    3264     482       0
    723    37    1    3264     482       0       0
    732    37    1       0       0     483     484
    733    37    1       0     483     484    3265
    734    37    1     483     484    3265    6493
    744    37    1    3266    3267       0       0
    745    37    1       0       0     485    3268
    746    37    1       0     485    3268    3269
    789    37    1       0       0     486       0
    790    37    1       0     486       0       0
    795    37    1       0       0     487    3271
    796    37    1       0     487    3271    3272
    588    38    1    3273    3274     488       0
    589    38    1    3274     488       0       0
    634    38    1       0       0     489     490
    635    38    1       0     489     490    3275
    636    38    1     489     490    3275    3276
    660    38    1    3277    3278       0       0
    661    38    1       0       0     491    3279
    662    38    1       0     491    3279    6488
    720    38    1    3284    3285     492       0
    721    38    1    3285     492       0       0
    732    38    1       0       0    3286    3287
    742    38    1    6493    3288     493       0
    743    38    1    3288     493       0       0
    747    38    1       0       0     494     495
    748    38    1       0     494     495     496
    749    38    1     494     495     496       0
    750    38    1     495     496       0       0
    788    38    1       0       0    3289       0
    790    38    1       0    3289       0       0
    588    39    1    3273    3274     497       0
    589    39    1    3274     497       0       0
    635    39    1       0       0     498    3275
    636    39    1       0     498    3275    3276
    660    39    1    3277    3278     499     500
    661    39    1    3278     499     500    3279
    662    39    1     499     500    3279    6488
    720    39    1    3284    3285     501       0
    721    39    1    3285     501       0       0
    731    39    1       0       0     502    3286
    732    39    1       0     502    3286    3287
    742    39    1    6493    3288       0       0
    786    39    1       0       0     503     504
    787    39    1       0     503     504    3289
    788    39    1     503     504    3289     505
    790    39    1     504    3289     505       0
    791    39    1    3289     505       0       0
    586    40    1    3293    3294     506     507
    587    40    1    3294     506     507       0
    588    40    1     506     507       0       0
    636    40    1       0       0     508     509
    637    40    1       0     508     509    3295
    638    40    1     508     509    3295    6499
    720    40    1    3302    3303     510       0
    721    40    1    3303     510       0       0
    771    40    1       0       0     511     512
    772    40    1       0     511     512       0
    773    40    1     511     512       0       0
    786    40    1       0       0    3308    3309
    790    40    1    3308    3309     513       0
    791    40    1    3309     513       0       0
    797    40    1       0       0     514    3310
    798    40    1       0     514    3310    6514
    586    41    1    3293    3294     515       0
    587    41    1    3294     515       0       0
    637    41    1       0       0     516    3295
    638    41    1       0     516    3295    6499
    720    41    1    3302    3303     517       0
    721    41    1    3303     517       0       0
    771    41    1       0       0     518     519
    772    41    1       0     518     519     520
    773    41    1     518     519     520       0
    774    41    1     519     520       0       0
    785    41    1       0       0     521    3308
    786    41    1       0     521    3308    3309
    790    41    1    3308    3309     522     523
    791    41    1    3309     522     523     524
    792    41    1     522     523     524     525
    793    41    1     523     524     525     526
    794    41    1     524     525     526     527
    795    41    1     525     526     527     528
    796    41    1     526     527     528     529
    797    41    1     527     528     529    3310
    798    41    1     528     529    3310    6514
    586    42    1    3312    3313     530       0
    587    42    1    3313     530       0       0
    729    42    1       0       0     531    3323
    730    42    1       0     531    3323    3324
    774    42    1      -1    3327       0       0
    785    42    1       0       0     532    3328
    786    42    1       0     532    3328    3329
    586    43    1    3312    3313       0       0
    728    43    1       0       0     533     534
    729    43    1       0     533     534    3323
    730    43    1     533     534    3323    3324
    774    43    1      -1    3327     535     536
    775    43    1    3327     535     536       0
    776    43    1     535     536       0       0
    781    43    1       0       0     537     538
    782    43    1       0     537     538     539
    783    43    1     537     538     539     540
    784    43    1     538     539     540     541
    785    43    1     539     540     541    3328
    786    43    1     540     541    3328    3329
    584    44    1    3337    3338     542     543
    585    44    1    3338     542     543       0
    586    44    1     542     543       0       0
    637    44    1       0       0     544    3339
    638    44    1       0     544    3339    6518
    716    44    1    3358    3359     545     546
    717    44    1    3359     545     546     547
    718    44    1     545     546     547     548
    719    44    1     546     547     548     549
    720    44    1     547     548     549       0
    721    44    1     548     549       0       0
    727    44    1       0       0     550    3360
    728    44    1       0     550    3360    3361
    771    44    1       0       0     551    3363
    772    44    1       0     551    3363    3364
    776    44    1    3363    3364       0       0
    779    44    1       0       0     552    3365
    780    44    1       0     552    3365    3366
    584    45    1    3337    3338     553       0
    585    45    1    3338     553       0       0
    631    45    1       0       0     554     555
    632    45    1       0     554     555     556
    633    45    1     554     555     556       0
    634    45    1     555     556       0       0
    635    45    1       0       0     557     558
    636    45    1       0     557     558     559
    637    45    1     557     558     559    3339
    638    45    1     558     559    3339    6518
    716    45    1    3358    3359       0       0
    719    45    1       0       0     560     561
    720    45    1       0     560     561     562
    721    45    1     560     561     562       0
    722    45    1     561     562       0       0
    725    45    1       0       0     563     564
    726    45    1       0     563     564     565
    727    45    1     563     564     565    3360
    728    45    1     564     565    3360    3361
    770    45    1       0       0     566     567
    771    45    1       0     566     567    3363
    772    45    1     566     567    3363    3364
    776    45    1    3363    3364     568     569
    777    45    1    3364     568     569     570
    778    45    1     568     569     570     571
    779    45    1     569     570     571    3365
    780    45    1     570     571    3365    3366
    631    46    1       0       0     572    3379
    632    46    1       0     572    3379    3380
    664    46    1    3387    3388     573     574
    665    46    1    3388     573     574    3389
    666    46    1     573     574    3389    3390
    698    46    1    3393    3394     575     576
    699    46    1    3394     575     576       0
    700    46    1     575     576       0       0
    716    46    1    3398    3399       0       0
    717    46    1       0       0     577    3400
    718    46    1       0     577    3400    3401
    742    46    1    6526    3407     578       0
    743    46    1    3407     578       0       0
    790    46    1    3416    3417     579     580
    791    46    1    3417     579     580     581
    792    46    1     579     580     581     582
    793    46    1     580     581     582     583
    794    46    1     581     582     583     584
    795    46    1     582     583     584       0
    796    46    1     583     584       0       0
    798    46    1       0       0    3418    6527
    631    47    1       0       0     585    3379
    632    47    1       0     585    3379    3380
    664    47    1    3387    3388       0       0
    665    47    1       0       0     586    3389
    666    47    1       0     586    3389    3390
    698    47    1    3393    3394       0       0
    716    47    1    3398    3399     587     588
    717    47    1    3399     587     588    3400
    718    47    1     587     588    3400    3401
    742    47    1    6526    3407       0       0
    790    47    1    3416    3417       0       0
    791    47    1       0       0     589     590
    792    47    1       0     589     590       0
    793    47    1     589     590       0       0
    797    47    1       0       0     591    3418
    798    47    1       0     591    3418    6527
    580    48    1    3421    3422     592       0
    581    48    1    3422     592       0       0
    631    48    1       0       0     593    3423
    632    48    1       0     593    3423    3424
    652    48    1    3425    3426     594     595
    653    48    1    3426     594     595    3427
    654    48    1     594     595    3427    3428
    662    48    1    3429    3430     596       0
    663    48    1    3430     596       0       0
    667    48    1       0       0     597    3431
    668    48    1       0     597    3431    3432
    696    48    1    3433    3434     598       0
    697    48    1    3434     598       0       0
    704    48    1       0       0     599     600
    705    48    1       0     599     600    3435
    706    48    1     599     600    3435    3436
    742    48    1    3443    3444     601       0
    743    48    1    3444     601       0       0
    770    48    1       0       0     602     603
    771    48    1       0     602     603    3445
    772    48    1     602     603    3445    3446
    784    48    1    3449    3450     604     605
    785    48    1    3450     604     605    3451
    786    48    1     604     605    3451     606
    788    48    1     605    3451     606       0
    789    48    1    3451     606       0       0
    797    48    1       0       0     607    3452
    798    48    1       0     607    3452    6546
    580    49    1    3421    3422       0       0
    631    49    1       0       0     608    3423
    632    49    1       0     608    3423    3424
    652    49    1    3425    3426       0       0
    653    49    1       0       0     609    3427
    654    49    1       0     609    3427    3428
    662    49    1    3429    3430       0       0
    663    49    1       0       0     610       0
    664    49    1       0     610       0       0
    667    49    1       0       0     611    3431
    668    49    1       0     611    3431    3432
    696    49    1    3433    3434       0       0
    705    49    1       0       0     612    3435
    706    49    1       0     612    3435    3436
    742    49    1    3443    3444     613       0
    743    49    1    3444     613       0       0
    771    49    1       0       0     614    3445
    772    49    1       0     614    3445    3446
    784    49    1    3449    3450       0       0
    785    49    1       0       0     615    3451
    786    49    1       0     615    3451       0
    788    49    1     615    3451       0       0
    797    49    1       0       0     616    3452
    798    49    1       0     616    3452    6546
    630    50    1       0       0    3455    3456
    652    50    1    3458    3459       0       0
    653    50    1       0       0     617       0
    654    50    1       0     617       0       0
    655    50    1       0       0     618     619
    656    50    1       0     618     619     620
    657    50    1     618     619     620    3460
    658    50    1     619     620    3460     621
    660    50    1     620    3460     621       0
    661    50    1    3460     621       0       0
    667    50    1       0       0     622    3461
    668    50    1       0     622    3461    3462
    694    50    1    6541    3463     623       0
    695    50    1    3463     623       0       0
    707    50    1       0       0     624    3464
    708    50    1       0     624    3464    3465
    742    50    1    3471    3472     625       0
    743    50    1    3472     625       0       0
    778    50    1       0       0     626     627
    779    50    1       0     626     627     628
    780    50    1     626     627     628     629
    781    50    1     627     628     629       0
    782    50    1     628     629       0       0
    789    50    1       0       0     630    3473
    790    50    1       0     630    3473       0
    792    50    1     630    3473       0       0
    794    50    1       0       0    3474     631
    796    50    1       0    3474     631     632
    797    50    1    3474     631     632    3475
    798    50    1     631     632    3475    6546
    627    51    1       0       0     633     634
    628    51    1       0     633     634     635
    629    51    1     633     634     635    3455
    630    51    1     634     635    3455    3456
    652    51    1    3458    3459     636     637
    653    51    1    3459     636     637     638
    654    51    1     636     637     638     639
    655    51    1     637     638     639       0
    656    51    1     638     639       0       0
    657    51    1       0       0     640    3460
    658    51    1       0     640    3460       0
    660    51    1     640    3460       0       0
    661    51    1       0       0     641       0
    662    51    1       0     641       0       0
    668    51    1       0       0    3461    3462
    694    51    1    6541    3463       0       0
    695    51    1       0       0     642       0
    696    51    1       0     642       0       0
    707    51    1       0       0     643    3464
    708    51    1       0     643    3464    3465
    742    51    1    3471    3472       0       0
    779    51    1       0       0     644       0
    780    51    1       0     644       0       0
    790    51    1       0       0    3473     645
    792    51    1       0    3473     645     646
    793    51    1    3473     645     646    3474
    794    51    1     645     646    3474       0
    796    51    1     646    3474       0       0
    797    51    1       0       0     647    3475
    798    51    1       0     647    3475    6546
    574    52    1    3477    3478     648       0
    575    52    1    3478     648       0       0
    627    52    1       0       0     649    3479
    628    52    1       0     649    3479    3480
    656    52    1    3483    3484     650     651
    657    52    1    3484     650     651     652
    658    52    1     650     651     652       0
    659    52    1     651     652       0       0
    667    52    1       0       0     653    3485
    668    52    1       0     653    3485    3486
    694    52    1    6559    3489     654       0
    695    52    1    3489     654       0       0
    738    52    1    3494    3495     655     656
    739    52    1    3495     655     656       0
    740    52    1     655     656       0       0
    790    52    1       0       0    3496    3497
    794    52    1    3496    3497     657       0
    795    52    1    3497     657       0       0
    796    52    1       0       0    3498    3499
    574    53    1    3477    3478       0       0
    626    53    1       0       0     658     659
    627    53    1       0     658     659    3479
    628    53    1     658     659    3479    3480
    656    53    1    3483    3484       0       0
    668    53    1       0       0    3485    3486
    694    53    1    6559    3489     660       0
    695    53    1    3489     660       0       0
    738    53    1    3494    3495     661       0
    739    53    1    3495     661       0       0
    774    53    1       0       0     662       0
    775    53    1       0     662       0       0
    778    53    1       0       0     663       0
    779    53    1       0     663       0       0
    786    53    1       0       0     664     665
    787    53    1       0     664     665     666
    788    53    1     664     665     666     667
    789    53    1     665     666     667    3496
    790    53    1     666     667    3496    3497
    794    53    1    3496    3497     668     669
    795    53    1    3497     668     669    3498
    796    53    1     668     669    3498    3499
    572    54    1    3500    3501     670       0
    573    54    1    3501     670       0       0
    625    54    1       0       0     671    3502
    626    54    1       0     671    3502    3503
    654    54    1    3506    3507     672     673
    655    54    1    3507     672     673       0
    656    54    1     672     673       0       0
    669    54    1       0       0     674    3508
    670    54    1       0     674    3508    3509
    694    54    1    6559    3511     675       0
    695    54    1    3511     675       0       0
    738    54    1    3516    3517     676       0
    739    54    1    3517     676       0       0
    773    54    1       0       0     677     678
    774    54    1       0     677     678       0
    775    54    1     677     678       0       0
    783    54    1       0       0     679    3518
    784    54    1       0     679    3518    3519
    572    55    1    3500    3501     680       0
    573    55    1    3501     680       0       0
    624    55    1       0       0     681     682
    625    55    1       0     681     682    3502
    626    55    1     681     682    3502    3503
    654    55    1    3506    3507     683       0
    655    55    1    3507     683       0       0
    669    55    1       0       0     684    3508
    670    55    1       0     684    3508    3509
    694    55    1    6559    3511     685     686
    695    55    1    3511     685     686       0
    696    55    1     685     686       0       0
    738    55    1    3516    3517       0       0
    771    55    1       0       0     687     688
    772    55    1       0     687     688     689
    773    55    1     687     688     689     690
    774    55    1     688     689     690       0
    775    55    1     689     690       0       0
    781    55    1       0       0     691     692
    782    55    1       0     691     692     693
    783    55    1     691     692     693    3518
    784    55    1     692     693    3518    3519
    572    56    1    3530    3531     694       0
    573    56    1    3531     694       0       0
    623    56    1       0       0     695    3532
    624    56    1       0     695    3532    3533
    654    56    1    6574    3534     696       0
    655    56    1    3534     696       0       0
    694    56    1    3538    3539     697     698
    695    56    1    3539     697     698       0
    696    56    1     697     698       0       0
    705    56    1       0       0     699     700
    706    56    1       0     699     700       0
    707    56    1     699     700       0       0
    708    56    1       0       0    3540    3541
    736    56    1    3542    3543     701     702
    737    56    1    3543     701     702       0
    738    56    1     701     702       0       0
    769    56    1       0       0     703    3544
    770    56    1       0     703    3544    3545
    774    56    1    3544    3545     704       0
    775    56    1    3545     704       0       0
    780    56    1       0       0    3546    3547
    572    57    1    3530    3531     705       0
    573    57    1    3531     705       0       0
    623    57    1       0       0     706    3532
    624    57    1       0     706    3532    3533
    654    57    1    6574    3534       0       0
    694    57    1    3538    3539     707       0
    695    57    1    3539     707       0       0
    705    57    1       0       0     708     709
    706    57    1       0     708     709     710
    707    57    1     708     709     710    3540
    708    57    1     709     710    3540    3541
    736    57    1    3542    3543       0       0
    769    57    1       0       0     711    3544
    770    57    1       0     711    3544    3545
    774    57    1    3544    3545       0       0
    777    57    1       0       0     712     713
    778    57    1       0     712     713     714
    779    57    1     712     713     714    3546
    780    57    1     713     714    3546    3547
    564    58    1    3550    3551     715     716
    565    58    1    3551     715     716     717
    566    58    1     715     716     717     718
    567    58    1     716     717     718     719
    568    58    1     717     718     719     720
    569    58    1     718     719     720    3552
    570    58    1     719     720    3552      -1
    621    58    1       0       0     721    3553
    622    58    1       0     721    3553    3554
    673    58    1       0       0     722    3557
    674    58    1       0     722    3557    6575
    705    58    1       0       0     723    3561
    706    58    1       0     723    3561    3562
    736    58    1    3564    3565     724       0
    737    58    1    3565     724       0       0
    769    58    1       0       0     725     726
    770    58    1       0     725     726     727
    771    58    1     725     726     727       0
    772    58    1     726     727       0       0
    775    58    1       0       0     728    3566
    776    58    1       0     728    3566    3567
    564    59    1    3550    3551       0       0
    565    59    1       0       0     729       0
    566    59    1       0     729       0       0
    569    59    1       0       0     730    3552
    570    59    1       0     730    3552      -1
    619    59    1       0       0     731     732
    620    59    1       0     731     732     733
    621    59    1     731     732     733    3553
    622    59    1     732     733    3553    3554
    673    59    1       0       0     734    3557
    674    59    1       0     734    3557    6575
    705    59    1       0       0     735    3561
    706    59    1       0     735    3561    3562
    736    59    1    3564    3565     736       0
    737    59    1    3565     736       0       0
    768    59    1       0       0     737     738
    769    59    1       0     737     738       0
    770    59    1     737     738       0       0
    774    59    1       0       0     739     740
    775    59    1       0     739     740    3566
    776    59    1     739     740    3566    3567
    562    60    1    6591    3572     741       0
    563    60    1    3572     741       0       0
    568    60    1       0       0     742     743
    569    60    1       0     742     743    3573
    570    60    1     742     743    3573      -1
    673    60    1       0       0     744    3580
    674    60    1       0     744    3580    6598
    692    60    1    3583    3584     745     746
    693    60    1    3584     745     746       0
    694    60    1     745     746       0       0
    705    60    1       0       0     747    3585
    706    60    1       0     747    3585    6600
    736    60    1    3588    3589     748       0
    737    60    1    3589     748       0       0
    768    60    1       0       0    3590       0
    770    60    1       0    3590       0       0
    772    60    1       0       0    3591    3592
    562    61    1    6591    3572     749       0
    563    61    1    3572     749       0       0
    570    61    1       0       0    3573      -1
    607    61    1       0       0     750     751
    608    61    1       0     750     751     752
    609    61    1     750     751     752       0
    610    61    1     751     752       0       0
    612    61    1       0       0     753     754
    613    61    1       0     753     754       0
    614    61    1     753     754       0       0
    673    61    1       0       0     755    3580
    674    61    1       0     755    3580    6598
    692    61    1    3583    3584     756       0
    693    61    1    3584     756       0       0
    704    61    1       0       0     757     758
    705    61    1       0     757     758    3585
    706    61    1     757     758    3585    6600
    736    61    1    3588    3589       0       0
    767    61    1       0       0     759    3590
    768    61    1       0     759    3590     760
    770    61    1     759    3590     760     761
    771    61    1    3590     760     761    3591
    772    61    1     760     761    3591    3592
    562    62    1    6591    3595       0       0
    606    62    1       0       0    3596    3597
    616    62    1    3599    3600       0       0
    617    62    1       0       0     762    3601
    618    62    1       0     762    3601    3602
    652    62    1    3604    3605     763       0
    653    62    1    3605     763       0       0
    690    62    1    3609    3610     764     765
    691    62    1    3610     764     765       0
    692    62    1     764     765       0       0
    704    62    1       0       0    3611    3612
    732    62    1    3613    3614     766     767
    733    62    1    3614     766     767     768
    734    62    1     766     767     768     769
    735    62    1     767     768     769       0
    736    62    1     768     769       0       0
    767    62    1       0       0     770    3615
    768    62    1       0     770    3615    3616
    562    63    1    6591    3595     771       0
    563    63    1    3595     771       0       0
    605    63    1       0       0     772    3596
    606    63    1       0     772    3596    3597
    616    63    1    3599    3600     773     774
    617    63    1    3600     773     774    3601
    618    63    1     773     774    3601    3602
    652    63    1    3604    3605     775       0
    653    63    1    3605     775       0       0
    690    63    1    3609    3610     776       0
    691    63    1    3610     776       0       0
    703    63    1       0       0     777    3611
    704    63    1       0     777    3611    3612
    732    63    1    3613    3614       0       0
    733    63    1       0       0     778       0
    734    63    1       0     778       0       0
    766    63    1       0       0     779     780
    767    63    1       0     779     780    3615
    768    63    1     779     780    3615    3616
    562    64    1    6615    3621     781       0
    563    64    1    3621     781       0       0
    604    64    1       0       0    3622    3623
    615    64    1       0       0     782    3627
    616    64    1       0     782    3627    3628
    652    64    1    3629    3630     783       0
    653    64    1    3630     783       0       0
    672    64    1       0       0    3631    3632
    688    64    1    3635    3636     784     785
    689    64    1    3636     784     785       0
    690    64    1     784     785       0       0
    703    64    1       0       0     786    3637
    704    64    1       0     786    3637    3638
    730    64    1    3644    3645     787       0
    731    64    1    3645     787       0       0
    562    65    1    6615    3621     788     789
    563    65    1    3621     788     789       0
    564    65    1     788     789       0       0
    589    65    1       0       0     790     791
    590    65    1       0     790     791     792
    591    65    1     790     791     792       0
    592    65    1     791     792       0       0
    593    65    1       0       0     793       0
    594    65    1       0     793       0       0
    603    65    1       0       0     794    3622
    604    65    1       0     794    3622    3623
    615    65    1       0       0     795    3627
    616    65    1       0     795    3627    3628
    652    65    1    3629    3630     796     797
    653    65    1    3630     796     797       0
    654    65    1     796     797       0       0
    671    65    1       0       0     798    3631
    672    65    1       0     798    3631    3632
    688    65    1    3635    3636     799       0
    689    65    1    3636     799       0       0
    702    65    1       0       0     800     801
    703    65    1       0     800     801    3637
    704    65    1     800     801    3637    3638
    730    65    1    3644    3645       0       0
    764    65    1       0       0     802       0
    765    65    1       0     802       0       0
    564    66    1    3657    3658       0       0
    580    66    1       0       0    3659     803
    582    66    1       0    3659     803       0
    583    66    1    3659     803       0       0
    585    66    1       0       0     804    3660
    586    66    1       0     804    3660    3661
    596    66    1    3663    3664     805       0
    597    66    1    3664     805       0       0
    603    66    1       0       0     806    3665
    604    66    1       0     806    3665    3666
    654    66    1    3674    3675     807       0
    655    66    1    3675     807       0       0
    671    66    1       0       0     808     809
    672    66    1       0     808     809     810
    673    66    1     808     809     810     811
    674    66    1     809     810     811     812
    675    66    1     810     811     812    3676
    676    66    1     811     812    3676    3677
    688    66    1    3678    3679     813       0
    689    66    1    3679     813       0       0
    701    66    1       0       0     814     815
    702    66    1       0     814     815     816
    703    66    1     814     815     816    3680
    704    66    1     815     816    3680    3681
    722    66    1    3683    3684     817     818
    723    66    1    3684     817     818    3685
    724    66    1     817     818    3685      -1
    727    66    1       0       0     819       0
    728    66    1       0     819       0       0
    764    66    1       0       0    3686    3687
    796    66    1    3690    3691     820     821
    797    66    1    3691     820     821    3692
    798    66    1     820     821    3692    3693
    564    67    1    3657    3658     822       0
    565    67    1    3658     822       0       0
    573    67    1       0       0     823       0
    574    67    1       0     823       0       0
    576    67    1       0       0     824     825
    577    67    1       0     824     825     826
    578    67    1     824     825     826     827
    579    67    1     825     826     827    3659
    580    67    1     826     827    3659     828
    582    67    1     827    3659     828     829
    583    67    1    3659     828     829     830
    584    67    1     828     829     830     831
    585    67    1     829     830     831    3660
    586    67    1     830     831    3660    3661
    596    67    1    3663    3664     832     833
    597    67    1    3664     832     833       0
    598    67    1     832     833       0       0
    599    67    1       0       0     834     835
    600    67    1       0     834     835       0
    601    67    1     834     835       0       0
    604    67    1       0       0    3665    3666
    654    67    1    3674    3675     836       0
    655    67    1    3675     836       0       0
    670    67    1       0       0     837     838
    671    67    1       0     837     838       0
    672    67    1     837     838       0       0
    673    67    1       0       0     839       0
    674    67    1       0     839       0       0
    676    67    1       0       0    3676    3677
    688    67    1    3678    3679       0       0
    703    67    1       0       0     840    3680
    704    67    1       0     840    3680    3681
    722    67    1    3683    3684       0       0
    723    67    1       0       0     841    3685
    724    67    1       0     841    3685      -1
    762    67    1       0       0     842     843
    763    67    1       0     842     843    3686
    764    67    1     842     843    3686    3687
    796    67    1    3690    3691       0       0
    797    67    1       0       0     844    3692
    798    67    1       0     844    3692    3693
    568    68    1    3699    3700       0       0
    569    68    1       0       0     845       0
    570    68    1       0     845       0       0
    571    68    1       0       0     846    3701
    572    68    1       0     846    3701    3702
    608    68    1    3715    3716     847       0
    609    68    1    3716     847       0       0
    659    68    1       0       0     848       0
    660    68    1       0     848       0       0
    663    68    1       0       0     849       0
    664    68    1       0     849       0       0
    667    68    1       0       0     850    3728
    668    68    1       0     850    3728     851
    670    68    1     850    3728     851       0
    671    68    1    3728     851       0       0
    673    68    1       0       0     852    3729
    674    68    1       0     852    3729    3730
    686    68    1    3733    3734     853       0
    687    68    1    3734     853       0       0
    703    68    1       0       0     854    3735
    704    68    1       0     854    3735    3736
    720    68    1    3739    3740     855     856
    721    68    1    3740     855     856       0
    722    68    1     855     856       0       0
    761    68    1       0       0     857    3741
    762    68    1       0     857    3741    3742
    794    68    1    3747    3748     858       0
    795    68    1    3748     858       0       0
    798    68    1       0       0    3749    3750
    804    68    1    3750    3751     859     860
    805    68    1    3751     859     860    3752
    806    68    1     859     860    3752    6647
    568    69    1    3699    3700     861     862
    569    69    1    3700     861     862     863
    570    69    1     861     862     863     864
    571    69    1     862     863     864    3701
    572    69    1     863     864    3701    3702
    608    69    1    3715    3716       0       0
    658    69    1       0       0     865     866
    659    69    1       0     865     866     867
    660    69    1     865     866     867     868
    661    69    1     866     867     868     869
    662    69    1     867     868     869     870
    663    69    1     868     869     870     871
    664    69    1     869     870     871       0
    665    69    1     870     871       0       0
    666    69    1       0       0     872     873
    667    69    1       0     872     873    3728
    668    69    1     872     873    3728     874
    670    69    1     873    3728     874     875
    671    69    1    3728     874     875     876
    672    69    1     874     875     876     877
    673    69    1     875     876     877    3729
    674    69    1     876     877    3729    3730
    686    69    1    3733    3734       0       0
    701    69    1       0       0     878     879
    702    69    1       0     878     879     880
    703    69    1     878     879     880    3735
    704    69    1     879     880    3735    3736
    720    69    1    3739    3740       0       0
    721    69    1       0       0     881       0
    722    69    1       0     881       0       0
    761    69    1       0       0     882    3741
    762    69    1       0     882    3741    3742
    794    69    1    3747    3748       0       0
    797    69    1       0       0     883    3749
    798    69    1       0     883    3749    3750
    804    69    1    3750    3751       0       0
    805    69    1       0       0     884    3752
    806    69    1       0     884    3752    6647
    606    70    1    3772    3773     885       0
    607    70    1    3773     885       0       0
    611    70    1       0       0     886    3774
    612    70    1       0     886    3774    3775
    656    70    1    3782    3783       0       0
    657    70    1       0       0     887    3784
    658    70    1       0     887    3784    3785
    680    70    1    3793    3794     888     889
    681    70    1    3794     888     889    3795
    682    70    1     888     889    3795      -1
    700    70    1       0       0    3796    3797
    757    70    1       0       0     890       0
    758    70    1       0     890       0       0
    759    70    1       0       0     891    3803
    760    70    1       0     891    3803    3804
    792    70    1    3809    3810     892       0
    793    70    1    3810     892       0       0
    798    70    1       0       0     893     894
    799    70    1       0     893     894    3811
    800    70    1     893     894    3811     895
    802    70    1     894    3811     895       0
    803    70    1    3811     895       0       0
    805    70    1       0       0     896    3812
    806    70    1       0     896    3812    6647
    606    71    1    3772    3773     897     898
    607    71    1    3773     897     898     899
    608    71    1     897     898     899     900
    609    71    1     898     899     900     901
    610    71    1     899     900     901     902
    611    71    1     900     901     902    3774
    612    71    1     901     902    3774    3775
    656    71    1    3782    3783     903     904
    657    71    1    3783     903     904    3784
    658    71    1     903     904    3784    3785
    680    71    1    3793    3794       0       0
    681    71    1       0       0     905    3795
    682    71    1       0     905    3795      -1
    698    71    1       0       0     906     907
    699    71    1       0     906     907    3796
    700    71    1     906     907    3796    3797
    760    71    1       0       0    3803    3804
    792    71    1    3809    3810       0       0
    799    71    1       0       0     908    3811
    800    71    1       0     908    3811     909
    802    71    1     908    3811     909       0
    803    71    1    3811     909       0       0
    806    71    1       0       0    3812    6647
    618    72    1    3832    3833     910       0
    619    72    1    3833     910       0       0
    623    72    1       0       0     911    3834
    624    72    1       0     911    3834    3835
    676    72    1    3844    3845     912     913
    677    72    1    3845     912     913       0
    678    72    1     912     913       0       0
    697    72    1       0       0     914    3846
    698    72    1       0     914    3846    3847
    714    72    1    3850    3851     915     916
    715    72    1    3851     915     916     917
    716    72    1     915     916     917       0
    717    72    1     916     917       0       0
    758    72    1       0       0    3852    3853
    786    72    1    3860    3861     918       0
    787    72    1    3861     918       0       0
    788    72    1       0       0     919     920
    789    72    1       0     919     920       0
    790    72    1     919     920       0       0
    618    73    1    3832    3833       0       0
    619    73    1       0       0     921       0
    620    73    1       0     921       0       0
    623    73    1       0       0     922    3834
    624    73    1       0     922    3834    3835
    676    73    1    3844    3845       0       0
    696    73    1       0       0     923     924
    697    73    1       0     923     924    3846
    698    73    1     923     924    3846    3847
    714    73    1    3850    3851     925       0
    715    73    1    3851     925       0       0
    757    73    1       0       0     926    3852
    758    73    1       0     926    3852    3853
    786    73    1    3860    3861     927     928
    787    73    1    3861     927     928       0
    788    73    1     927     928       0       0
    566    74    1    3868    3869     929       0
    567    74    1    3869     929       0       0
    594    74    1    6656    3871     930     931
    595    74    1    3871     930     931       0
    596    74    1     930     931       0       0
    601    74    1       0       0     932    3872
    602    74    1       0     932    3872    3873
    606    74    1    3872    3873     933       0
    607    74    1    3873     933       0       0
    612    74    1       0       0     934       0
    613    74    1       0     934       0       0
    614    74    1       0       0     935     936
    615    74    1       0     935     936       0
    616    74    1     935     936       0       0
    625    74    1       0       0     937     938
    626    74    1       0     937     938     939
    627    74    1     937     938     939    3874
    628    74    1     938     939    3874     940
    630    74    1     939    3874     940     941
    631    74    1    3874     940     941    3875
    632    74    1     940     941    3875    3876
    696    74    1       0       0    3883    3884
    712    74    1    3887    3888     942     943
    713    74    1    3888     942     943       0
    714    74    1     942     943       0       0
    757    74    1       0       0     944    3889
    758    74    1       0     944    3889    3890
    786    74    1    3897    3898     945       0
    787    74    1    3898     945       0       0
    806    74    1       0       0     946     947
    807    74    1       0     946     947     948
    808    74    1     946     947     948     949
    809    74    1     947     948     949    3899
    810    74    1     948     949    3899    6665
    566    75    1    3868    3869     950       0
    567    75    1    3869     950       0       0
    594    75    1    6656    3871       0       0
    595    75    1       0       0     951       0
    596    75    1       0     951       0       0
    601    75    1       0       0     952    3872
    602    75    1       0     952    3872    3873
    606    75    1    3872    3873     953       0
    607    75    1    3873     953       0       0
    627    75    1       0       0     954    3874
    628    75    1       0     954    3874       0
    630    75    1     954    3874       0       0
    631    75    1       0       0     955    3875
    632    75    1       0     955    3875    3876
    695    75    1       0       0     956    3883
    696    75    1       0     956    3883    3884
    712    75    1    3887    3888       0       0
    713    75    1       0       0     957       0
    714    75    1       0     957       0       0
    757    75    1       0       0     958    3889
    758    75    1       0     958    3889    3890
    786    75    1    3897    3898       0       0
    806    75    1       0       0     959       0
    807    75    1       0     959       0       0
    809    75    1       0       0     960    3899
    810    75    1       0     960    3899    6665
    561    76    1       0       0     961     962
    562    76    1       0     961     962       0
    563    76    1     961     962       0       0
    567    76    1       0       0     963    3904
    568    76    1       0     963    3904    3905
    594    76    1    6672    3906     964       0
    595    76    1    3906     964       0       0
    597    76    1       0       0     965    3907
    598    76    1       0     965    3907    3908
    606    76    1    3909    3910     966       0
    607    76    1    3910     966       0       0
    627    76    1       0       0     967     968
    628    76    1       0     967     968       0
    629    76    1     967     968       0       0
    632    76    1       0       0     969     970
    633    76    1       0     969     970    3911
    634    76    1     969     970    3911    6673
    674    76    1    3913    3914     971       0
    675    76    1    3914     971       0       0
    710    76    1    6680    3918     972       0
    711    76    1    3918     972       0       0
    712    76    1       0       0     973       0
    713    76    1       0     973       0       0
    757    76    1       0       0     974    3919
    758    76    1       0     974    3919    3920
    772    76    1    3924    3925     975     976
    773    76    1    3925     975     976    3926
    774    76    1     975     976    3926    3927
    784    76    1    3929    3930     977       0
    785    76    1    3930     977       0       0
    809    76    1       0       0     978    3931
    810    76    1       0     978    3931    6681
    561    77    1       0       0     979       0
    562    77    1       0     979       0       0
    563    77    1       0       0     980       0
    564    77    1       0     980       0       0
    565    77    1       0       0     981     982
    566    77    1       0     981     982     983
    567    77    1     981     982     983    3904
    568    77    1     982     983    3904    3905
    594    77    1    6672    3906       0       0
    596    77    1       0       0     984     985
    597    77    1       0     984     985    3907
    598    77    1     984     985    3907    3908
    606    77    1    3909    3910     986       0
    607    77    1    3910     986       0       0
    633    77    1       0       0     987    3911
    634    77    1       0     987    3911    6673
    674    77    1    3913    3914       0       0
    710    77    1    6680    3918     988     989
    711    77    1    3918     988     989     990
    712    77    1     988     989     990     991
    713    77    1     989     990     991     992
    714    77    1     990     991     992       0
    715    77    1     991     992       0       0
    757    77    1       0       0     993    3919
    758    77    1       0     993    3919    3920
    772    77    1    3924    3925       0       0
    773    77    1       0       0     994    3926
    774    77    1       0     994    3926    3927
    784    77    1    3929    3930     995     996
    785    77    1    3930     995     996     997
    786    77    1     995     996     997       0
    787    77    1     996     997       0       0
    809    77    1       0       0     998    3931
    810    77    1       0     998    3931    6681
    556    78    1    3932    3933     999    1000
    557    78    1    3933     999    1000    1001
    558    78    1     999    1000    1001       0
    559    78    1    1000    1001       0       0
    563    78    1       0       0    1002    3934
    564    78    1       0    1002    3934    3935
    596    78    1    3938    3939    1003       0
    597    78    1    3939    1003       0       0
    600    78    1       0       0    1004    1005
    601    78    1       0    1004    1005    3940
    602    78    1    1004    1005    3940    3941
    606    78    1    3940    3941    1006       0
    607    78    1    3941    1006       0       0
    632    78    1       0       0    3942    3943
    672    78    1    3944    3945    1007    1008
    673    78    1    3945    1007    1008       0
    674    78    1    1007    1008       0       0
    714    78    1    3950    3951    1009       0
    715    78    1    3951    1009       0       0
    758    78    1       0       0    1010    1011
    759    78    1       0    1010    1011    3952
    760    78    1    1010    1011    3952    1012
    762    78    1    1011    3952    1012    1013
    763    78    1    3952    1012    1013    1014
    764    78    1    1012    1013    1014    1015
    765    78    1    1013    1014    1015    1016
    766    78    1    1014    1015    1016    1017
    767    78    1    1015    1016    1017    1018
    768    78    1    1016    1017    1018    1019
    769    78    1    1017    1018    1019       0
    770    78    1    1018    1019       0       0
    776    78    1       0       0    1020    1021
    777    78    1       0    1020    1021    3953
    778    78    1    1020    1021    3953    1022
    780    78    1    1021    3953    1022    1023
    781    78    1    3953    1022    1023    1024
    782    78    1    1022    1023    1024    1025
    783    78    1    1023    1024    1025    1026
    784    78    1    1024    1025    1026    1027
    785    78    1    1025    1026    1027    3954
    786    78    1    1026    1027    3954       0
    788    78    1    1027    3954       0       0
    809    78    1       0       0    1028    3955
    810    78    1       0    1028    3955    6681
    556    79    1    3932    3933    1029       0
    557    79    1    3933    1029       0       0
    560    79    1       0       0    1030    1031
    561    79    1       0    1030    1031    1032
    562    79    1    1030    1031    1032    1033
    563    79    1    1031    1032    1033    3934
    564    79    1    1032    1033    3934    3935
    596    79    1    3938    3939    1034       0
    597    79    1    3939    1034       0       0
    601    79    1       0       0    1035    3940
    602    79    1       0    1035    3940    3941
    606    79    1    3940    3941    1036    1037
    607    79    1    3941    1036    1037       0
    608    79    1    1036    1037       0       0
    631    79    1       0       0    1038    3942
    632    79    1       0    1038    3942    3943
    672    79    1    3944    3945    1039       0
    673    79    1    3945    1039       0       0
    714    79    1    3950    3951    1040       0
    715    79    1    3951    1040       0       0
    759    79    1       0       0    1041    3952
    760    79    1       0    1041    3952       0
    762    79    1    1041    3952       0       0
    765    79    1       0       0    1042       0
    766    79    1       0    1042       0       0
    777    79    1       0       0    1043    3953
    778    79    1       0    1043    3953       0
    780    79    1    1043    3953       0       0
    781    79    1       0       0    1044       0
    782    79    1       0    1044       0       0
    783    79    1       0       0    1045       0
    784    79    1       0    1045       0       0
    785    79    1       0       0    1046    3954
    786    79    1       0    1046    3954    1047
    788    79    1    1046    3954    1047    1048
    789    79    1    3954    1047    1048       0
    790    79    1    1047    1048       0       0
    808    79    1       0       0    1049    1050
    809    79    1       0    1049    1050    3955
    810    79    1    1049    1050    3955    6681
    555    80    1       0       0    1051       0
    556    80    1       0    1051       0       0
    562    80    1       0       0    3959    3960
    596    80    1    3966    3967    1052       0
    597    80    1    3967    1052       0       0
    602    80    1       0       0    3968    3969
    631    80    1       0       0    1053    3971
    632    80    1       0    1053    3971    3972
    712    80    1    3985    3986    1054    1055
    713    80    1    3986    1054    1055       0
    714    80    1    1054    1055       0       0
    735    80    1       0       0    1056    3987
    736    80    1       0    1056    3987       0
    738    80    1    1056    3987       0       0
    784    80    1       0       0    3988    3989
    790    80    1    3989    3990       0       0
    809    80    1       0       0    1057    3991
    810    80    1       0    1057    3991    6695
    561    81    1       0       0    1058    3959
    562    81    1       0    1058    3959    3960
    596    81    1    3966    3967    1059    1060
    597    81    1    3967    1059    1060       0
    598    81    1    1059    1060       0       0
    601    81    1       0       0    1061    3968
    602    81    1       0    1061    3968    3969
    631    81    1       0       0    1062    3971
    632    81    1       0    1062    3971    3972
    712    81    1    3985    3986       0       0
    730    81    1       0       0    1063    1064
    731    81    1       0    1063    1064    1065
    732    81    1    1063    1064    1065    1066
    733    81    1    1064    1065    1066    1067
    734    81    1    1065    1066    1067    1068
    735    81    1    1066    1067    1068    3987
    736    81    1    1067    1068    3987    1069
    738    81    1    1068    3987    1069    1070
    739    81    1    3987    1069    1070       0
    740    81    1    1069    1070       0       0
    783    81    1       0       0    1071    3988
    784    81    1       0    1071    3988    3989
    790    81    1    3989    3990    1072       0
    791    81    1    3990    1072       0       0
    809    81    1       0       0    1073    3991
    810    81    1       0    1073    3991    6695
    550    82    1    6684    3992    1074       0
    551    82    1    3992    1074       0       0
    561    82    1       0       0    1075    1076
    562    82    1       0    1075    1076    1077
    563    82    1    1075    1076    1077    3993
    564    82    1    1076    1077    3993    3994
    585    82    1       0       0    1078    3997
    586    82    1       0    1078    3997    6688
    602    82    1       0       0    1079    1080
    603    82    1       0    1079    1080    1081
    604    82    1    1079    1080    1081    1082
    605    82    1    1080    1081    1082       0
    606    82    1    1081    1082       0       0
    631    82    1       0       0    1083    4002
    632    82    1       0    1083    4002    4003
    666    82    1    4005    4006    1084    1085
    667    82    1    4006    1084    1085    1086
    668    82    1    1084    1085    1086    1087
    669    82    1    1085    1086    1087    1088
    670    82    1    1086    1087    1088       0
    671    82    1    1087    1088       0       0
    696    82    1       0       0    4007    4008
    708    82    1    4011    4012    1089    1090
    709    82    1    4012    1089    1090    1091
    710    82    1    1089    1090    1091       0
    711    82    1    1090    1091       0       0
    740    82    1    4017    4018    1092       0
    741    82    1    4018    1092       0       0
    809    82    1       0       0    1093    4024
    810    82    1       0    1093    4024    6695
    550    83    1    6684    3992    1094    1095
    551    83    1    3992    1094    1095       0
    552    83    1    1094    1095       0       0
    564    83    1       0       0    3993    3994
    585    83    1       0       0    1096    3997
    586    83    1       0    1096    3997    6688
    603    83    1       0       0    1097       0
    604    83    1       0    1097       0       0
    605    83    1       0       0    1098       0
    606    83    1       0    1098       0       0
    631    83    1       0       0    1099    4002
    632    83    1       0    1099    4002    4003
    666    83    1    4005    4006    1100       0
    667    83    1    4006    1100       0       0
    669    83    1       0       0    1101       0
    670    83    1       0    1101       0       0
    695    83    1       0       0    1102    4007
    696    83    1       0    1102    4007    4008
    708    83    1    4011    4012       0       0
    709    83    1       0       0    1103       0
    710    83    1       0    1103       0       0
    740    83    1    4017    4018    1104    1105
    741    83    1    4018    1104    1105       0
    742    83    1    1104    1105       0       0
    810    83    1       0       0    4024    6695
    559    84    1       0       0    1106       0
    560    84    1       0    1106       0       0
    565    84    1       0       0    1107    4028
    566    84    1       0    1107    4028    6698
    585    84    1       0       0    1108    4032
    586    84    1       0    1108    4032    4033
    598    84    1    6700    4035    1109       0
    599    84    1    4035    1109       0       0
    631    84    1       0       0    1110    4036
    632    84    1       0    1110    4036    4037
    662    84    1    4047    4048    1111    1112
    663    84    1    4048    1111    1112    1113
    664    84    1    1111    1112    1113    1114
    665    84    1    1112    1113    1114       0
    666    84    1    1113    1114       0       0
    704    84    1    4051    4052    1115    1116
    705    84    1    4052    1115    1116    1117
    706    84    1    1115    1116    1117    1118
    707    84    1    1116    1117    1118       0
    708    84    1    1117    1118       0       0
    779    84    1       0       0    1119       0
    780    84    1       0    1119       0       0
    781    84    1       0       0    1120    4061
    782    84    1       0    1120    4061    6702
    559    85    1       0       0    1121       0
    560    85    1       0    1121       0       0
    564    85    1       0       0    1122    1123
    565    85    1       0    1122    1123    4028
    566    85    1    1122    1123    4028    6698
    584    85    1       0       0    1124    1125
    585    85    1       0    1124    1125    4032
    586    85    1    1124    1125    4032    4033
    598    85    1    6700    4035    1126       0
    599    85    1    4035    1126       0       0
    632    85    1       0       0    4036    4037
    662    85    1    4047    4048    1127       0
    663    85    1    4048    1127       0       0
    704    85    1    4051    4052       0       0
    705    85    1       0       0    1128       0
    706    85    1       0    1128       0       0
    707    85    1       0       0    1129       0
    708    85    1       0    1129       0       0
    777    85    1       0       0    1130    1131
    778    85    1       0    1130    1131    1132
    779    85    1    1130    1131    1132    1133
    780    85    1    1131    1132    1133    1134
    781    85    1    1132    1133    1134    4061
    782    85    1    1133    1134    4061    6702
    548    86    1    4065    4066    1135       0
    549    86    1    4066    1135       0       0
    560    86    1    4068    4069    1136       0
    561    86    1    4069    1136       0       0
    563    86    1       0       0    1137    4070
    564    86    1       0    1137    4070    4071
    586    86    1      -1    4075    1138       0
    587    86    1    4075    1138       0       0
    598    86    1    6700    4078    1139       0
    599    86    1    4078    1139       0       0
    633    86    1       0       0    1140    4079
    634    86    1       0    1140    4079    4080
    660    86    1    4088    4089    1141    1142
    661    86    1    4089    1141    1142    1143
    662    86    1    1141    1142    1143       0
    663    86    1    1142    1143       0       0
    695    86    1       0       0    1144    4090
    696    86    1       0    1144    4090    4091
    702    86    1    4091    4092    1145       0
    703    86    1    4092    1145       0       0
    728    86    1       0       0    1146    1147
    729    86    1       0    1146    1147    4093
    730    86    1    1146    1147    4093    4094
    742    86    1    4097    4098    1148       0
    743    86    1    4098    1148       0       0
    774    86    1       0       0    1149       0
    775    86    1       0    1149       0       0
    776    86    1       0       0    4099    4100
    548    87    1    4065    4066    1150       0
    549    87    1    4066    1150       0       0
    560    87    1    4068    4069    1151    1152
    561    87    1    4069    1151    1152    1153
    562    87    1    1151    1152    1153    1154
    563    87    1    1152    1153    1154    4070
    564    87    1    1153    1154    4070    4071
    586    87    1      -1    4075       0       0
    598    87    1    6700    4078    1155       0
    599    87    1    4078    1155       0       0
    633    87    1       0       0    1156    4079
    634    87    1       0    1156    4079    4080
    660    87    1    4088    4089       0       0
    661    87    1       0       0    1157       0
    662    87    1       0    1157       0       0
    694    87    1       0       0    1158    1159
    695    87    1       0    1158    1159    4090
    696    87    1    1158    1159    4090    4091
    702    87    1    4091    4092    1160       0
    703    87    1    4092    1160       0       0
    729    87    1       0       0    1161    4093
    730    87    1       0    1161    4093    4094
    742    87    1    4097    4098    1162       0
    743    87    1    4098    1162       0       0
    772    87    1       0       0    1163    1164
    773    87    1       0    1163    1164    1165
    774    87    1    1163    1164    1165    1166
    775    87    1    1164    1165    1166    4099
    776    87    1    1165    1166    4099    4100
    547    88    1       0       0    1167    4109
    548    88    1       0    1167    4109       0
    550    88    1    1167    4109       0       0
    551    88    1       0       0    1168    4110
    552    88    1       0    1168    4110    4111
    580    88    1    4118    4119    1169    1170
    581    88    1    4119    1169    1170       0
    582    88    1    1169    1170       0       0
    588    88    1       0       0    4120    4121
    598    88    1    4123    4124    1171       0
    599    88    1    4124    1171       0       0
    637    88    1       0       0    1172    1173
    638    88    1       0    1172    1173    1174
    639    88    1    1172    1173    1174    4125
    640    88    1    1173    1174    4125    4126
    650    88    1    4128    4129    1175    1176
    651    88    1    4129    1175    1176    4130
    652    88    1    1175    1176    4130    4131
    693    88    1       0       0    1177    4133
    694    88    1       0    1177    4133    4134
    702    88    1    4135    4136    1178       0
    703    88    1    4136    1178       0       0
    729    88    1       0       0    1179    1180
    730    88    1       0    1179    1180    1181
    731    88    1    1179    1180    1181    4137
    732    88    1    1180    1181    4137    4138
    771    88    1       0       0    1182    4142
    772    88    1       0    1182    4142      -1
    810    88    1       0       0    4147    6709
    548    89    1       0       0    4109    1183
    550    89    1       0    4109    1183    1184
    551    89    1    4109    1183    1184    4110
    552    89    1    1183    1184    4110    4111
    580    89    1    4118    4119    1185       0
    581    89    1    4119    1185       0       0
    587    89    1       0       0    1186    4120
    588    89    1       0    1186    4120    4121
    598    89    1    4123    4124    1187       0
    599    89    1    4124    1187       0       0
    639    89    1       0       0    1188    4125
    640    89    1       0    1188    4125    4126
    650    89    1    4128    4129    1189       0
    651    89    1    4129    1189       0       0
    652    89    1       0       0    4130    4131
    693    89    1       0       0    1190    4133
    694    89    1       0    1190    4133    4134
    702    89    1    4135    4136       0       0
    731    89    1       0       0    1191    4137
    732    89    1       0    1191    4137    4138
    770    89    1       0       0    1192    1193
    771    89    1       0    1192    1193    4142
    772    89    1    1192    1193    4142      -1
    809    89    1       0       0    1194    4147
    810    89    1       0    1194    4147    6709
    544    90    1    4148    4149    1195       0
    545    90    1    4149    1195       0       0
    548    90    1       0       0    4150    4151
    587    90    1       0       0    1196    4163
    588    90    1       0    1196    4163    4164
    594    90    1    4164    4165    1197    1198
    595    90    1    4165    1197    1198    1199
    596    90    1    1197    1198    1199    1200
    597    90    1    1198    1199    1200       0
    598    90    1    1199    1200       0       0
    642    90    1       0       0    1201    1202
    643    90    1       0    1201    1202    1203
    644    90    1    1201    1202    1203    1204
    645    90    1    1202    1203    1204    4166
    646    90    1    1203    1204    4166    1205
    648    90    1    1204    4166    1205       0
    649    90    1    4166    1205       0       0
    692    90    1       0       0    4167    4168
    731    90    1       0       0    1206    4170
    732    90    1       0    1206    4170    4171
    740    90    1    4172    4173    1207       0
    741    90    1    4173    1207       0       0
    760    90    1       0       0    1208    1209
    761    90    1       0    1208    1209       0
    762    90    1    1208    1209       0       0
    763    90    1       0       0    1210    4174
    764    90    1       0    1210    4174      -1
    769    90    1       0       0    1211    4175
    770    90    1       0    1211    4175    1212
    772    90    1    1211    4175    1212    1213
    773    90    1    4175    1212    1213       0
    774    90    1    1212    1213       0       0
    775    90    1       0       0    1214    4176
    776    90    1       0    1214    4176    4177
    792    90    1    4178    4179       0       0
    807    90    1       0       0    1215       0
    808    90    1       0    1215       0       0
    809    90    1       0       0    1216    4180
    810    90    1       0    1216    4180    6709
    544    91    1    4148    4149    1217    1218
    545    91    1    4149    1217    1218    1219
    546    91    1    1217    1218    1219    1220
    547    91    1    1218    1219    1220    4150
    548    91    1    1219    1220    4150    4151
    587    91    1       0       0    1221    4163
    588    91    1       0    1221    4163    4164
    594    91    1    4164    4165       0       0
    645    91    1       0       0    1222    4166
    646    91    1       0    1222    4166    1223
    648    91    1    1222    4166    1223       0
    649    91    1    4166    1223       0       0
    652    91    1       0       0    1224       0
    653    91    1       0    1224       0       0
    676    91    1       0       0    1225    1226
    677    91    1       0    1225    1226    1227
    678    91    1    1225    1226    1227       0
    679    91    1    1226    1227       0       0
    691    91    1       0       0    1228    4167
    692    91    1       0    1228    4167    4168
    730    91    1       0       0    1229    1230
    731    91    1       0    1229    1230    4170
    732    91    1    1229    1230    4170    4171
    740    91    1    4172    4173    1231    1232
    741    91    1    4173    1231    1232       0
    742    91    1    1231    1232       0       0
    764    91    1       0       0    4174      -1
    769    91    1       0       0    1233    4175
    770    91    1       0    1233    4175    1234
    772    91    1    1233    4175    1234       0
    773    91    1    4175    1234       0       0
    775    91    1       0       0    1235    4176
    776    91    1       0    1235    4176    4177
    792    91    1    4178    4179    1236       0
    793    91    1    4179    1236       0       0
    806    91    1       0       0    1237    1238
    807    91    1       0    1237    1238    1239
    808    91    1    1237    1238    1239    1240
    809    91    1    1238    1239    1240    4180
    810    91    1    1239    1240    4180    6709
    647    92    1       0       0    1241    1242
    648    92    1       0    1241    1242       0
    649    92    1    1241    1242       0       0
    652    92    1       0       0    1243       0
    653    92    1       0    1243       0       0
    671    92    1       0       0    1244    4190
    672    92    1       0    1244    4190    4191
    676    92    1    4190    4191    1245    1246
    677    92    1    4191    1245    1246    1247
    678    92    1    1245    1246    1247       0
    679    92    1    1246    1247       0       0
    690    92    1       0       0    1248       0
    691    92    1       0    1248       0       0
    697    92    1       0       0    1249       0
    698    92    1       0    1249       0       0
    740    92    1    4195    4196    1250       0
    741    92    1    4196    1250       0       0
    750    92    1       0       0    1251       0
    751    92    1       0    1251       0       0
    756    92    1       0       0    1252       0
    757    92    1       0    1252       0       0
    765    92    1       0       0    1253    1254
    766    92    1       0    1253    1254       0
    767    92    1    1253    1254       0       0
    768    92    1       0       0    4197    4198
    772    92    1    4197    4198    1255       0
    773    92    1    4198    1255       0       0
    775    92    1       0       0    1256    1257
    776    92    1       0    1256    1257    1258
    777    92    1    1256    1257    1258    4199
    778    92    1    1257    1258    4199    6717
    792    92    1    4202    4203    1259       0
    793    92    1    4203    1259       0       0
    647    93    1       0       0    1260    1261
    648    93    1       0    1260    1261    1262
    649    93    1    1260    1261    1262       0
    650    93    1    1261    1262       0       0
    668    93    1       0       0    1263    1264
    669    93    1       0    1263    1264    1265
    670    93    1    1263    1264    1265    1266
    671    93    1    1264    1265    1266    4190
    672    93    1    1265    1266    4190    4191
    676    93    1    4190    4191    1267       0
    677    93    1    4191    1267       0       0
    740    93    1    4195    4196       0       0
    750    93    1       0       0    1268       0
    751    93    1       0    1268       0       0
    754    93    1       0       0    1269       0
    755    93    1       0    1269       0       0
    756    93    1       0       0    1270    1271
    757    93    1       0    1270    1271       0
    758    93    1    1270    1271       0       0
    766    93    1       0       0    1272    1273
    767    93    1       0    1272    1273    4197
    768    93    1    1272    1273    4197    4198
    772    93    1    4197    4198    1274       0
    773    93    1    4198    1274       0       0
    775    93    1       0       0    1275       0
    776    93    1       0    1275       0       0
    777    93    1       0       0    1276    4199
    778    93    1       0    1276    4199    6717
    792    93    1    4202    4203       0       0
    803    93    1       0       0    1277       0
    804    93    1       0    1277       0       0
    580    94    1    4213    4214    1278       0
    581    94    1    4214    1278       0       0
    665    94    1       0       0    1279    4215
    666    94    1       0    1279    4215    4216
    674    94    1    4217    4218    1280    1281
    675    94    1    4218    1280    1281       0
    676    94    1    1280    1281       0       0
    681    94    1       0       0    1282       0
    682    94    1       0    1282       0       0
    750    94    1       0       0    1283       0
    751    94    1       0    1283       0       0
    753    94    1       0       0    1284    1285
    754    94    1       0    1284    1285       0
    755    94    1    1284    1285       0       0
    756    94    1       0       0    1286       0
    757    94    1       0    1286       0       0
    765    94    1       0       0    1287    4224
    766    94    1       0    1287    4224    4225
    772    94    1    4225    4226    1288       0
    773    94    1    4226    1288       0       0
    777    94    1       0       0    1289    4227
    778    94    1       0    1289    4227    6717
    806    94    1       0       0    4232    4233
    580    95    1    4213    4214    1290    1291
    581    95    1    4214    1290    1291       0
    582    95    1    1290    1291       0       0
    664    95    1       0       0    1292    1293
    665    95    1       0    1292    1293    4215
    666    95    1    1292    1293    4215    4216
    674    95    1    4217    4218    1294       0
    675    95    1    4218    1294       0       0
    679    95    1       0       0    1295    1296
    680    95    1       0    1295    1296    1297
    681    95    1    1295    1296    1297       0
    682    95    1    1296    1297       0       0
    750    95    1       0       0    1298    1299
    751    95    1       0    1298    1299    1300
    752    95    1    1298    1299    1300    1301
    753    95    1    1299    1300    1301    1302
    754    95    1    1300    1301    1302       0
    755    95    1    1301    1302       0       0
    756    95    1       0       0    1303       0
    757    95    1       0    1303       0       0
    764    95    1       0       0    1304    1305
    765    95    1       0    1304    1305    4224
    766    95    1    1304    1305    4224    4225
    772    95    1    4225    4226    1306    1307
    773    95    1    4226    1306    1307    1308
    774    95    1    1306    1307    1308    1309
    775    95    1    1307    1308    1309    1310
    776    95    1    1308    1309    1310    1311
    777    95    1    1309    1310    1311    4227
    778    95    1    1310    1311    4227    6717
    802    95    1       0       0    1312       0
    803    95    1       0    1312       0       0
    804    95    1       0       0    1313    1314
    805    95    1       0    1313    1314    4232
    806    95    1    1313    1314    4232    4233
    580    96    1    4235    4236    1315    1316
    581    96    1    4236    1315    1316       0
    582    96    1    1315    1316       0       0
    661    96    1       0       0    1317    4237
    662    96    1       0    1317    4237    4238
    672    96    1    4240    4241    1318    1319
    673    96    1    4241    1318    1319       0
    674    96    1    1318    1319       0       0
    677    96    1       0       0    1320    4242
    678    96    1       0    1320    4242    4243
    728    96    1       0       0    4244    4245
    738    96    1    4247    4248       0       0
    749    96    1       0       0    1321    4249
    750    96    1       0    1321    4249    4250
    786    96    1    6727    4264    1322    1323
    787    96    1    4264    1322    1323    1324
    788    96    1    1322    1323    1324    1325
    789    96    1    1323    1324    1325    4265
    790    96    1    1324    1325    4265      -1
    802    96    1       0       0    4266    4267
    580    97    1    4235    4236    1326       0
    581    97    1    4236    1326       0       0
    659    97    1       0       0    1327    1328
    660    97    1       0    1327    1328    1329
    661    97    1    1327    1328    1329    4237
    662    97    1    1328    1329    4237    4238
    672    97    1    4240    4241       0       0
    676    97    1       0       0    1330    1331
    677    97    1       0    1330    1331    4242
    678    97    1    1330    1331    4242    4243
    727    97    1       0       0    1332    4244
    728    97    1       0    1332    4244    4245
    738    97    1    4247    4248    1333       0
    739    97    1    4248    1333       0       0
    749    97    1       0       0    1334    4249
    750    97    1       0    1334    4249    4250
    786    97    1    6727    4264       0       0
    787    97    1       0       0    1335       0
    788    97    1       0    1335       0       0
    789    97    1       0       0    1336    4265
    790    97    1       0    1336    4265      -1
    801    97    1       0       0    1337    4266
    802    97    1       0    1337    4266    4267
    580    98    1    4269    4270    1338       0
    581    98    1    4270    1338       0       0
    670    98    1    4275    4276    1339       0
    671    98    1    4276    1339       0       0
    676    98    1       0       0    4277    4278
    680    98    1    4277    4278    1340       0
    681    98    1    4278    1340       0       0
    727    98    1       0       0    1341    4279
    728    98    1       0    1341    4279       0
    730    98    1    1341    4279       0       0
    732    98    1       0       0    4280    4281
    736    98    1    4280    4281    1342       0
    737    98    1    4281    1342       0       0
    748    98    1       0       0    4282    4283
    786    98    1    6727    4298       0       0
    789    98    1       0       0    1343    4299
    790    98    1       0    1343    4299      -1
    801    98    1       0       0    1344    4300
    802    98    1       0    1344    4300    4301
    580    99    1    4269    4270    1345    1346
    581    99    1    4270    1345    1346       0
    582    99    1    1345    1346       0       0
    670    99    1    4275    4276       0       0
    675    99    1       0       0    1347    4277
    676    99    1       0    1347    4277    4278
    680    99    1    4277    4278       0       0
    726    99    1       0       0    1348    1349
    727    99    1       0    1348    1349    4279
    728    99    1    1348    1349    4279    1350
    730    99    1    1349    4279    1350    1351
    731    99    1    4279    1350    1351    4280
    732    99    1    1350    1351    4280    4281
    736    99    1    4280    4281    1352    1353
    737    99    1    4281    1352    1353    1354
    738    99    1    1352    1353    1354    1355
    739    99    1    1353    1354    1355    1356
    740    99    1    1354    1355    1356       0
    741    99    1    1355    1356       0       0
    746    99    1       0       0    1357    1358
    747    99    1       0    1357    1358    4282
    748    99    1    1357    1358    4282    4283
    786    99    1    6727    4298    1359    1360
    787    99    1    4298    1359    1360    1361
    788    99    1    1359    1360    1361    1362
    789    99    1    1360    1361    1362    4299
    790    99    1    1361    1362    4299      -1
    800    99    1       0       0    1363    1364
    801    99    1       0    1363    1364    4300
    802    99    1    1363    1364    4300    4301
    580   100    1    4303    4304    1365    1366
    581   100    1    4304    1365    1366       0
    582   100    1    1365    1366       0       0
    656   100    1       0       0    4305    4306
    666   100    1    4308    4309    1367    1368
    667   100    1    4309    1367    1368       0
    668   100    1    1367    1368       0       0
    674   100    1       0       0    4310    4311
    678   100    1    4310    4311    1369       0
    679   100    1    4311    1369       0       0
    727   100    1       0       0    1370    4312
    728   100    1       0    1370    4312    1371
    730   100    1    1370    4312    1371    1372
    731   100    1    4312    1371    1372    4313
    732   100    1    1371    1372    4313    4314
    740   100    1    4315    4316       0       0
    742   100    1       0       0    1373       0
    743   100    1       0    1373       0       0
    792   100    1    4322    4323       0       0
    793   100    1       0       0    1374    1375
    794   100    1       0    1374    1375       0
    795   100    1    1374    1375       0       0
    799   100    1       0       0    1376    4324
    800   100    1       0    1376    4324    4325
    580   101    1    4303    4304    1377       0
    581   101    1    4304    1377       0       0
    655   101    1       0       0    1378    4305
    656   101    1       0    1378    4305    4306
    666   101    1    4308    4309    1379       0
    667   101    1    4309    1379       0       0
    673   101    1       0       0    1380    4310
    674   101    1       0    1380    4310    4311
    678   101    1    4310    4311       0       0
    727   101    1       0       0    1381    4312
    728   101    1       0    1381    4312       0
    730   101    1    1381    4312       0       0
    732   101    1       0       0    4313    4314
    740   101    1    4315    4316    1382    1383
    741   101    1    4316    1382    1383    1384
    742   101    1    1382    1383    1384    1385
    743   101    1    1383    1384    1385       0
    744   101    1    1384    1385       0       0
    792   101    1    4322    4323    1386    1387
    793   101    1    4323    1386    1387    1388
    794   101    1    1386    1387    1388       0
    795   101    1    1387    1388       0       0
    798   101    1       0       0    1389    1390
    799   101    1       0    1389    1390    4324
    800   101    1    1389    1390    4324    4325
    580   102    1    4326    4327    1391       0
    581   102    1    4327    1391       0       0
    654   102    1       0       0    4328    4329
    664   102    1    4331    4332    1392       0
    665   102    1    4332    1392       0       0
    672   102    1       0       0    4333    4334
    727   102    1       0       0    1393       0
    728   102    1       0    1393       0       0
    729   102    1       0       0    1394    4335
    730   102    1       0    1394    4335    4336
    742   102    1    4339    4340    1395       0
    743   102    1    4340    1395       0       0
    746   102    1       0       0    4341    4342
    796   102    1    4348    4349       0       0
    797   102    1       0       0    1396    4350
    798   102    1       0    1396    4350    4351
    580   103    1    4326    4327       0       0
    652   103    1       0       0    1397    1398
    653   103    1       0    1397    1398    4328
    654   103    1    1397    1398    4328    4329
    664   103    1    4331    4332       0       0
    670   103    1       0       0    1399    1400
    671   103    1       0    1399    1400    4333
    672   103    1    1399    1400    4333    4334
    683   103    1       0       0    1401    1402
    684   103    1       0    1401    1402       0
    685   103    1    1401    1402       0       0
    725   103    1       0       0    1403    1404
    726   103    1       0    1403    1404       0
    727   103    1    1403    1404       0       0
    729   103    1       0       0    1405    4335
    730   103    1       0    1405    4335    4336
    742   103    1    4339    4340       0       0
    744   103    1       0       0    1406    1407
    745   103    1       0    1406    1407    4341
    746   103    1    1406    1407    4341    4342
    796   103    1    4348    4349    1408    1409
    797   103    1    4349    1408    1409    4350
    798   103    1    1408    1409    4350    4351
    578   104    1    6750    4353    1410       0
    579   104    1    4353    1410       0       0
    651   104    1       0       0    1411    4354
    652   104    1       0    1411    4354    4355
    660   104    1    4356    4357    1412    1413
    661   104    1    4357    1412    1413       0
    662   104    1    1412    1413       0       0
    669   104    1       0       0    1414    4358
    670   104    1       0    1414    4358    4359
    681   104    1       0       0    1415       0
    682   104    1       0    1415       0       0
    683   104    1       0       0    1416    1417
    684   104    1       0    1416    1417       0
    685   104    1    1416    1417       0       0
    724   104    1       0       0    4360    1418
    726   104    1       0    4360    1418       0
    727   104    1    4360    1418       0       0
    729   104    1       0       0    1419    4361
    730   104    1       0    1419    4361    6751
    742   104    1    6752    4362       0       0
    743   104    1       0       0    1420    4363
    744   104    1       0    1420    4363    4364
    578   105    1    6750    4353    1421    1422
    579   105    1    4353    1421    1422       0
    580   105    1    1421    1422       0       0
    650   105    1       0       0    1423    1424
    651   105    1       0    1423    1424    4354
    652   105    1    1423    1424    4354    4355
    660   105    1    4356    4357    1425       0
    661   105    1    4357    1425       0       0
    667   105    1       0       0    1426    1427
    668   105    1       0    1426    1427    1428
    669   105    1    1426    1427    1428    4358
    670   105    1    1427    1428    4358    4359
    675   105    1       0       0    1429       0
    676   105    1       0    1429       0       0
    681   105    1       0       0    1430    1431
    682   105    1       0    1430    1431    1432
    683   105    1    1430    1431    1432    1433
    684   105    1    1431    1432    1433       0
    685   105    1    1432    1433       0       0
    723   105    1       0       0    1434    4360
    724   105    1       0    1434    4360    1435
    726   105    1    1434    4360    1435    1436
    727   105    1    4360    1435    1436    1437
    728   105    1    1435    1436    1437    1438
    729   105    1    1436    1437    1438    4361
    730   105    1    1437    1438    4361    6751
    742   105    1    6752    4362    1439    1440
    743   105    1    4362    1439    1440    4363
    744   105    1    1439    1440    4363    4364
    578   106    1    6750    4369    1441       0
    579   106    1    4369    1441       0       0
    649   106    1       0       0    1442    4370
    650   106    1       0    1442    4370    4371
    666   106    1       0       0    4375    4376
    674   106    1    4377    4378    1443       0
    675   106    1    4378    1443       0       0
    681   106    1       0       0    1444    4379
    682   106    1       0    1444    4379      -1
    722   106    1       0       0    4380    4381
    578   107    1    6750    4369    1445    1446
    579   107    1    4369    1445    1446       0
    580   107    1    1445    1446       0       0
    649   107    1       0       0    1447    4370
    650   107    1       0    1447    4370    4371
    665   107    1       0       0    1448    4375
    666   107    1       0    1448    4375    4376
    674   107    1    4377    4378    1449    1450
    675   107    1    4378    1449    1450    1451
    676   107    1    1449    1450    1451       0
    677   107    1    1450    1451       0       0
    681   107    1       0       0    1452    4379
    682   107    1       0    1452    4379      -1
    721   107    1       0       0    1453    4380
    722   107    1       0    1453    4380    4381
    578   108    1    6763    4393    1454       0
    579   108    1    4393    1454       0       0
    658   108    1    4396    4397    1455       0
    659   108    1    4397    1455       0       0
    663   108    1       0       0    1456    4398
    664   108    1       0    1456    4398    4399
    678   108    1    4401    4402    1457       0
    679   108    1    4402    1457       0       0
    681   108    1       0       0    1458    4403
    682   108    1       0    1458    4403       0
    684   108    1    1458    4403       0       0
    578   109    1    6763    4393    1459       0
    579   109    1    4393    1459       0       0
    658   109    1    4396    4397    1460    1461
    659   109    1    4397    1460    1461       0
    660   109    1    1460    1461       0       0
    662   109    1       0       0    1462    1463
    663   109    1       0    1462    1463    4398
    664   109    1    1462    1463    4398    4399
    678   109    1    4401    4402    1464       0
    679   109    1    4402    1464       0       0
    681   109    1       0       0    1465    4403
    682   109    1       0    1465    4403    1466
    684   109    1    1465    4403    1466       0
    685   109    1    4403    1466       0       0
    580   110    1    4406    4407       0       0
    660   110    1    4411    4412       0       0
    661   110    1       0       0    1467    4413
    662   110    1       0    1467    4413    4414
    678   110    1    4417    4418    1468       0
    679   110    1    4418    1468       0       0
    681   110    1       0       0    1469    4419
    682   110    1       0    1469    4419    4420
    718   110    1       0       0    4421    4422
    580   111    1    4406    4407    1470       0
    581   111    1    4407    1470       0       0
    660   111    1    4411    4412    1471    1472
    661   111    1    4412    1471    1472    4413
    662   111    1    1471    1472    4413    4414
    678   111    1    4417    4418    1473    1474
    679   111    1    4418    1473    1474       0
    680   111    1    1473    1474       0       0
    681   111    1       0       0    1475    4419
    682   111    1       0    1475    4419    4420
    717   111    1       0       0    1476    4421
    718   111    1       0    1476    4421    4422
    580   112    1    4424    4425    1477       0
    581   112    1    4425    1477       0       0
    649   112    1       0       0    1478    4426
    650   112    1       0    1478    4426    1479
    652   112    1    1478    4426    1479       0
    653   112    1    4426    1479       0       0
    655   112    1       0       0    1480    4427
    656   112    1       0    1480    4427    4428
    686   112    1    4434    4435    1481       0
    687   112    1    4435    1481       0       0
    717   112    1       0       0    1482    4436
    718   112    1       0    1482    4436    6789
    580   113    1    4424    4425    1483    1484
    581   113    1    4425    1483    1484    1485
    582   113    1    1483    1484    1485       0
    583   113    1    1484    1485       0       0
    649   113    1       0       0    1486    4426
    650   113    1       0    1486    4426    1487
    652   113    1    1486    4426    1487       0
    653   113    1    4426    1487       0       0
    655   113    1       0       0    1488    4427
    656   113    1       0    1488    4427    4428
    686   113    1    4434    4435    1489       0
    687   113    1    4435    1489       0       0
    713   113    1       0       0    1490       0
    714   113    1       0    1490       0       0
    716   113    1       0       0    1491    1492
    717   113    1       0    1491    1492    4436
    718   113    1    1491    1492    4436    6789
    586   114    1    4440    4441    1493       0
    587   114    1    4441    1493       0       0
    649   114    1       0       0    1494    4442
    650   114    1       0    1494    4442    1495
    652   114    1    1494    4442    1495       0
    653   114    1    4442    1495       0       0
    656   114    1       0       0    4443    4444
    688   114    1    4451    4452    1496       0
    689   114    1    4452    1496       0       0
    701   114    1       0       0    1497       0
    702   114    1       0    1497       0       0
    586   115    1    4440    4441    1498    1499
    587   115    1    4441    1498    1499       0
    588   115    1    1498    1499       0       0
    649   115    1       0       0    1500    4442
    650   115    1       0    1500    4442    1501
    652   115    1    1500    4442    1501    1502
    653   115    1    4442    1501    1502    1503
    654   115    1    1501    1502    1503    1504
    655   115    1    1502    1503    1504    4443
    656   115    1    1503    1504    4443    4444
    688   115    1    4451    4452    1505    1506
    689   115    1    4452    1505    1506       0
    690   115    1    1505    1506       0       0
    701   115    1       0       0    1507       0
    702   115    1       0    1507       0       0
    590   116    1    4466    4467       0       0
    648   116    1       0       0    4468    4469
    692   116    1    4480    4481       0       0
    700   116    1       0       0    4482    4483
    704   116    1    4482    4483       0       0
    708   116    1       0       0    1508       0
    709   116    1       0    1508       0       0
    710   116    1       0       0    4484    4485
    590   117    1    4466    4467    1509       0
    591   117    1    4467    1509       0       0
    647   117    1       0       0    1510    4468
    648   117    1       0    1510    4468    4469
    692   117    1    4480    4481    1511    1512
    693   117    1    4481    1511    1512    1513
    694   117    1    1511    1512    1513       0
    695   117    1    1512    1513       0       0
    696   117    1       0       0    1514    1515
    697   117    1       0    1514    1515    1516
    698   117    1    1514    1515    1516    1517
    699   117    1    1515    1516    1517    4482
    700   117    1    1516    1517    4482    4483
    704   117    1    4482    4483    1518    1519
    705   117    1    4483    1518    1519    1520
    706   117    1    1518    1519    1520    1521
    707   117    1    1519    1520    1521    1522
    708   117    1    1520    1521    1522    1523
    709   117    1    1521    1522    1523    4484
    710   117    1    1522    1523    4484    4485
    578   118    1    4496    4497    1524    1525
    579   118    1    4497    1524    1525    1526
    580   118    1    1524    1525    1526       0
    581   118    1    1525    1526       0       0
    582   118    1       0       0    4498    4499
    592   118    1    4501    4502       0       0
    647   118    1       0       0    1527    4503
    648   118    1       0    1527    4503    4504
    712   118    1    4525    4526    1528    1529
    713   118    1    4526    1528    1529    4527
    714   118    1    1528    1529    4527    4528
    720   118    1    4528    4529    1530       0
    721   118    1    4529    1530       0       0
    723   118    1       0       0    1531    4530
    724   118    1       0    1531    4530    4531
    578   119    1    4496    4497       0       0
    581   119    1       0       0    1532    4498
    582   119    1       0    1532    4498    4499
    592   119    1    4501    4502    1533       0
    593   119    1    4502    1533       0       0
    646   119    1       0       0    1534    1535
    647   119    1       0    1534    1535    4503
    648   119    1    1534    1535    4503    4504
    712   119    1    4525    4526    1536       0
    713   119    1    4526    1536       0       0
    714   119    1       0       0    4527    4528
    720   119    1    4528    4529    1537    1538
    721   119    1    4529    1537    1538    1539
    722   119    1    1537    1538    1539    1540
    723   119    1    1538    1539    1540    4530
    724   119    1    1539    1540    4530    4531
    572   120    1    4534    4535    1541    1542
    573   120    1    4535    1541    1542    1543
    574   120    1    1541    1542    1543    1544
    575   120    1    1542    1543    1544    1545
    576   120    1    1543    1544    1545    1546
    577   120    1    1544    1545    1546    4536
    578   120    1    1545    1546    4536    4537
    594   120    1    4540    4541    1547       0
    595   120    1    4541    1547       0       0
    645   120    1       0       0    1548    4542
    646   120    1       0    1548    4542    4543
    667   120    1       0       0    1549    4546
    668   120    1       0    1549    4546    4547
    714   120    1       0       0    4550    4551
    720   120    1    4551    4552    1550    1551
    721   120    1    4552    1550    1551       0
    722   120    1    1550    1551       0       0
    723   120    1       0       0    1552    4553
    724   120    1       0    1552    4553    4554
    572   121    1    4534    4535       0       0
    575   121    1       0       0    1553       0
    576   121    1       0    1553       0       0
    577   121    1       0       0    1554    4536
    578   121    1       0    1554    4536    4537
    594   121    1    4540    4541    1555       0
    595   121    1    4541    1555       0       0
    644   121    1       0       0    1556    1557
    645   121    1       0    1556    1557    4542
    646   121    1    1556    1557    4542    4543
    667   121    1       0       0    1558    4546
    668   121    1       0    1558    4546    4547
    713   121    1       0       0    1559    4550
    714   121    1       0    1559    4550    4551
    720   121    1    4551    4552       0       0
    723   121    1       0       0    1560    4553
    724   121    1       0    1560    4553    4554
    570   122    1    4556    4557    1561    1562
    571   122    1    4557    1561    1562       0
    572   122    1    1561    1562       0       0
    596   122    1    4562    4563       0       0
    666   122    1    6805    4568       0       0
    667   122    1       0       0    1563    4569
    668   122    1       0    1563    4569    4570
    718   122    1    4574    4575    1564    1565
    719   122    1    4575    1564    1565       0
    720   122    1    1564    1565       0       0
    722   122    1       0       0    1566       0
    723   122    1       0    1566       0       0
    726   122    1       0       0    4576    6815
    570   123    1    4556    4557       0       0
    596   123    1    4562    4563    1567       0
    597   123    1    4563    1567       0       0
    666   123    1    6805    4568    1568    1569
    667   123    1    4568    1568    1569    4569
    668   123    1    1568    1569    4569    4570
    718   123    1    4574    4575       0       0
    721   123    1       0       0    1570       0
    722   123    1       0    1570       0       0
    723   123    1       0       0    1571    1572
    724   123    1       0    1571    1572    1573
    725   123    1    1571    1572    1573    4576
    726   123    1    1572    1573    4576    6815
    566   124    1    6817    4577    1574       0
    567   124    1    4577    1574       0       0
    581   124    1       0       0    1575    4578
    582   124    1       0    1575    4578    6818
    596   124    1    4579    4580    1576       0
    597   124    1    4580    1576       0       0
    598   124    1       0       0    1577    1578
    599   124    1       0    1577    1578    1579
    600   124    1    1577    1578    1579       0
    601   124    1    1578    1579       0       0
    644   124    1       0       0    4581    4582
    714   124    1    6833    4587    1580    1581
    715   124    1    4587    1580    1581    4588
    716   124    1    1580    1581    4588    1582
    718   124    1    1581    4588    1582       0
    719   124    1    4588    1582       0       0
    566   125    1    6817    4577    1583       0
    567   125    1    4577    1583       0       0
    581   125    1       0       0    1584    4578
    582   125    1       0    1584    4578    6818
    596   125    1    4579    4580    1585    1586
    597   125    1    4580    1585    1586       0
    598   125    1    1585    1586       0       0
    600   125    1       0       0    1587    1588
    601   125    1       0    1587    1588    1589
    602   125    1    1587    1588    1589       0
    603   125    1    1588    1589       0       0
    643   125    1       0       0    1590    4581
    644   125    1       0    1590    4581    4582
    714   125    1    6833    4587       0       0
    715   125    1       0       0    1591    4588
    716   125    1       0    1591    4588    1592
    718   125    1    1591    4588    1592    1593
    719   125    1    4588    1592    1593       0
    720   125    1    1592    1593       0       0
    566   126    1    6817    4592    1594       0
    567   126    1    4592    1594       0       0
    581   126    1       0       0    1595    4593
    582   126    1       0    1595    4593    6818
    598   126    1    4595    4596    1596       0
    599   126    1    4596    1596       0       0
    600   126    1       0       0    4597    1597
    602   126    1       0    4597    1597       0
    603   126    1    4597    1597       0       0
    643   126    1       0       0    1598    4598
    644   126    1       0    1598    4598    4599
    718   126    1    4605    4606       0       0
    719   126    1       0       0    1599       0
    720   126    1       0    1599       0       0
    722   126    1       0       0    4607    4608
    566   127    1    6817    4592    1600       0
    567   127    1    4592    1600       0       0
    581   127    1       0       0    1601    4593
    582   127    1       0    1601    4593    6818
    598   127    1    4595    4596    1602    1603
    599   127    1    4596    1602    1603    4597
    600   127    1    1602    1603    4597    1604
    602   127    1    1603    4597    1604    1605
    603   127    1    4597    1604    1605       0
    604   127    1    1604    1605       0       0
    643   127    1       0       0    1606    4598
    644   127    1       0    1606    4598    4599
    718   127    1    4605    4606    1607    1608
    719   127    1    4606    1607    1608    1609
    720   127    1    1607    1608    1609    1610
    721   127    1    1608    1609    1610    4607
    722   127    1    1609    1610    4607    4608
    566   128    1    6840    4610    1611       0
    567   128    1    4610    1611       0       0
    581   128    1       0       0    1612    4611
    582   128    1       0    1612    4611    6841
    602   128    1    4613    4614    1613    1614
    603   128    1    4614    1613    1614       0
    604   128    1    1613    1614       0       0
    643   128    1       0       0    1615    4615
    644   128    1       0    1615    4615    4616
    566   129    1    6840    4610    1616       0
    567   129    1    4610    1616       0       0
    581   129    1       0       0    1617    4611
    582   129    1       0    1617    4611    6841
    602   129    1    4613    4614    1618       0
    603   129    1    4614    1618       0       0
    643   129    1       0       0    1619    4615
    644   129    1       0    1619    4615    4616
    566   130    1    6840    4621    1620       0
    567   130    1    4621    1620       0       0
    581   130    1       0       0    1621    4622
    582   130    1       0    1621    4622    6841
    602   130    1    4624    4625    1622       0
    603   130    1    4625    1622       0       0
    566   131    1    6840    4621    1623    1624
    567   131    1    4621    1623    1624       0
    568   131    1    1623    1624       0       0
    580   131    1       0       0    1625    1626
    581   131    1       0    1625    1626    4622
    582   131    1    1625    1626    4622    6841
    602   131    1    4624    4625       0       0
    566   132    1    4636    4637    1627       0
    567   132    1    4637    1627       0       0
    566   133    1    4636    4637       0       0
    562   134    1    4659    4660    1628       0
    563   134    1    4660    1628       0       0
    580   134    1       0       0    4661    4662
    600   134    1    4663    4664    1629    1630
    601   134    1    4664    1629    1630       0
    602   134    1    1629    1630       0       0
    641   134    1       0       0    1631    4665
    642   134    1       0    1631    4665    4666
    658   134    1    6871    4668    1632       0
    659   134    1    4668    1632       0       0
    662   134    1       0       0    1633    1634
    663   134    1       0    1633    1634    4669
    664   134    1    1633    1634    4669    4670
    562   135    1    4659    4660       0       0
    579   135    1       0       0    1635    4661
    580   135    1       0    1635    4661    4662
    600   135    1    4663    4664    1636       0
    601   135    1    4664    1636       0       0
    641   135    1       0       0    1637    4665
    642   135    1       0    1637    4665    4666
    658   135    1    6871    4668    1638       0
    659   135    1    4668    1638       0       0
    664   135    1       0       0    4669    4670
    560   136    1    4681    4682    1639       0
    561   136    1    4682    1639       0       0
    579   136    1       0       0    1640    4683
    580   136    1       0    1640    4683    4684
    641   136    1       0       0    1641       0
    642   136    1       0    1641       0       0
    643   136    1       0       0    1642    4689
    644   136    1       0    1642    4689    4690
    658   136    1    6891    4693    1643       0
    659   136    1    4693    1643       0       0
    665   136    1       0       0    1644    4694
    666   136    1       0    1644    4694    4695
    684   136    1    4699    4700    1645    1646
    685   136    1    4700    1645    1646    1647
    686   136    1    1645    1646    1647    1648
    687   136    1    1646    1647    1648    1649
    688   136    1    1647    1648    1649    1650
    689   136    1    1648    1649    1650    4701
    690   136    1    1649    1650    4701    4702
    560   137    1    4681    4682       0       0
    579   137    1       0       0    1651    4683
    580   137    1       0    1651    4683    4684
    641   137    1       0       0    1652       0
    642   137    1       0    1652       0       0
    643   137    1       0       0    1653    4689
    644   137    1       0    1653    4689    4690
    658   137    1    6891    4693       0       0
    666   137    1       0       0    4694    4695
    684   137    1    4699    4700       0       0
    685   137    1       0       0    1654       0
    686   137    1       0    1654       0       0
    689   137    1       0       0    1655    4701
    690   137    1       0    1655    4701    4702
    558   138    1    4707    4708    1656       0
    559   138    1    4708    1656       0       0
    578   138    1       0       0    4709    4710
    598   138    1    4713    4714    1657       0
    599   138    1    4714    1657       0       0
    646   138    1       0       0    1658       0
    647   138    1       0    1658       0       0
    658   138    1    6891    4717       0       0
    666   138    1       0       0    1659    1660
    667   138    1       0    1659    1660    4718
    668   138    1    1659    1660    4718    4719
    682   138    1    4721    4722    1661       0
    683   138    1    4722    1661       0       0
    691   138    1       0       0    1662    4723
    692   138    1       0    1662    4723    4724
    558   139    1    4707    4708    1663       0
    559   139    1    4708    1663       0       0
    577   139    1       0       0    1664    4709
    578   139    1       0    1664    4709    4710
    598   139    1    4713    4714       0       0
    645   139    1       0       0    1665       0
    646   139    1       0    1665       0       0
    658   139    1    6891    4717    1666       0
    659   139    1    4717    1666       0       0
    667   139    1       0       0    1667    4718
    668   139    1       0    1667    4718    4719
    682   139    1    4721    4722    1668    1669
    683   139    1    4722    1668    1669    1670
    684   139    1    1668    1669    1670    1671
    685   139    1    1669    1670    1671       0
    686   139    1    1670    1671       0       0
    690   139    1       0       0    1672    1673
    691   139    1       0    1672    1673    4723
    692   139    1    1672    1673    4723    4724
    552   140    1    4727    4728    1674    1675
    553   140    1    4728    1674    1675    1676
    554   140    1    1674    1675    1676    1677
    555   140    1    1675    1676    1677    4729
    556   140    1    1676    1677    4729    1678
    558   140    1    1677    4729    1678       0
    559   140    1    4729    1678       0       0
    577   140    1       0       0    1679    4730
    578   140    1       0    1679    4730    4731
    594   140    1    4736    4737    1680    1681
    595   140    1    4737    1680    1681       0
    596   140    1    1680    1681       0       0
    647   140    1       0       0    1682    4738
    648   140    1       0    1682    4738    4739
    667   140    1       0       0    1683    4742
    668   140    1       0    1683    4742    4743
    678   140    1    4745    4746    1684       0
    679   140    1    4746    1684       0       0
    688   140    1    4749    4750       0       0
    689   140    1       0       0    1685    4751
    690   140    1       0    1685    4751    4752
    552   141    1    4727    4728       0       0
    556   141    1       0       0    4729    1686
    558   141    1       0    4729    1686       0
    559   141    1    4729    1686       0       0
    578   141    1       0       0    4730    4731
    594   141    1    4736    4737    1687       0
    595   141    1    4737    1687       0       0
    646   141    1       0       0    1688    1689
    647   141    1       0    1688    1689    4738
    648   141    1    1688    1689    4738    4739
    667   141    1       0       0    1690    4742
    668   141    1       0    1690    4742    4743
    678   141    1    4745    4746       0       0
    688   141    1    4749    4750    1691    1692
    689   141    1    4750    1691    1692    4751
    690   141    1    1691    1692    4751    4752
    548   142    1    4754    4755    1693    1694
    549   142    1    4755    1693    1694       0
    550   142    1    1693    1694       0       0
    557   142    1       0       0    1695       0
    558   142    1       0    1695       0       0
    578   142    1       0       0    4756    4757
    582   142    1    4756    4757    1696    1697
    583   142    1    4757    1696    1697    1698
    584   142    1    1696    1697    1698    1699
    585   142    1    1697    1698    1699    1700
    586   142    1    1698    1699    1700       0
    587   142    1    1699    1700       0       0
    645   142    1       0       0    1701    4758
    646   142    1       0    1701    4758    4759
    658   142    1    6897    4761    1702       0
    659   142    1    4761    1702       0       0
    674   142    1    4764    4765    1703       0
    675   142    1    4765    1703       0       0
    548   143    1    4754    4755    1704       0
    549   143    1    4755    1704       0       0
    557   143    1       0       0    1705    1706
    558   143    1       0    1705    1706    1707
    559   143    1    1705    1706    1707       0
    560   143    1    1706    1707       0       0
    577   143    1       0       0    1708    4756
    578   143    1       0    1708    4756    4757
    582   143    1    4756    4757    1709       0
    583   143    1    4757    1709       0       0
    643   143    1       0       0    1710    1711
    644   143    1       0    1710    1711    1712
    645   143    1    1710    1711    1712    4758
    646   143    1    1711    1712    4758    4759
    658   143    1    6897    4761    1713       0
    659   143    1    4761    1713       0       0
    674   143    1    4764    4765       0       0
    548   144    1    4774    4775    1714       0
    549   144    1    4775    1714       0       0
    557   144    1       0       0    1715    4776
    558   144    1       0    1715    4776       0
    560   144    1    1715    4776       0       0
    578   144    1       0       0    1716    1717
    579   144    1       0    1716    1717    1718
    580   144    1    1716    1717    1718    1719
    581   144    1    1717    1718    1719       0
    582   144    1    1718    1719       0       0
    642   144    1       0       0    4777    4778
    658   144    1    4781    4782    1720       0
    659   144    1    4782    1720       0       0
    670   144    1    4783    4784    1721       0
    671   144    1    4784    1721       0       0
    678   144    1       0       0    1722    1723
    679   144    1       0    1722    1723    4785
    680   144    1    1722    1723    4785    4786
    548   145    1    4774    4775    1724       0
    549   145    1    4775    1724       0       0
    557   145    1       0       0    1725    4776
    558   145    1       0    1725    4776    1726
    560   145    1    1725    4776    1726       0
    561   145    1    4776    1726       0       0
    579   145    1       0       0    1727       0
    580   145    1       0    1727       0       0
    641   145    1       0       0    1728    4777
    642   145    1       0    1728    4777    4778
    658   145    1    4781    4782       0       0
    670   145    1    4783    4784       0       0
    677   145    1       0       0    1729    1730
    678   145    1       0    1729    1730       0
    679   145    1    1729    1730       0       0
    680   145    1       0       0    4785    4786
    548   146    1    4787    4788    1731       0
    549   146    1    4788    1731       0       0
    558   146    1       0       0    1732    1733
    559   146    1       0    1732    1733       0
    560   146    1    1732    1733       0       0
    641   146    1       0       0    1734    4789
    642   146    1       0    1734    4789    4790
    656   146    1    4792    4793    1735       0
    657   146    1    4793    1735       0       0
    665   146    1       0       0    1736    1737
    666   146    1       0    1736    1737    1738
    667   146    1    1736    1737    1738    1739
    668   146    1    1737    1738    1739    1740
    669   146    1    1738    1739    1740       0
    670   146    1    1739    1740       0       0
    677   146    1       0       0    1741    4794
    678   146    1       0    1741    4794    4795
    548   147    1    4787    4788    1742       0
    549   147    1    4788    1742       0       0
    558   147    1       0       0    1743       0
    559   147    1       0    1743       0       0
    641   147    1       0       0    1744    4789
    642   147    1       0    1744    4789    4790
    656   147    1    4792    4793    1745       0
    657   147    1    4793    1745       0       0
    664   147    1       0       0    1746    1747
    665   147    1       0    1746    1747       0
    666   147    1    1746    1747       0       0
    669   147    1       0       0    1748    1749
    670   147    1       0    1748    1749    1750
    671   147    1    1748    1749    1750       0
    672   147    1    1749    1750       0       0
    673   147    1       0       0    1751    1752
    674   147    1       0    1751    1752    1753
    675   147    1    1751    1752    1753    1754
    676   147    1    1752    1753    1754    1755
    677   147    1    1753    1754    1755    4794
    678   147    1    1754    1755    4794    4795
    557   148    1       0       0    1756       0
    558   148    1       0    1756       0       0
    641   148    1       0       0    1757    4799
    642   148    1       0    1757    4799    6910
    656   148    1    4802    4803    1758       0
    657   148    1    4803    1758       0       0
    663   148    1       0       0    1759    1760
    664   148    1       0    1759    1760       0
    665   148    1    1759    1760       0       0
    669   148    1       0       0    1761    4804
    670   148    1       0    1761    4804    4805
    674   148    1    4804    4805    1762    1763
    675   148    1    4805    1762    1763    4806
    676   148    1    1762    1763    4806    4807
    640   149    1       0       0    1764    1765
    641   149    1       0    1764    1765    4799
    642   149    1    1764    1765    4799    6910
    656   149    1    4802    4803       0       0
    663   149    1       0       0    1766       0
    664   149    1       0    1766       0       0
    666   149    1       0       0    1767    1768
    667   149    1       0    1767    1768    1769
    668   149    1    1767    1768    1769    1770
    669   149    1    1768    1769    1770    4804
    670   149    1    1769    1770    4804    4805
    674   149    1    4804    4805       0       0
    675   149    1       0       0    1771    4806
    676   149    1       0    1771    4806    4807
    640   150    1       0       0    4810    4811
    664   150    1       0       0    1772       0
    665   150    1       0    1772       0       0
    666   150    1       0       0    1773    1774
    667   150    1       0    1773    1774    4816
    668   150    1    1773    1774    4816    4817
    672   150    1    4816    4817    1775       0
    673   150    1    4817    1775       0       0
    639   151    1       0       0    1776    4810
    640   151    1       0    1776    4810    4811
    665   151    1       0       0    1777       0
    666   151    1       0    1777       0       0
    667   151    1       0       0    1778    4816
    668   151    1       0    1778    4816    4817
    672   151    1    4816    4817    1779       0
    673   151    1    4817    1779       0       0
    639   152    1       0       0    1780    4823
    640   152    1       0    1780    4823    4824
    652   152    1    4825    4826    1781       0
    653   152    1    4826    1781       0       0
    672   152    1    4828    4829    1782       0
    673   152    1    4829    1782       0       0
    676   152    1       0       0    4830    4831
    639   153    1       0       0    1783    4823
    640   153    1       0    1783    4823    4824
    652   153    1    4825    4826    1784       0
    653   153    1    4826    1784       0       0
    672   153    1    4828    4829    1785    1786
    673   153    1    4829    1785    1786    1787
    674   153    1    1785    1786    1787    1788
    675   153    1    1786    1787    1788    4830
    676   153    1    1787    1788    4830    4831
    639   154    1       0       0    1789    4834
    640   154    1       0    1789    4834    4835
    652   154    1    4836    4837    1790       0
    653   154    1    4837    1790       0       0
    638   155    1       0       0    1791    1792
    639   155    1       0    1791    1792    4834
    640   155    1    1791    1792    4834    4835
    652   155    1    4836    4837    1793       0
    653   155    1    4837    1793       0       0
    665   155    1       0       0    1794       0
    666   155    1       0    1794       0       0
    638   156    1       0       0    4850    4851
    652   156    1    4853    4854    1795       0
    653   156    1    4854    1795       0       0
    667   156    1       0       0    1796    4855
    668   156    1       0    1796    4855    4856
    637   157    1       0       0    1797    4850
    638   157    1       0    1797    4850    4851
    652   157    1    4853    4854    1798    1799
    653   157    1    4854    1798    1799       0
    654   157    1    1798    1799       0       0
    666   157    1       0       0    1800    1801
    667   157    1       0    1800    1801    4855
    668   157    1    1800    1801    4855    4856
    636   158    1       0       0    4863    4864
    654   158    1    4868    4869       0       0
    656   158    1       0       0    1802       0
    657   158    1       0    1802       0       0
    665   158    1       0       0    1803    4870
    666   158    1       0    1803    4870    4871
    635   159    1       0       0    1804    4863
    636   159    1       0    1804    4863    4864
    654   159    1    4868    4869    1805    1806
    655   159    1    4869    1805    1806    1807
    656   159    1    1805    1806    1807    1808
    657   159    1    1806    1807    1808    1809
    658   159    1    1807    1808    1809    1810
    659   159    1    1808    1809    1810       0
    660   159    1    1809    1810       0       0
    663   159    1       0       0    1811    1812
    664   159    1       0    1811    1812    1813
    665   159    1    1811    1812    1813    4870
    666   159    1    1812    1813    4870    4871
    412   160    1    4875    4876    1814    1815
    413   160    1    4876    1814    1815    4877
    414   160    1    1814    1815    4877    4878
    635   160    1       0       0    1816    4882
    636   160    1       0    1816    4882    4883
    412   161    1    4875    4876       0       0
    413   161    1       0       0    1817    4877
    414   161    1       0    1817    4877    4878
    635   161    1       0       0    1818    4882
    636   161    1       0    1818    4882    4883
    406   162    1    6939    4892    1819       0
    407   162    1    4892    1819       0       0
    409   162    1       0       0    1820    4893
    410   162    1       0    1820    4893       0
    412   162    1    1820    4893       0       0
    413   162    1       0       0    1821    4894
    414   162    1       0    1821    4894    4895
    546   162    1    6942    4897    1822       0
    547   162    1    4897    1822       0       0
    406   163    1    6939    4892    1823    1824
    407   163    1    4892    1823    1824    1825
    408   163    1    1823    1824    1825    1826
    409   163    1    1824    1825    1826    4893
    410   163    1    1825    1826    4893    1827
    412   163    1    1826    4893    1827    1828
    413   163    1    4893    1827    1828    4894
    414   163    1    1827    1828    4894    4895
    546   163    1    6942    4897    1829       0
    547   163    1    4897    1829       0       0
    414   164    1    4912    4913    1830    1831
    415   164    1    4913    1830    1831    4914
    416   164    1    1830    1831    4914    4915
    546   164    1    4917    4918    1832       0
    547   164    1    4918    1832       0       0
    414   165    1    4912    4913       0       0
    415   165    1       0       0    1833    4914
    416   165    1       0    1833    4914    4915
    546   165    1    4917    4918    1834       0
    547   165    1    4918    1834       0       0
    407   166    1       0       0    1835    4921
    408   166    1       0    1835    4921    4922
    412   166    1    4921    4922    1836       0
    413   166    1    4922    1836       0       0
    415   166    1       0       0    1837    4923
    416   166    1       0    1837    4923    4924
    634   166    1       0       0    4928    6952
    407   167    1       0       0    1838    4921
    408   167    1       0    1838    4921    4922
    412   167    1    4921    4922       0       0
    413   167    1       0       0    1839       0
    414   167    1       0    1839       0       0
    415   167    1       0       0    1840    4923
    416   167    1       0    1840    4923    4924
    633   167    1       0       0    1841    4928
    634   167    1       0    1841    4928    6952
    407   168    1       0       0    1842    1843
    408   168    1       0    1842    1843       0
    409   168    1    1842    1843       0       0
    414   168    1       0       0    4930    4931
    544   168    1    4933    4934    1844    1845
    545   168    1    4934    1844    1845       0
    546   168    1    1844    1845       0       0
    633   168    1       0       0    1846    4935
    634   168    1       0    1846    4935    6968
    407   169    1       0       0    1847    1848
    408   169    1       0    1847    1848    1849
    409   169    1    1847    1848    1849       0
    410   169    1    1848    1849       0       0
    411   169    1       0       0    1850    1851
    412   169    1       0    1850    1851    1852
    413   169    1    1850    1851    1852    4930
    414   169    1    1851    1852    4930    4931
    544   169    1    4933    4934    1853       0
    545   169    1    4934    1853       0       0
    630   169    1       0       0    1854    1855
    631   169    1       0    1854    1855    1856
    632   169    1    1854    1855    1856    1857
    633   169    1    1855    1856    1857    4935
    634   169    1    1856    1857    4935    6968
    407   170    1       0       0    1858       0
    408   170    1       0    1858       0       0
    411   170    1       0       0    1859    4937
    412   170    1       0    1859    4937    4938
    544   170    1    4941    4942    1860       0
    545   170    1    4942    1860       0       0
    629   170    1       0       0    1861    4943
    630   170    1       0    1861    4943    4944
    407   171    1       0       0    1862    1863
    408   171    1       0    1862    1863    1864
    409   171    1    1862    1863    1864    1865
    410   171    1    1863    1864    1865    1866
    411   171    1    1864    1865    1866    4937
    412   171    1    1865    1866    4937    4938
    544   171    1    4941    4942    1867       0
    545   171    1    4942    1867       0       0
    629   171    1       0       0    1868    4943
    630   171    1       0    1868    4943    4944
    544   172    1    4952    4953    1869       0
    545   172    1    4953    1869       0       0
    544   173    1    4952    4953       0       0
    542   174    1    6974    4962    1870    1871
    543   174    1    4962    1870    1871       0
    544   174    1    1870    1871       0       0
    627   174    1       0       0    1872    4963
    628   174    1       0    1872    4963    4964
    542   175    1    6974    4962    1873       0
    543   175    1    4962    1873       0       0
    627   175    1       0       0    1874    4963
    628   175    1       0    1874    4963    4964
    627   176    1       0       0    1875    4968
    628   176    1       0    1875    4968    4969
    628   177    1       0       0    4968    4969
    540   178    1    4972    4973    1876       0
    541   178    1    4973    1876       0       0
    628   178    1       0       0    1877       0
    629   178    1       0    1877       0       0
    631   178    1       0       0    1878    4974
    632   178    1       0    1878    4974    4975
    540   179    1    4972    4973       0       0
    631   179    1       0       0    1879    4974
    632   179    1       0    1879    4974    4975
    538   180    1    6995    4976    1880       0
    539   180    1    4976    1880       0       0
    632   180    1       0       0    1881    1882
    633   180    1       0    1881    1882    4977
    634   180    1    1881    1882    4977    6996
    538   181    1    6995    4976       0       0
    633   181    1       0       0    1883    4977
    634   181    1       0    1883    4977    6996
    538   182    1    6995    4978       0       0
    633   182    1       0       0    1884    4979
    634   182    1       0    1884    4979    6996
    538   183    1    6995    4978    1885       0
    539   183    1    4978    1885       0       0
    634   183    1       0       0    4979    6996
    538   184    1    7000    4980    1886       0
    539   184    1    4980    1886       0       0
    538   185    1    7000    4980       0       0
    538   186    1    7000    4984       0       0
    540   186    1       0       0    1887       0
    541   186    1       0    1887       0       0
    538   187    1    7000    4984    1888       0
    539   187    1    4984    1888       0       0
    540   187    1       0       0    1889    1890
    541   187    1       0    1889    1890       0
    542   187    1    1889    1890       0       0
    538   188    1    7004    4988    1891       0
    539   188    1    4988    1891       0       0
    540   188    1       0       0    1892       0
    541   188    1       0    1892       0       0
    635   188    1       0       0    1893    1894
    636   188    1       0    1893    1894    1895
    637   188    1    1893    1894    1895    4989
    638   188    1    1894    1895    4989    4990
    538   189    1    7004    4988    1896    1897
    539   189    1    4988    1896    1897       0
    540   189    1    1896    1897       0       0
    637   189    1       0       0    1898    4989
    638   189    1       0    1898    4989    4990
    538   190    1    7004    4992    1899       0
    539   190    1    4992    1899       0       0
    637   190    1       0       0    1900    4993
    638   190    1       0    1900    4993    4994
    538   191    1    7004    4992    1901       0
    539   191    1    4992    1901       0       0
    638   191    1       0       0    4993    4994
    538   192    1    7015    4996    1902       0
    539   192    1    4996    1902       0       0
    639   192    1       0       0    1903    4997
    640   192    1       0    1903    4997    4998
    538   193    1    7015    4996    1904       0
    539   193    1    4996    1904       0       0
    639   193    1       0       0    1905    4997
    640   193    1       0    1905    4997    4998
    538   194    1    7015    4999    1906       0
    539   194    1    4999    1906       0       0
    640   194    1       0       0    1907    1908
    641   194    1       0    1907    1908    5000
    642   194    1    1907    1908    5000    7016
    538   195    1    7015    4999    1909    1910
    539   195    1    4999    1909    1910       0
    540   195    1    1909    1910       0       0
    642   195    1       0       0    5000    7016
    538   198    1    5013    5014    1911       0
    539   198    1    5014    1911       0       0
    642   198    1       0       0    1912    1913
    643   198    1       0    1912    1913    5015
    644   198    1    1912    1913    5015    5016
    538   199    1    5013    5014       0       0
    643   199    1       0       0    1914    5015
    644   199    1       0    1914    5015    5016
    532   200    1    5021    5022    1915       0
    533   200    1    5022    1915       0       0
    534   200    1       0       0    5023       0
    536   200    1       0    5023       0       0
    643   200    1       0       0    1916    5024
    644   200    1       0    1916    5024    5025
    532   201    1    5021    5022    1917    1918
    533   201    1    5022    1917    1918    5023
    534   201    1    1917    1918    5023    1919
    536   201    1    1918    5023    1919       0
    537   201    1    5023    1919       0       0
    643   201    1       0       0    1920    5024
    644   201    1       0    1920    5024    5025
    532   202    1    5030    5031    1921    1922
    533   202    1    5031    1921    1922    5032
    534   202    1    1921    1922    5032    5033
    538   202    1    5032    5033    1923       0
    539   202    1    5033    1923       0       0
    639   202    1       0       0    1924       0
    640   202    1       0    1924       0       0
    641   202    1       0       0    1925    5034
    642   202    1       0    1925    5034    5035
    532   203    1    5030    5031       0       0
    533   203    1       0       0    1926    5032
    534   203    1       0    1926    5032    5033
    538   203    1    5032    5033       0       0
    638   203    1       0       0    1927    1928
    639   203    1       0    1927    1928    1929
    640   203    1    1927    1928    1929    1930
    641   203    1    1928    1929    1930    5034
    642   203    1    1929    1930    5034    5035
    181   204    1       0       0    1931    5039
    182   204    1       0    1931    5039    7039
    533   204    1       0       0    1932    5042
    534   204    1       0    1932    5042    5043
    181   205    1       0       0    1933    5039
    182   205    1       0    1933    5039    7039
    533   205    1       0       0    1934    5042
    534   205    1       0    1934    5042    5043
    538   206    1    5054    5055    1935       0
    539   206    1    5055    1935       0       0
    638   206    1       0       0    5056    5057
    538   207    1    5054    5055    1936       0
    539   207    1    5055    1936       0       0
    637   207    1       0       0    1937    5056
    638   207    1       0    1937    5056    5057
    532   210    1    5067    5068    1938    1939
    533   210    1    5068    1938    1939    5069
    534   210    1    1938    1939    5069    1940
    536   210    1    1939    5069    1940       0
    537   210    1    5069    1940       0       0
    638   210    1       0       0    1941    1942
    639   210    1       0    1941    1942    5070
    640   210    1    1941    1942    5070    5071
    532   211    1    5067    5068       0       0
    533   211    1       0       0    1943    5069
    534   211    1       0    1943    5069    1944
    536   211    1    1943    5069    1944       0
    537   211    1    5069    1944       0       0
    639   211    1       0       0    1945    5070
    640   211    1       0    1945    5070    5071
    533   212    1       0       0    1946    5075
    534   212    1       0    1946    5075      -1
    641   212    1       0       0    1947    5076
    642   212    1       0    1947    5076    5077
    533   213    1       0       0    1948    5075
    534   213    1       0    1948    5075      -1
    642   213    1       0       0    5076    5077
    528   214    1    5079    5080    1949       0
    529   214    1    5080    1949       0       0
    643   214    1       0       0    1950    5081
    644   214    1       0    1950    5081    5082
    528   215    1    5079    5080    1951    1952
    529   215    1    5080    1951    1952       0
    530   215    1    1951    1952       0       0
    644   215    1       0       0    5081    5082
    644   216    1       0       0    1953    1954
    645   216    1       0    1953    1954    5094
    646   216    1    1953    1954    5094    5095
    646   217    1       0       0    5094    5095
    647   218    1       0       0    1955    5116
    648   218    1       0    1955    5116    5117
    662   218    1    7111    5120    1956       0
    663   218    1    5120    1956       0       0
    666   218    1       0       0    1957    1958
    667   218    1       0    1957    1958    5121
    668   218    1    1957    1958    5121    5122
    553   219    1       0       0    1959    1960
    554   219    1       0    1959    1960    1961
    555   219    1    1959    1960    1961    1962
    556   219    1    1960    1961    1962    1963
    557   219    1    1961    1962    1963    1964
    558   219    1    1962    1963    1964    1965
    559   219    1    1963    1964    1965    1966
    560   219    1    1964    1965    1966       0
    561   219    1    1965    1966       0       0
    648   219    1       0       0    5116    5117
    662   219    1    7111    5120    1967    1968
    663   219    1    5120    1967    1968       0
    664   219    1    1967    1968       0       0
    667   219    1       0       0    1969    5121
    668   219    1       0    1969    5121    5122
     52   220    1    5123    5124    1970    1971
     53   220    1    5124    1970    1971    5125
     54   220    1    1970    1971    5125    7118
    100   220    1    5126    5127    1972    1973
    101   220    1    5127    1972    1973    5128
    102   220    1    1972    1973    5128    5129
    551   220    1       0       0    1974    5132
    552   220    1       0    1974    5132    5133
    562   220    1    5135    5136    1975       0
    563   220    1    5136    1975       0       0
    649   220    1       0       0    1976    1977
    650   220    1       0    1976    1977       0
    651   220    1    1976    1977       0       0
    652   220    1       0       0    1978    1979
    653   220    1       0    1978    1979    5137
    654   220    1    1978    1979    5137    5138
    664   220    1    5140    5141       0       0
    668   220    1       0       0    1980    1981
    669   220    1       0    1980    1981    5142
    670   220    1    1980    1981    5142    5143
     52   221    1    5123    5124       0       0
     53   221    1       0       0    1982    5125
     54   221    1       0    1982    5125    7118
    100   221    1    5126    5127       0       0
    101   221    1       0       0    1983    5128
    102   221    1       0    1983    5128    5129
    551   221    1       0       0    1984    5132
    552   221    1       0    1984    5132    5133
    562   221    1    5135    5136    1985    1986
    563   221    1    5136    1985    1986    1987
    564   221    1    1985    1986    1987       0
    565   221    1    1986    1987       0       0
    653   221    1       0       0    1988    5137
    654   221    1       0    1988    5137    5138
    664   221    1    5140    5141    1989       0
    665   221    1    5141    1989       0       0
    669   221    1       0       0    1990    5142
    670   221    1       0    1990    5142    5143
     52   222    1    5145    5146       0       0
     53   222    1       0       0    1991    5147
     54   222    1       0    1991    5147    7118
    102   222    1    5149    5150       0       0
    103   222    1       0       0    1992    5151
    104   222    1       0    1992    5151    5152
    551   222    1       0       0    1993    5154
    552   222    1       0    1993    5154    5155
    566   222    1    5159    5160       0       0
    656   222    1       0       0    1994    1995
    657   222    1       0    1994    1995    5161
    658   222    1    1994    1995    5161    5162
    666   222    1    5163    5164       0       0
    669   222    1       0       0    1996    5165
    670   222    1       0    1996    5165    5166
     52   223    1    5145    5146    1997    1998
     53   223    1    5146    1997    1998    5147
     54   223    1    1997    1998    5147    7118
    102   223    1    5149    5150    1999    2000
    103   223    1    5150    1999    2000    5151
    104   223    1    1999    2000    5151    5152
    552   223    1       0       0    5154    5155
    566   223    1    5159    5160    2001       0
    567   223    1    5160    2001       0       0
    657   223    1       0       0    2002    5161
    658   223    1       0    2002    5161    5162
    666   223    1    5163    5164    2003       0
    667   223    1    5164    2003       0       0
    669   223    1       0       0    2004    5165
    670   223    1       0    2004    5165    5166
    530   224    1    5177    5178    2005       0
    531   224    1    5178    2005       0       0
    551   224    1       0       0    2006    5179
    552   224    1       0    2006    5179    5180
    568   224    1    5181    5182       0       0
    662   224    1       0       0    2007    2008
    663   224    1       0    2007    2008    5183
    664   224    1    2007    2008    5183    2009
    666   224    1    2008    5183    2009       0
    667   224    1    5183    2009       0       0
    670   224    1       0       0    2010    2011
    671   224    1       0    2010    2011    5184
    672   224    1    2010    2011    5184    5185
    530   225    1    5177    5178    2012       0
    531   225    1    5178    2012       0       0
    551   225    1       0       0    2013    5179
    552   225    1       0    2013    5179    5180
    568   225    1    5181    5182    2014       0
    569   225    1    5182    2014       0       0
    663   225    1       0       0    2015    5183
    664   225    1       0    2015    5183    2016
    666   225    1    2015    5183    2016    2017
    667   225    1    5183    2016    2017    2018
    668   225    1    2016    2017    2018       0
    669   225    1    2017    2018       0       0
    671   225    1       0       0    2019    5184
    672   225    1       0    2019    5184    5185
    528   226    1    5196    5197    2020       0
    529   226    1    5197    2020       0       0
    550   226    1       0       0    5198    5199
    568   226    1    5201    5202    2021    2022
    569   226    1    5202    2021    2022       0
    570   226    1    2021    2022       0       0
    665   226    1       0       0    2023    2024
    666   226    1       0    2023    2024    2025
    667   226    1    2023    2024    2025    2026
    668   226    1    2024    2025    2026       0
    669   226    1    2025    2026       0       0
    673   226    1       0       0    2027    5203
    674   226    1       0    2027    5203    5204
    528   227    1    5196    5197    2028    2029
    529   227    1    5197    2028    2029       0
    530   227    1    2028    2029       0       0
    545   227    1       0       0    2030       0
    546   227    1       0    2030       0       0
    548   227    1       0       0    2031    2032
    549   227    1       0    2031    2032    5198
    550   227    1    2031    2032    5198    5199
    568   227    1    5201    5202    2033       0
    569   227    1    5202    2033       0       0
    667   227    1       0       0    2034    2035
    668   227    1       0    2034    2035    2036
    669   227    1    2034    2035    2036       0
    670   227    1    2035    2036       0       0
    673   227    1       0       0    2037    5203
    674   227    1       0    2037    5203    5204
    545   228    1       0       0    2038       0
    546   228    1       0    2038       0       0
    547   228    1       0       0    2039    5209
    548   228    1       0    2039    5209    5210
    568   228    1    5213    5214    2040       0
    569   228    1    5214    2040       0       0
    669   228    1       0       0    2041       0
    670   228    1       0    2041       0       0
    675   228    1       0       0    2042    5215
    676   228    1       0    2042    5215    5216
    543   229    1       0       0    2043    2044
    544   229    1       0    2043    2044    2045
    545   229    1    2043    2044    2045    2046
    546   229    1    2044    2045    2046    2047
    547   229    1    2045    2046    2047    5209
    548   229    1    2046    2047    5209    5210
    568   229    1    5213    5214    2048       0
    569   229    1    5214    2048       0       0
    669   229    1       0       0    2049    2050
    670   229    1       0    2049    2050       0
    671   229    1    2049    2050       0       0
    675   229    1       0       0    2051    5215
    676   229    1       0    2051    5215    5216
    530   230    1    5220    5221    2052       0
    531   230    1    5221    2052       0       0
    542   230    1       0       0    2053       0
    543   230    1       0    2053       0       0
    545   230    1       0       0    2054    5222
    546   230    1       0    2054    5222    5223
    568   230    1    5227    5228    2055       0
    569   230    1    5228    2055       0       0
    669   230    1       0       0    2056    5229
    670   230    1       0    2056    5229      -1
    677   230    1       0       0    2057    5230
    678   230    1       0    2057    5230    5231
    530   231    1    5220    5221       0       0
    540   231    1       0       0    2058    2059
    541   231    1       0    2058    2059    2060
    542   231    1    2058    2059    2060       0
    543   231    1    2059    2060       0       0
    545   231    1       0       0    2061    5222
    546   231    1       0    2061    5222    5223
    568   231    1    5227    5228       0       0
    670   231    1       0       0    5229      -1
    677   231    1       0       0    2062    5230
    678   231    1       0    2062    5230    5231
    540   232    1       0       0    2063       0
    541   232    1       0    2063       0       0
    545   232    1       0       0    2064    5238
    546   232    1       0    2064    5238    7181
    564   232    1    5239    5240    2065    2066
    565   232    1    5240    2065    2066       0
    566   232    1    2065    2066       0       0
    677   232    1       0       0    2067    2068
    678   232    1       0    2067    2068    2069
    679   232    1    2067    2068    2069    5241
    680   232    1    2068    2069    5241    5242
    545   233    1       0       0    2070    5238
    546   233    1       0    2070    5238    7181
    564   233    1    5239    5240    2071       0
    565   233    1    5240    2071       0       0
    679   233    1       0       0    2072    5241
    680   233    1       0    2072    5241    5242
    530   234    1    7180    5247    2073       0
    531   234    1    5247    2073       0       0
    545   234    1       0       0    2074    5248
    546   234    1       0    2074    5248    7181
    564   234    1    5249    5250    2075       0
    565   234    1    5250    2075       0       0
    678   234    1       0       0    5251    5252
    530   235    1    7180    5247    2076       0
    531   235    1    5247    2076       0       0
    545   235    1       0       0    2077    5248
    546   235    1       0    2077    5248    7181
    564   235    1    5249    5250    2078       0
    565   235    1    5250    2078       0       0
    676   235    1       0       0    2079    2080
    677   235    1       0    2079    2080    5251
    678   235    1    2079    2080    5251    5252
     86   236    1    7192    5260       0       0
     89   236    1       0       0    2081    5261
     90   236    1       0    2081    5261    7193
    545   236    1       0       0    2082    5268
    546   236    1       0    2082    5268    7200
    564   236    1    5269    5270    2083       0
    565   236    1    5270    2083       0       0
    677   236    1       0       0    2084    5271
    678   236    1       0    2084    5271    5272
     86   237    1    7192    5260    2085    2086
     87   237    1    5260    2085    2086    2087
     88   237    1    2085    2086    2087    2088
     89   237    1    2086    2087    2088    5261
     90   237    1    2087    2088    5261    7193
    544   237    1       0       0    2089    2090
    545   237    1       0    2089    2090    5268
    546   237    1    2089    2090    5268    7200
    564   237    1    5269    5270    2091       0
    565   237    1    5270    2091       0       0
    677   237    1       0       0    2092    5271
    678   237    1       0    2092    5271    5272
     64   238    1    5274    5275    2093       0
     65   238    1    5275    2093       0       0
     68   238    1       0       0    5276    5277
    218   238    1    7195    5282       0       0
    220   238    1       0       0    5283    5284
    534   238    1    5286    5287       0       0
    543   238    1       0       0    2094    5288
    544   238    1       0    2094    5288    5289
    679   238    1       0       0    2095    5292
    680   238    1       0    2095    5292    5293
     64   239    1    5274    5275    2096    2097
     65   239    1    5275    2096    2097    2098
     66   239    1    2096    2097    2098    2099
     67   239    1    2097    2098    2099    5276
     68   239    1    2098    2099    5276    5277
    218   239    1    7195    5282    2100    2101
    219   239    1    5282    2100    2101    5283
    220   239    1    2100    2101    5283    5284
    534   239    1    5286    5287    2102    2103
    535   239    1    5287    2102    2103       0
    536   239    1    2102    2103       0       0
    543   239    1       0       0    2104    5288
    544   239    1       0    2104    5288    5289
    679   239    1       0       0    2105    5292
    680   239    1       0    2105    5292    5293
    538   240    1    5309    5310    2106       0
    539   240    1    5310    2106       0       0
    542   240    1       0       0    5311    5312
    679   240    1       0       0    2107    5316
    680   240    1       0    2107    5316    5317
    538   241    1    5309    5310    2108       0
    539   241    1    5310    2108       0       0
    541   241    1       0       0    2109    5311
    542   241    1       0    2109    5311    5312
    677   241    1       0       0    2110       0
    678   241    1       0    2110       0       0
    679   241    1       0       0    2111    5316
    680   241    1       0    2111    5316    5317
    677   242    1       0       0    2112    5342
    678   242    1       0    2112    5342    5343
    678   243    1       0       0    5342    5343
     48   244    1    5349    5350       0       0
     49   244    1       0       0    2113    5351
     50   244    1       0    2113    5351    7229
    679   244    1       0       0    2114    5354
    680   244    1       0    2114    5354    5355
     48   245    1    5349    5350    2115    2116
     49   245    1    5350    2115    2116    5351
     50   245    1    2115    2116    5351    7229
    679   245    1       0       0    2117    5354
    680   245    1       0    2117    5354    5355
     38   246    1    7228    5358    2118       0
     39   246    1    5358    2118       0       0
     40   246    1       0       0    5359    5360
    562   246    1    7255    5365       0       0
    679   246    1       0       0    2119    5366
    680   246    1       0    2119    5366    5367
     38   247    1    7228    5358    2120    2121
     39   247    1    5358    2120    2121    5359
     40   247    1    2120    2121    5359    5360
    562   247    1    7255    5365    2122       0
    563   247    1    5365    2122       0       0
    680   247    1       0       0    5366    5367
    562   248    1    5375    5376    2123       0
    563   248    1    5376    2123       0       0
    682   248    1       0       0    2124    2125
    683   248    1       0    2124    2125    5377
    684   248    1    2124    2125    5377    5378
    562   249    1    5375    5376    2126       0
    563   249    1    5376    2126       0       0
    683   249    1       0       0    2127    5377
    684   249    1       0    2127    5377    5378
     38   250    1    7258    5379    2128       0
     39   250    1    5379    2128       0       0
     40   250    1       0       0    5380    5381
    562   250    1    5383    5384    2129       0
    563   250    1    5384    2129       0       0
    683   250    1       0       0    2130    5385
    684   250    1       0    2130    5385    5386
     38   251    1    7258    5379    2131    2132
     39   251    1    5379    2131    2132    5380
     40   251    1    2131    2132    5380    5381
    562   251    1    5383    5384       0       0
    683   251    1       0       0    2133    5385
    684   251    1       0    2133    5385    5386
    560   252    1    5395    5396    2134    2135
    561   252    1    5396    2134    2135       0
    562   252    1    2134    2135       0       0
    560   253    1    5395    5396    2136       0
    561   253    1    5396    2136       0       0
    562   254    1    5408    5409    2137       0
    563   254    1    5409    2137       0       0
    685   254    1       0       0    2138    5410
    686   254    1       0    2138    5410    7280
    562   255    1    5408    5409    2139       0
    563   255    1    5409    2139       0       0
    685   255    1       0       0    2140    5410
    686   255    1       0    2140    5410    7280
    109   256    1       0       0    2141    5413
    110   256    1       0    2141    5413    7294
    564   256    1    5414    5415       0       0
    109   257    1       0       0    2142    5413
    110   257    1       0    2142    5413    7294
    564   257    1    5414    5415    2143       0
    565   257    1    5415    2143       0       0
    564   258    1    5423    5424    2144       0
    565   258    1    5424    2144       0       0
    564   259    1    5423    5424    2145       0
    565   259    1    5424    2145       0       0
    564   260    1    5427    5428    2146       0
    565   260    1    5428    2146       0       0
    688   260    1       0       0    2147    2148
    689   260    1       0    2147    2148    5429
    690   260    1    2147    2148    5429    5430
    564   261    1    5427    5428       0       0
    689   261    1       0       0    2149    5429
    690   261    1       0    2149    5429    5430
    691   264    1       0       0    2150    5443
    692   264    1       0    2150    5443    5444
    691   265    1       0       0    2151    5443
    692   265    1       0    2151    5443    5444
     84   266    1    5445    5446       0       0
     85   266    1       0       0    2152    5447
     86   266    1       0    2152    5447    7323
    564   266    1    5448    5449       0       0
    691   266    1       0       0    2153    5450
    692   266    1       0    2153    5450    5451
     84   267    1    5445    5446    2154    2155
     85   267    1    5446    2154    2155    5447
     86   267    1    2154    2155    5447    7323
    564   267    1    5448    5449    2156    2157
    565   267    1    5449    2156    2157       0
    566   267    1    2156    2157       0       0
    691   267    1       0       0    2158    5450
    692   267    1       0    2158    5450    5451
    566   268    1    5457    5458    2159       0
    567   268    1    5458    2159       0       0
    692   268    1       0       0    2160    2161
    693   268    1       0    2160    2161    5459
    694   268    1    2160    2161    5459    7335
    566   269    1    5457    5458    2162    2163
    567   269    1    5458    2162    2163       0
    568   269    1    2162    2163       0       0
    693   269    1       0       0    2164    5459
    694   269    1       0    2164    5459    7335
    568   270    1    5466    5467    2165       0
    569   270    1    5467    2165       0       0
    692   270    1       0       0    2166    2167
    693   270    1       0    2166    2167    5468
    694   270    1    2166    2167    5468    7335
    568   271    1    5466    5467    2168       0
    569   271    1    5467    2168       0       0
    693   271    1       0       0    2169    5468
    694   271    1       0    2169    5468    7335
    568   272    1    5473    5474    2170       0
    569   272    1    5474    2170       0       0
    693   272    1       0       0    2171    5475
    694   272    1       0    2171    5475    5476
    568   273    1    5473    5474    2172    2173
    569   273    1    5474    2172    2173       0
    570   273    1    2172    2173       0       0
    693   273    1       0       0    2174    5475
    694   273    1       0    2174    5475    5476
    570   274    1    5483    5484    2175       0
    571   274    1    5484    2175       0       0
    693   274    1       0       0    2176    5485
    694   274    1       0    2176    5485    5486
    570   275    1    5483    5484    2177       0
    571   275    1    5484    2177       0       0
    693   275    1       0       0    2178    5485
    694   275    1       0    2178    5485    5486
     78   276    1    7357    5488       0       0
     80   276    1       0       0    5489    5490
    570   276    1    7364    5491    2179       0
    571   276    1    5491    2179       0       0
    694   276    1       0       0    2180    2181
    695   276    1       0    2180    2181    5492
    696   276    1    2180    2181    5492    5493
     78   277    1    7357    5488    2182    2183
     79   277    1    5488    2182    2183    5489
     80   277    1    2182    2183    5489    5490
    570   277    1    7364    5491    2184       0
    571   277    1    5491    2184       0       0
    695   277    1       0       0    2185    5492
    696   277    1       0    2185    5492    5493
    570   278    1    7364    5498    2186       0
    571   278    1    5498    2186       0       0
    695   278    1       0       0    2187    5499
    696   278    1       0    2187    5499    5500
    570   279    1    7364    5498    2188       0
    571   279    1    5498    2188       0       0
    695   279    1       0       0    2189    5499
    696   279    1       0    2189    5499    5500
    570   280    1    7374    5507    2190       0
    571   280    1    5507    2190       0       0
    570   281    1    7374    5507    2191       0
    571   281    1    5507    2191       0       0
     32   282    1    5510    5511       0       0
     35   282    1       0       0    2192    2193
     36   282    1       0    2192    2193    2194
     37   282    1    2192    2193    2194    5512
     38   282    1    2193    2194    5512    7367
    570   282    1    7374    5513    2195       0
    571   282    1    5513    2195       0       0
     32   283    1    5510    5511    2196    2197
     33   283    1    5511    2196    2197    2198
     34   283    1    2196    2197    2198    2199
     35   283    1    2197    2198    2199       0
     36   283    1    2198    2199       0       0
     37   283    1       0       0    2200    5512
     38   283    1       0    2200    5512    7367
    570   283    1    7374    5513    2201       0
    571   283    1    5513    2201       0       0
    690   284    1       0       0    5525    5526
    694   284    1    5525    5526       0       0
    689   285    1       0       0    2202    5525
    690   285    1       0    2202    5525    5526
    694   285    1    5525    5526    2203       0
    695   285    1    5526    2203       0       0
    689   286    1       0       0    2204    5538
    690   286    1       0    2204    5538    5539
    690   287    1       0       0    5538    5539
    568   288    1    5543    5544    2205    2206
    569   288    1    5544    2205    2206       0
    570   288    1    2205    2206       0       0
    568   289    1    5543    5544       0       0
    568   290    1    5548    5549    2207    2208
    569   290    1    5549    2207    2208       0
    570   290    1    2207    2208       0       0
    690   290    1       0       0    2209    2210
    691   290    1       0    2209    2210    5550
    692   290    1    2209    2210    5550    5551
    568   291    1    5548    5549    2211       0
    569   291    1    5549    2211       0       0
    691   291    1       0       0    2212    5550
    692   291    1       0    2212    5550    5551
    692   292    1       0       0    5555    5556
    691   293    1       0       0    2213    5555
    692   293    1       0    2213    5555    5556
    568   294    1    5557    5558    2214       0
    569   294    1    5558    2214       0       0
    691   294    1       0       0    2215    5559
    692   294    1       0    2215    5559    5560
    568   295    1    5557    5558    2216    2217
    569   295    1    5558    2216    2217       0
    570   295    1    2216    2217       0       0
    690   295    1       0       0    2218    2219
    691   295    1       0    2218    2219    5559
    692   295    1    2218    2219    5559    5560
    570   296    1    5562    5563       0       0
    689   296    1       0       0    2220    5564
    690   296    1       0    2220    5564    5565
    570   297    1    5562    5563    2221       0
    571   297    1    5563    2221       0       0
    682   297    1       0       0    2222    2223
    683   297    1       0    2222    2223    2224
    684   297    1    2222    2223    2224    2225
    685   297    1    2223    2224    2225       0
    686   297    1    2224    2225       0       0
    688   297    1       0       0    2226    2227
    689   297    1       0    2226    2227    5564
    690   297    1    2226    2227    5564    5565
    570   298    1    5568    5569    2228       0
    571   298    1    5569    2228       0       0
    680   298    1       0       0    2229       0
    681   298    1       0    2229       0       0
    682   298    1       0       0    5570    5571
    570   299    1    5568    5569    2230    2231
    571   299    1    5569    2230    2231       0
    572   299    1    2230    2231       0       0
    679   299    1       0       0    2232    2233
    680   299    1       0    2232    2233    2234
    681   299    1    2232    2233    2234    5570
    682   299    1    2233    2234    5570    5571
    679   300    1       0       0    2235    5579
    680   300    1       0    2235    5579    5580
    679   301    1       0       0    2236    5579
    680   301    1       0    2236    5579    5580
    570   302    1    7407    5581    2237       0
    571   302    1    5581    2237       0       0
    570   303    1    7407    5581       0       0
    678   304    1       0       0    5588    7416
    677   305    1       0       0    2238    5588
    678   305    1       0    2238    5588    7416
    568   306    1    5589    5590    2239       0
    569   306    1    5590    2239       0       0
    677   306    1       0       0    2240    5591
    678   306    1       0    2240    5591    7416
    568   307    1    5589    5590       0       0
    676   307    1       0       0    2241    2242
    677   307    1       0    2241    2242    5591
    678   307    1    2241    2242    5591    7416
    564   310    1    5597    5598    2243       0
    565   310    1    5598    2243       0       0
    676   310    1       0       0    5599    5600
    564   311    1    5597    5598    2244    2245
    565   311    1    5598    2244    2245       0
    566   311    1    2244    2245       0       0
    675   311    1       0       0    2246    5599
    676   311    1       0    2246    5599    5600
    564   312    1    5601    5602    2247       0
    565   312    1    5602    2247       0       0
    675   312    1       0       0    2248    5603
    676   312    1       0    2248    5603    5604
    564   313    1    5601    5602    2249       0
    565   313    1    5602    2249       0       0
    675   313    1       0       0    2250    5603
    676   313    1       0    2250    5603    5604
    564   314    1    5605    5606    2251       0
    565   314    1    5606    2251       0       0
    675   314    1       0       0    2252    5607
    676   314    1       0    2252    5607    5608
    564   315    1    5605    5606    2253    2254
    565   315    1    5606    2253    2254       0
    566   315    1    2253    2254       0       0
    675   315    1       0       0    2255    5607
    676   315    1       0    2255    5607    5608
    675   316    1       0       0    2256    5612
    676   316    1       0    2256    5612    5613
    674   317    1       0       0    2257    2258
    675   317    1       0    2257    2258    5612
    676   317    1    2257    2258    5612    5613
    568   318    1    5616    5617       0       0
    675   318    1       0       0    2259    5618
    676   318    1       0    2259    5618    5619
    568   319    1    5616    5617    2260    2261
    569   319    1    5617    2260    2261       0
    570   319    1    2260    2261       0       0
    674   319    1       0       0    2262    2263
    675   319    1       0    2262    2263    5618
    676   319    1    2262    2263    5618    5619
    674   320    1       0       0    5623    5624
    673   321    1       0       0    2264    5623
    674   321    1       0    2264    5623    5624
    568   322    1    5626    5627    2265       0
    569   322    1    5627    2265       0       0
    673   322    1       0       0    2266    5628
    674   322    1       0    2266    5628    5629
    568   323    1    5626    5627    2267       0
    569   323    1    5627    2267       0       0
    673   323    1       0       0    2268    5628
    674   323    1       0    2268    5628    5629
    568   324    1    5631    5632    2269       0
    569   324    1    5632    2269       0       0
    673   324    1       0       0    2270    5633
    674   324    1       0    2270    5633    5634
    568   325    1    5631    5632    2271    2272
    569   325    1    5632    2271    2272       0
    570   325    1    2271    2272       0       0
    674   325    1       0       0    5633    5634
    570   326    1    5637    5638    2273       0
    571   326    1    5638    2273       0       0
    570   327    1    5637    5638    2274       0
    571   327    1    5638    2274       0       0
    570   328    1    7441    5642    2275       0
    571   328    1    5642    2275       0       0
    674   328    1       0       0    2276    2277
    675   328    1       0    2276    2277    5643
    676   328    1    2276    2277    5643    5644
    570   329    1    7441    5642    2278       0
    571   329    1    5642    2278       0       0
    675   329    1       0       0    2279    5643
    676   329    1       0    2279    5643    5644
    570   330    1    7441    5645    2280       0
    571   330    1    5645    2280       0       0
    570   331    1    7441    5645       0       0
    570   332    1    7445    5648    2281       0
    571   332    1    5648    2281       0       0
    675   332    1       0       0    2282    5649
    676   332    1       0    2282    5649    5650
    570   333    1    7445    5648    2283    2284
    571   333    1    5648    2283    2284    2285
    572   333    1    2283    2284    2285       0
    573   333    1    2284    2285       0       0
    675   333    1       0       0    2286    5649
    676   333    1       0    2286    5649    5650
    572   334    1    5651    5652    2287       0
    573   334    1    5652    2287       0       0
    675   334    1       0       0    2288    5653
    676   334    1       0    2288    5653    5654
    572   335    1    5651    5652    2289       0
    573   335    1    5652    2289       0       0
    676   335    1       0       0    5653    5654
    572   336    1    5655    5656    2290    2291
    573   336    1    5656    2290    2291       0
    574   336    1    2290    2291       0       0
    572   337    1    5655    5656    2292       0
    573   337    1    5656    2292       0       0
    572   338    1    5659    5660    2293       0
    573   338    1    5660    2293       0       0
    675   338    1       0       0    2294    5661
    676   338    1       0    2294    5661    5662
    572   339    1    5659    5660    2295       0
    573   339    1    5660    2295       0       0
    675   339    1       0       0    2296    5661
    676   339    1       0    2296    5661    5662
    572   340    1    5663    5664    2297       0
    573   340    1    5664    2297       0       0
    675   340    1       0       0    2298    5665
    676   340    1       0    2298    5665    5666
    572   341    1    5663    5664    2299       0
    573   341    1    5664    2299       0       0
    675   341    1       0       0    2300    5665
    676   341    1       0    2300    5665    5666
    572   342    1    5667    5668    2301       0
    573   342    1    5668    2301       0       0
    675   342    1       0       0    2302    5669
    676   342    1       0    2302    5669    5670
    572   343    1    5667    5668    2303    2304
    573   343    1    5668    2303    2304       0
    574   343    1    2303    2304       0       0
    676   343    1       0       0    5669    5670
    574   344    1    5672    5673    2305       0
    575   344    1    5673    2305       0       0
    677   344    1       0       0    2306    5674
    678   344    1       0    2306    5674    5675
    574   345    1    5672    5673    2307       0
    575   345    1    5673    2307       0       0
    678   345    1       0       0    5674    5675
    680   346    1       0       0    2308    2309
    681   346    1       0    2308    2309    5681
    682   346    1    2308    2309    5681    7458
    681   347    1       0       0    2310    5681
    682   347    1       0    2310    5681    7458
    576   350    1    5687    5688    2311       0
    577   350    1    5688    2311       0       0
    683   350    1       0       0    2312    5689
    684   350    1       0    2312    5689    5690
    576   351    1    5687    5688    2313    2314
    577   351    1    5688    2313    2314       0
    578   351    1    2313    2314       0       0
    684   351    1       0       0    5689    5690
    578   352    1    5692    5693       0       0
    684   352    1       0       0    2315    2316
    685   352    1       0    2315    2316    5694
    686   352    1    2315    2316    5694    7467
    578   353    1    5692    5693    2317       0
    579   353    1    5693    2317       0       0
    657   353    1       0       0    2318    2319
    658   353    1       0    2318    2319    2320
    659   353    1    2318    2319    2320    2321
    660   353    1    2319    2320    2321    2322
    661   353    1    2320    2321    2322    2323
    662   353    1    2321    2322    2323       0
    663   353    1    2322    2323       0       0
    685   353    1       0       0    2324    5694
    686   353    1       0    2324    5694    7467
    578   354    1    5696    5697    2325       0
    579   354    1    5697    2325       0       0
    653   354    1       0       0    2326    5698
    654   354    1       0    2326    5698    5699
    666   354    1    5702    5703       0       0
    685   354    1       0       0    2327    5704
    686   354    1       0    2327    5704    7467
    578   355    1    5696    5697    2328    2329
    579   355    1    5697    2328    2329       0
    580   355    1    2328    2329       0       0
    647   355    1       0       0    2330       0
    648   355    1       0    2330       0       0
    649   355    1       0       0    2331       0
    650   355    1       0    2331       0       0
    651   355    1       0       0    2332    2333
    652   355    1       0    2332    2333    2334
    653   355    1    2332    2333    2334    5698
    654   355    1    2333    2334    5698    5699
    666   355    1    5702    5703    2335       0
    667   355    1    5703    2335       0       0
    685   355    1       0       0    2336    5704
    686   355    1       0    2336    5704    7467
    642   356    1       0       0    2337       0
    643   356    1       0    2337       0       0
    648   356    1       0       0    5707    5708
    668   356    1    5711    5712       0       0
    642   357    1       0       0    2338       0
    643   357    1       0    2338       0       0
    645   357    1       0       0    2339    2340
    646   357    1       0    2339    2340    2341
    647   357    1    2339    2340    2341    5707
    648   357    1    2340    2341    5707    5708
    668   357    1    5711    5712    2342       0
    669   357    1    5712    2342       0       0
    641   358    1       0       0    2343    5717
    642   358    1       0    2343    5717    5718
    685   358    1       0       0    2344    5727
    686   358    1       0    2344    5727    7473
    640   359    1       0       0    2345    2346
    641   359    1       0    2345    2346    5717
    642   359    1    2345    2346    5717    5718
    671   359    1       0       0    2347       0
    672   359    1       0    2347       0       0
    684   359    1       0       0    2348    2349
    685   359    1       0    2348    2349    5727
    686   359    1    2348    2349    5727    7473
    638   360    1       0       0    5730    5731
    684   360    1       0       0    5735    5736
    636   361    1       0       0    2350    2351
    637   361    1       0    2350    2351    5730
    638   361    1    2350    2351    5730    5731
    683   361    1       0       0    2352    5735
    684   361    1       0    2352    5735    5736
    578   362    1    7476    5737    2353       0
    579   362    1    5737    2353       0       0
    634   362    1       0       0    5738    5739
    578   363    1    7476    5737    2354       0
    579   363    1    5737    2354       0       0
    632   363    1       0       0    2355    2356
    633   363    1       0    2355    2356    5738
    634   363    1    2355    2356    5738    5739
    578   364    1    7486    5749    2357       0
    579   364    1    5749    2357       0       0
    631   364    1       0       0    2358    5750
    632   364    1       0    2358    5750    5751
    672   364    1    5752    5753    2359       0
    673   364    1    5753    2359       0       0
    679   364    1       0       0    2360    5754
    680   364    1       0    2360    5754    5755
    578   365    1    7486    5749       0       0
    629   365    1       0       0    2361    2362
    630   365    1       0    2361    2362    2363
    631   365    1    2361    2362    2363    5750
    632   365    1    2362    2363    5750    5751
    672   365    1    5752    5753    2364       0
    673   365    1    5753    2364       0       0
    679   365    1       0       0    2365    5754
    680   365    1       0    2365    5754    5755
    578   366    1    7486    5756       0       0
    626   366    1       0       0    5757    5758
    670   366    1    7494    5762    2366       0
    671   366    1    5762    2366       0       0
    672   366    1       0       0    2367       0
    673   366    1       0    2367       0       0
    679   366    1       0       0    2368    5763
    680   366    1       0    2368    5763    5764
    578   367    1    7486    5756    2369    2370
    579   367    1    5756    2369    2370       0
    580   367    1    2369    2370       0       0
    624   367    1       0       0    2371    2372
    625   367    1       0    2371    2372    5757
    626   367    1    2371    2372    5757    5758
    670   367    1    7494    5762    2373       0
    671   367    1    5762    2373       0       0
    679   367    1       0       0    2374    5763
    680   367    1       0    2374    5763    5764
    580   368    1    5765    5766    2375       0
    581   368    1    5766    2375       0       0
    586   368    1       0       0    5767    2376
    588   368    1       0    5767    2376       0
    589   368    1    5767    2376       0       0
    622   368    1       0       0    5768    5769
    670   368    1    7503    5771    2377       0
    671   368    1    5771    2377       0       0
    580   369    1    5765    5766    2378    2379
    581   369    1    5766    2378    2379    2380
    582   369    1    2378    2379    2380    2381
    583   369    1    2379    2380    2381    2382
    584   369    1    2380    2381    2382    2383
    585   369    1    2381    2382    2383    5767
    586   369    1    2382    2383    5767    2384
    588   369    1    2383    5767    2384    2385
    589   369    1    5767    2384    2385    2386
    590   369    1    2384    2385    2386       0
    591   369    1    2385    2386       0       0
    621   369    1       0       0    2387    5768
    622   369    1       0    2387    5768    5769
    670   369    1    7503    5771    2388       0
    671   369    1    5771    2388       0       0
    590   370    1    5782    5783    2389       0
    591   370    1    5783    2389       0       0
    600   370    1       0       0    5784      -1
    620   370    1       0       0    5785    5786
    670   370    1    7503    5789    2390       0
    671   370    1    5789    2390       0       0
    590   371    1    5782    5783    2391       0
    591   371    1    5783    2391       0       0
    598   371    1       0       0    2392    2393
    599   371    1       0    2392    2393    5784
    600   371    1    2392    2393    5784      -1
    619   371    1       0       0    2394    5785
    620   371    1       0    2394    5785    5786
    670   371    1    7503    5789    2395    2396
    671   371    1    5789    2395    2396       0
    672   371    1    2395    2396       0       0
    590   372    1    7509    5795    2397       0
    591   372    1    5795    2397       0       0
    598   372    1       0       0    5796    5797
    604   372    1    5797    5798       0       0
    617   372    1       0       0    2398    5799
    618   372    1       0    2398    5799    5800
    590   373    1    7509    5795    2399       0
    591   373    1    5795    2399       0       0
    597   373    1       0       0    2400    5796
    598   373    1       0    2400    5796    5797
    604   373    1    5797    5798    2401    2402
    605   373    1    5798    2401    2402       0
    606   373    1    2401    2402       0       0
    608   373    1       0       0    2403    2404
    609   373    1       0    2403    2404       0
    610   373    1    2403    2404       0       0
    615   373    1       0       0    2405    2406
    616   373    1       0    2405    2406    2407
    617   373    1    2405    2406    2407    5799
    618   373    1    2406    2407    5799    5800
    592   374    1    5806    5807       0       0
    592   375    1    5806    5807    2408    2409
    593   375    1    5807    2408    2409    2410
    594   375    1    2408    2409    2410       0
    595   375    1    2409    2410       0       0
    654   384    1    7560    5856    2411    2412
    655   384    1    5856    2411    2412    2413
    656   384    1    2411    2412    2413    2414
    657   384    1    2412    2413    2414    5857
    658   384    1    2413    2414    5857    5858
    654   385    1    7560    5856       0       0
    655   385    1       0       0    2415       0
    656   385    1       0    2415       0       0
    657   385    1       0       0    2416    5857
    658   385    1       0    2416    5857    5858
    622   386    1    5861    5862    2417    2418
    623   386    1    5862    2417    2418    2419
    624   386    1    2417    2418    2419    2420
    625   386    1    2418    2419    2420    2421
    626   386    1    2419    2420    2421    2422
    627   386    1    2420    2421    2422    2423
    628   386    1    2421    2422    2423    2424
    629   386    1    2422    2423    2424    5863
    630   386    1    2423    2424    5863    5864
    658   386    1       0       0    5867    5868
    622   387    1    5861    5862       0       0
    627   387    1       0       0    2425       0
    628   387    1       0    2425       0       0
    629   387    1       0       0    2426    5863
    630   387    1       0    2426    5863    5864
    657   387    1       0       0    2427    5867
    658   387    1       0    2427    5867    5868
    618   388    1    7564    5870    2428       0
    619   388    1    5870    2428       0       0
    632   388    1       0       0    2429       0
    633   388    1       0    2429       0       0
    634   388    1       0       0    5871    7565
    654   388    1    7566    5872       0       0
    659   388    1       0       0    2430    2431
    660   388    1       0    2430    2431    2432
    661   388    1    2430    2431    2432    5873
    662   388    1    2431    2432    5873    5874
    618   389    1    7564    5870    2433    2434
    619   389    1    5870    2433    2434       0
    620   389    1    2433    2434       0       0
    633   389    1       0       0    2435    5871
    634   389    1       0    2435    5871    7565
    654   389    1    7566    5872    2436       0
    655   389    1    5872    2436       0       0
    661   389    1       0       0    2437    5873
    662   389    1       0    2437    5873    5874
    626   390    1    5879    5880    2438       0
    627   390    1    5880    2438       0       0
    630   390    1       0       0    5881    5882
    654   390    1    7566    5884       0       0
    655   390    1       0       0    2439       0
    656   390    1       0    2439       0       0
    626   391    1    5879    5880    2440    2441
    627   391    1    5880    2440    2441    2442
    628   391    1    2440    2441    2442    2443
    629   391    1    2441    2442    2443    5881
    630   391    1    2442    2443    5881    5882
    654   391    1    7566    5884    2444       0
    655   391    1    5884    2444       0       0
    662   392    1       0       0    2445       0
    663   392    1       0    2445       0       0
    656   394    1    5908    5909       0       0
    664   394    1       0       0    5910    5911
    656   395    1    5908    5909    2446       0
    657   395    1    5909    2446       0       0
    663   395    1       0       0    2447    5910
    664   395    1       0    2447    5910    5911
    618   396    1    5913    5914    2448    2449
    619   396    1    5914    2448    2449    5915
    620   396    1    2448    2449    5915    5916
    658   396    1    5918    5919       0       0
    661   396    1       0       0    2450    5920
    662   396    1       0    2450    5920    5921
    618   397    1    5913    5914       0       0
    619   397    1       0       0    2451    5915
    620   397    1       0    2451    5915    5916
    658   397    1    5918    5919    2452    2453
    659   397    1    5919    2452    2453    2454
    660   397    1    2452    2453    2454    2455
    661   397    1    2453    2454    2455    5920
    662   397    1    2454    2455    5920    5921
    616   398    1    5927    5928    2456       0
    617   398    1    5928    2456       0       0
    616   399    1    5927    5928       0       0
    677   400    1       0       0    2457    5949
    678   400    1       0    2457    5949    7604
    677   401    1       0       0    2458    5949
    678   401    1       0    2458    5949    7604
    619   402    1       0       0    2459    5952
    620   402    1       0    2459    5952    5953
    620   403    1       0       0    5952    5953
    616   404    1    5958    5959    2460       0
    617   404    1    5959    2460       0       0
    619   404    1       0       0    2461    5960
    620   404    1       0    2461    5960    5961
    616   405    1    5958    5959    2462       0
    617   405    1    5959    2462       0       0
    618   405    1       0       0    2463    2464
    619   405    1       0    2463    2464    5960
    620   405    1    2463    2464    5960    5961
    616   406    1    5962    5963    2465       0
    617   406    1    5963    2465       0       0
    619   406    1       0       0    2466    5964
    620   406    1       0    2466    5964    5965
    616   407    1    5962    5963    2467    2468
    617   407    1    5963    2467    2468    2469
    618   407    1    2467    2468    2469    2470
    619   407    1    2468    2469    2470    5964
    620   407    1    2469    2470    5964    5965
     62   410    1    7627    5984    2471       0
     63   410    1    5984    2471       0       0
     64   410    1       0       0    5985    5986
     62   411    1    7627    5984    2472    2473
     63   411    1    5984    2472    2473    5985
     64   411    1    2472    2473    5985    5986
    628   412    1    6005    6006    2474    2475
    629   412    1    6006    2474    2475    2476
    630   412    1    2474    2475    2476    2477
    631   412    1    2475    2476    2477       0
    632   412    1    2476    2477       0       0
    637   412    1       0       0    2478    6007
    638   412    1       0    2478    6007    7638
    628   413    1    6005    6006       0       0
    629   413    1       0       0    2479       0
    630   413    1       0    2479       0       0
    637   413    1       0       0    2480    6007
    638   413    1       0    2480    6007    7638
    626   414    1    7637    6012    2481       0
    627   414    1    6012    2481       0       0
    637   414    1       0       0    2482    6013
    638   414    1       0    2482    6013    7638
    626   415    1    7637    6012    2483    2484
    627   415    1    6012    2483    2484       0
    628   415    1    2483    2484       0       0
    637   415    1       0       0    2485    6013
    638   415    1       0    2485    6013    7638
    637   416    1       0       0    2486    6017
    638   416    1       0    2486    6017    7647
    637   417    1       0       0    2487    6017
    638   417    1       0    2487    6017    7647
    624   418    1    6018    6019    2488       0
    625   418    1    6019    2488       0       0
    637   418    1       0       0    2489    6020
    638   418    1       0    2489    6020    7647
    624   419    1    6018    6019    2490    2491
    625   419    1    6019    2490    2491    2492
    626   419    1    2490    2491    2492    2493
    627   419    1    2491    2492    2493       0
    628   419    1    2492    2493       0       0
    631   419    1       0       0    2494       0
    632   419    1       0    2494       0       0
    633   419    1       0       0    2495    2496
    634   419    1       0    2495    2496       0
    635   419    1    2495    2496       0       0
    636   419    1       0       0    2497    2498
    637   419    1       0    2497    2498    6020
    638   419    1    2497    2498    6020    7647
    628   420    1    6023    6024       0       0
    630   420    1       0       0    6025    6026
    628   421    1    6023    6024    2499    2500
    629   421    1    6024    2499    2500    6025
    630   421    1    2499    2500    6025    6026
    635   422    1       0       0    2501    6043
    636   422    1       0    2501    6043    6044
    635   423    1       0       0    2502    6043
    636   423    1       0    2502    6043    6044
    660   424    1    6055    6056    2503    2504
    661   424    1    6056    2503    2504    2505
    662   424    1    2503    2504    2505    2506
    663   424    1    2504    2505    2506    6057
    664   424    1    2505    2506    6057    6058
    660   425    1    6055    6056       0       0
    661   425    1       0       0    2507       0
    662   425    1       0    2507       0       0
    663   425    1       0       0    2508    6057
    664   425    1       0    2508    6057    6058
    658   426    1    7678    6063    2509    2510
    659   426    1    6063    2509    2510       0
    660   426    1    2509    2510       0       0
    664   426    1       0       0    2511    2512
    665   426    1       0    2511    2512    6064
    666   426    1    2511    2512    6064    7679
    658   427    1    7678    6063       0       0
    665   427    1       0       0    2513    6064
    666   427    1       0    2513    6064    7679
    665   428    1       0       0    2514    6068
    666   428    1       0    2514    6068    7693
    665   429    1       0       0    2515    6068
    666   429    1       0    2515    6068    7693
    658   430    1    7692    6071    2516       0
    659   430    1    6071    2516       0       0
    660   430    1       0       0    6072       0
    662   430    1       0    6072       0       0
    664   430    1       0       0    6073    6074
    658   431    1    7692    6071    2517    2518
    659   431    1    6071    2517    2518    6072
    660   431    1    2517    2518    6072    2519
    662   431    1    2518    6072    2519    2520
    663   431    1    6072    2519    2520    6073
    664   431    1    2519    2520    6073    6074
      1   432    1       0       0    2521    6075
      2   432    1       0    2521    6075    6076
      2   433    1       0       0    6075    6076
      3   434    1       0       0    2522    2523
      4   434    1       0    2522    2523    2524
      5   434    1    2522    2523    2524       0
      6   434    1    2523    2524       0       0
      7   434    1       0       0    2525    6086
      8   434    1       0    2525    6086    6087
      7   435    1       0       0    2526    6086
      8   435    1       0    2526    6086    6087
      7   436    1       0       0    2527    6094
      8   436    1       0    2527    6094    6095
      6   437    1       0       0    2528    2529
      7   437    1       0    2528    2529    6094
      8   437    1    2528    2529    6094    6095
      5   438    1       0       0    2530    6096
      6   438    1       0    2530    6096    6097
      5   439    1       0       0    2531    6096
      6   439    1       0    2531    6096    6097
      5   440    1       0       0    2532    6099
      6   440    1       0    2532    6099    7705
      5   441    1       0       0    2533    6099
      6   441    1       0    2533    6099    7705
      5   442    1       0       0    2534    6100
      6   442    1       0    2534    6100    7705
      5   443    1       0       0    2535    6100
      6   443    1       0    2535    6100    7705
      5   444    1       0       0    2536    6101
      6   444    1       0    2536    6101    7711
      4   445    1       0       0    2537    2538
      5   445    1       0    2537    2538    6101
      6   445    1    2537    2538    6101    7711
      4   448    1       0       0    6104    6105
      3   449    1       0       0    2539    6104
      4   449    1       0    2539    6104    6105
      3   450    1       0       0    2540    6110
      4   450    1       0    2540    6110    6111
      3   451    1       0       0    2541    6110
      4   451    1       0    2541    6110    6111
    672   452    1    6119    6120    2542    2543
    673   452    1    6120    2542    2543    6121
    674   452    1    2542    2543    6121    6122
    672   453    1    6119    6120       0       0
    673   453    1       0       0    2544    6121
    674   453    1       0    2544    6121    6122
    672   454    1    6127    6128       0       0
    675   454    1       0       0    2545    6129
    676   454    1       0    2545    6129    6130
    672   455    1    6127    6128    2546    2547
    673   455    1    6128    2546    2547    2548
    674   455    1    2546    2547    2548    2549
    675   455    1    2547    2548    2549    6129
    676   455    1    2548    2549    6129    6130
      1   456    1       0       0    2550    6131
      2   456    1       0    2550    6131    7728
      0   457    1    8943    8943    2551    2552
      1   457    1    8943    2551    2552    6131
      2   457    1    2551    2552    6131    7728
    654   472    1    6155    6156    2553       0
    655   472    1    6156    2553       0       0
    656   472    1       0       0    2554    2555
    657   472    1       0    2554    2555    6157
    658   472    1    2554    2555    6157    6158
    654   473    1    6155    6156       0       0
    657   473    1       0       0    2556    6157
    658   473    1       0    2556    6157    6158
    654   474    1       0       0    2557       0
    655   474    1       0    2557       0       0
    653   475    1       0       0    2558       0
    654   475    1       0    2558       0       0
    650   476    1    7765    6165    2559       0
    651   476    1    6165    2559       0       0
    653   476    1       0       0    2560       0
    654   476    1       0    2560       0       0
    657   476    1       0       0    2561    6166
    658   476    1       0    2561    6166    2562
    660   476    1    2561    6166    2562    2563
    661   476    1    6166    2562    2563    6167
    662   476    1    2562    2563    6167    6168
    650   477    1    7765    6165    2564    2565
    651   477    1    6165    2564    2565    2566
    652   477    1    2564    2565    2566    2567
    653   477    1    2565    2566    2567    2568
    654   477    1    2566    2567    2568       0
    655   477    1    2567    2568       0       0
    657   477    1       0       0    2569    6166
    658   477    1       0    2569    6166       0
    660   477    1    2569    6166       0       0
    661   477    1       0       0    2570    6167
    662   477    1       0    2570    6167    6168
    658   478    1    6173    6174    2571       0
    659   478    1    6174    2571       0       0
    663   478    1       0       0    2572    6175
    664   478    1       0    2572    6175    6176
    658   479    1    6173    6174    2573       0
    659   479    1    6174    2573       0       0
    663   479    1       0       0    2574    6175
    664   479    1       0    2574    6175    6176
    658   480    1    7772    6177    2575       0
    659   480    1    6177    2575       0       0
    664   480    1       0       0    6178    6179
    658   481    1    7772    6177    2576    2577
    659   481    1    6177    2576    2577    2578
    660   481    1    2576    2577    2578       0
    661   481    1    2577    2578       0       0
    663   481    1       0       0    2579    6178
    664   481    1       0    2579    6178    6179
    664   482    1       0       0    2580    2581
    665   482    1       0    2580    2581    2582
    666   482    1    2580    2581    2582    2583
    667   482    1    2581    2582    2583    6185
    668   482    1    2582    2583    6185    6186
    667   483    1       0       0    2584    6185
    668   483    1       0    2584    6185    6186
    660   484    1    6187    6188    2585       0
    661   484    1    6188    2585       0       0
    667   484    1       0       0    2586    6189
    668   484    1       0    2586    6189    6190
    660   485    1    6187    6188    2587    2588
    661   485    1    6188    2587    2588    2589
    662   485    1    2587    2588    2589    2590
    663   485    1    2588    2589    2590       0
    664   485    1    2589    2590       0       0
    667   485    1       0       0    2591    6189
    668   485    1       0    2591    6189    6190
    350   494    1    7795    6207    2592       0
    351   494    1    6207    2592       0       0
    353   494    1       0       0    2593    6208
    354   494    1       0    2593    6208    7796
    350   495    1    7795    6207    2594    2595
    351   495    1    6207    2594    2595    2596
    352   495    1    2594    2595    2596    2597
    353   495    1    2595    2596    2597    6208
    354   495    1    2596    2597    6208    7796
    652   496    1    6217    6218    2598    2599
    653   496    1    6218    2598    2599    6219
    654   496    1    2598    2599    6219    6220
    652   497    1    6217    6218       0       0
    653   497    1       0       0    2600    6219
    654   497    1       0    2600    6219    6220
    650   498    1    7808    6228    2601       0
    651   498    1    6228    2601       0       0
    655   498    1       0       0    2602    6229
    656   498    1       0    2602    6229    2603
    658   498    1    2602    6229    2603       0
    659   498    1    6229    2603       0       0
    661   498    1       0       0    2604    6230
    662   498    1       0    2604    6230    7809
    650   499    1    7808    6228    2605    2606
    651   499    1    6228    2605    2606       0
    652   499    1    2605    2606       0       0
    655   499    1       0       0    2607    6229
    656   499    1       0    2607    6229    2608
    658   499    1    2607    6229    2608    2609
    659   499    1    6229    2608    2609    2610
    660   499    1    2608    2609    2610    2611
    661   499    1    2609    2610    2611    6230
    662   499    1    2610    2611    6230    7809
    350   502    1    7811    6241       0       0
    353   502    1       0       0    2612    6242
    354   502    1       0    2612    6242    7812
    652   502    1    6243    6244    2613       0
    653   502    1    6244    2613       0       0
    658   502    1       0       0    6245    6246
    350   503    1    7811    6241    2614    2615
    351   503    1    6241    2614    2615    2616
    352   503    1    2614    2615    2616    2617
    353   503    1    2615    2616    2617    6242
    354   503    1    2616    2617    6242    7812
    652   503    1    6243    6244    2618    2619
    653   503    1    6244    2618    2619       0
    654   503    1    2618    2619       0       0
    657   503    1       0       0    2620    6245
    658   503    1       0    2620    6245    6246
    657   504    1       0       0    2621    6255
    658   504    1       0    2621    6255    7821
    657   505    1       0       0    2622    6255
    658   505    1       0    2622    6255    7821
    654   506    1    6261    6262       0       0
    657   506    1       0       0    2623    6263
    658   506    1       0    2623    6263    7821
    654   507    1    6261    6262    2624    2625
    655   507    1    6262    2624    2625    2626
    656   507    1    2624    2625    2626    2627
    657   507    1    2625    2626    2627    6263
    658   507    1    2626    2627    6263    7821
    658   510    1    6271    6272       0       0
    659   510    1       0       0    2628    6273
    660   510    1       0    2628    6273    6274
    658   511    1    6271    6272    2629    2630
    659   511    1    6272    2629    2630    6273
    660   511    1    2629    2630    6273    6274
    536     0    2    6275    6276    2631    2632
    538     0    2    6276    2631    2632    2633
    540     0    2    2631    2632    2633    2634
    542     0    2    2632    2633    2634    6277
    544     0    2    2633    2634    6277    6278
    600     0    2    6285    6286    2635    2636
    602     0    2    6286    2635    2636       0
    632     0    2       0    2637    2638    2639
    634     0    2    2637    2638    2639    6287
    636     0    2    2638    2639    6287    6288
    656     0    2    6290    6291    2640    2641
    658     0    2    6291    2640    2641      14
    674     0    2      18    2642    2643    2644
    676     0    2    2642    2643    2644    2645
    678     0    2    2643    2644    2645    2646
    680     0    2    2644    2645    2646    2647
    682     0    2    2645    2646    2647    2648
    684     0    2    2646    2647    2648    2649
    686     0    2    2647    2648    2649    2650
    688     0    2    2648    2649    2650      -1
    690     0    2    2649    2650      -1      -1
    706     0    2      -1      -1    2651    6292
    708     0    2      -1    2651    6292    7837
    736     0    2    6293    6294    2652      19
    764     0    2      24    2653    2654    2655
    766     0    2    2653    2654    2655      -1
    768     0    2    2654    2655      -1      -1
    772     0    2      -1      -1    2656    2657
    774     0    2      -1    2656    2657    6295
    776     0    2    2656    2657    6295    2658
    780     0    2    2657    6295    2658    2659
    782     0    2    6295    2658    2659      25
    790     0    2      28    2660    2661      29
    796     0    2      -1      -1    2662      30
    804     0    2       0    2663      -1      -1
    868     0    2      32    2664    6296    6297
    536     2    2    6275    6276    2665    2666
    538     2    2    6276    2665    2666    2667
    540     2    2    2665    2666    2667    2668
    542     2    2    2666    2667    2668    6277
    544     2    2    2667    2668    6277    6278
    600     2    2    6285    6286    2669       0
    632     2    2       0    2670    2671    2672
    634     2    2    2670    2671    2672    6287
    636     2    2    2671    2672    6287    6288
    656     2    2    6290    6291    2673    2674
    658     2    2    6291    2673    2674    2675
    660     2    2    2673    2674    2675    2676
    662     2    2    2674    2675    2676       0
    674     2    2      45    2677    2678    2679
    676     2    2    2677    2678    2679    2680
    678     2    2    2678    2679    2680    2681
    680     2    2    2679    2680    2681    2682
    682     2    2    2680    2681    2682    2683
    684     2    2    2681    2682    2683    2684
    686     2    2    2682    2683    2684      46
    708     2    2       0    2685    6292    7837
    736     2    2    6293    6294    2686    2687
    738     2    2    6294    2686    2687       0
    762     2    2      49    2688    2689    2690
    764     2    2    2688    2689    2690      -1
    766     2    2    2689    2690      -1      -1
    774     2    2      50    2691    2692    6295
    776     2    2    2691    2692    6295    2693
    780     2    2    2692    6295    2693    2694
    782     2    2    6295    2693    2694    2695
    784     2    2    2693    2694    2695    2696
    786     2    2    2694    2695    2696    2697
    788     2    2    2695    2696    2697    2698
    790     2    2    2696    2697    2698      -1
    792     2    2    2697    2698      -1      -1
    862     2    2      -1      -1    2700    2701
    864     2    2      -1    2700    2701    2702
    866     2    2    2700    2701    2702    6296
    868     2    2    2701    2702    6296    6297
    596     4    2    7836    6311    2703    2704
    598     4    2    6311    2703    2704    2705
    600     4    2    2703    2704    2705      -1
    602     4    2    2704    2705      -1      -1
    634     4    2      72    2706    2707    2708
    636     4    2    2706    2707    2708    2709
    638     4    2    2707    2708    2709    6312
    640     4    2    2708    2709    6312    6313
    660     4    2    6315    6316    2710    2711
    662     4    2    6316    2710    2711      73
    674     4    2       0    2712    2713    2714
    676     4    2    2712    2713    2714    2715
    678     4    2    2713    2714    2715       0
    686     4    2      76    2716    2717    2718
    688     4    2    2716    2717    2718      77
    708     4    2      79    2719    6317    7837
    736     4    2    6318    6319    2720      80
    760     4    2       0    2721    2722    2723
    762     4    2    2721    2722    2723       0
    774     4    2      85    2724    2725    6320
    776     4    2    2724    2725    6320    2726
    780     4    2    2725    6320    2726    2727
    782     4    2    6320    2726    2727    2728
    784     4    2    2726    2727    2728    2729
    786     4    2    2727    2728    2729    2730
    788     4    2    2728    2729    2730    2731
    790     4    2    2729    2730    2731      -1
    792     4    2    2730    2731      -1      -1
    794     4    2      -1      -1    2732    2733
    796     4    2      -1    2732    2733    2734
    798     4    2    2732    2733    2734      86
    862     4    2      -1      -1    2735    6321
    864     4    2      -1    2735    6321    6322
    596     6    2    7836    6311    2736    2737
    598     6    2    6311    2736    2737      -1
    600     6    2    2736    2737      -1      -1
    634     6    2      98    2738    2739    2740
    636     6    2    2738    2739    2740    2741
    638     6    2    2739    2740    2741    6312
    640     6    2    2740    2741    6312    6313
    660     6    2    6315    6316    2742    2743
    662     6    2    6316    2742    2743      99
    672     6    2      -1      -1    2744    2745
    674     6    2      -1    2744    2745    2746
    676     6    2    2744    2745    2746    2747
    678     6    2    2745    2746    2747      -1
    680     6    2    2746    2747      -1      -1
    688     6    2     100    2748    2749    2750
    690     6    2    2748    2749    2750    2751
    692     6    2    2749    2750    2751    2752
    694     6    2    2750    2751    2752      -1
    696     6    2    2751    2752      -1      -1
    708     6    2     105    2754    6317    7837
    736     6    2    6318    6319    2755     106
    756     6    2       0    2756    2757    2758
    758     6    2    2756    2757    2758    2759
    760     6    2    2757    2758    2759    2760
    762     6    2    2758    2759    2760      -1
    764     6    2    2759    2760      -1      -1
    774     6    2     112    2761    2762    6320
    776     6    2    2761    2762    6320    2763
    780     6    2    2762    6320    2763    2764
    782     6    2    6320    2763    2764    2765
    784     6    2    2763    2764    2765    2766
    786     6    2    2764    2765    2766    2767
    788     6    2    2765    2766    2767    2768
    790     6    2    2766    2767    2768    2769
    792     6    2    2767    2768    2769    2770
    794     6    2    2768    2769    2770    2771
    796     6    2    2769    2770    2771    2772
    798     6    2    2770    2771    2772     113
    864     6    2     119    2773    6321    6322
    596     8    2    6332    6333    2774     138
    638     8    2     140    2775    2776    6334
    640     8    2    2775    2776    6334    6335
    660     8    2    7847    6336    2777    2778
    662     8    2    6336    2777    2778     141
    676     8    2     142    2779    2780     143
    688     8    2     146    2781    6337    2782
    692     8    2    2781    6337    2782    2783
    694     8    2    6337    2782    2783       0
    700     8    2     148    2784    2785    2786
    702     8    2    2784    2785    2786    2787
    704     8    2    2785    2786    2787    2788
    706     8    2    2786    2787    2788    6338
    708     8    2    2787    2788    6338    7848
    736     8    2    6339    6340    2789     149
    752     8    2       0    2790    2791    2792
    754     8    2    2790    2791    2792    2793
    756     8    2    2791    2792    2793    2794
    758     8    2    2792    2793    2794    2795
    760     8    2    2793    2794    2795      -1
    762     8    2    2794    2795      -1      -1
    772     8    2     154    2796    2797    2798
    774     8    2    2796    2797    2798    2799
    776     8    2    2797    2798    2799    2800
    778     8    2    2798    2799    2800    2801
    780     8    2    2799    2800    2801    2802
    782     8    2    2800    2801    2802       0
    794     8    2     155    2803    2804    2805
    796     8    2    2803    2804    2805    2806
    798     8    2    2804    2805    2806      -1
    800     8    2    2805    2806      -1      -1
    818     8    2     161    2807    2808    2809
    820     8    2    2807    2808    2809    2810
    822     8    2    2808    2809    2810    2811
    824     8    2    2809    2810    2811    2812
    826     8    2    2810    2811    2812    2813
    828     8    2    2811    2812    2813     162
    860     8    2     170    2814    2815    2816
    862     8    2    2814    2815    2816    6341
    864     8    2    2815    2816    6341    6342
    596    10    2    6332    6333    2817    2818
    598    10    2    6333    2817    2818     183
    638    10    2     184    2819    2820    6334
    640    10    2    2819    2820    6334    6335
    660    10    2    7847    6336    2821    2822
    662    10    2    6336    2821    2822      -1
    664    10    2    2821    2822      -1      -1
    676    10    2     185    2823    2824      -1
    678    10    2    2823    2824      -1      -1
    686    10    2     186    2825    2826    6337
    688    10    2    2825    2826    6337    2827
    692    10    2    2826    6337    2827    2828
    694    10    2    6337    2827    2828    2829
    696    10    2    2827    2828    2829    2830
    698    10    2    2828    2829    2830    2831
    700    10    2    2829    2830    2831    2832
    702    10    2    2830    2831    2832    2833
    704    10    2    2831    2832    2833    2834
    706    10    2    2832    2833    2834    6338
    708    10    2    2833    2834    6338    7848
    736    10    2    6339    6340    2835       0
    748    10    2       0    2836    2837    2838
    750    10    2    2836    2837    2838    2839
    752    10    2    2837    2838    2839    2840
    754    10    2    2838    2839    2840    2841
    756    10    2    2839    2840    2841    2842
    758    10    2    2840    2841    2842     191
    772    10    2     192    2843    2844    2845
    774    10    2    2843    2844    2845    2846
    776    10    2    2844    2845    2846    2847
    778    10    2    2845    2846    2847    2848
    780    10    2    2846    2847    2848      -1
    782    10    2    2847    2848      -1      -1
    794    10    2     194    2849    2850    2851
    796    10    2    2849    2850    2851    2852
    798    10    2    2850    2851    2852       0
    806    10    2       0    2853      -1      -1
    814    10    2     199    2854    2855    2856
    816    10    2    2854    2855    2856    2857
    818    10    2    2855    2856    2857    2858
    820    10    2    2856    2857    2858    2859
    822    10    2    2857    2858    2859    2860
    824    10    2    2858    2859    2860    2861
    826    10    2    2859    2860    2861    2862
    828    10    2    2860    2861    2862    2863
    830    10    2    2861    2862    2863    2864
    832    10    2    2862    2863    2864    2865
    834    10    2    2863    2864    2865       0
    858    10    2     212    2866    2867    2868
    860    10    2    2866    2867    2868    2869
    862    10    2    2867    2868    2869    6341
    864    10    2    2868    2869    6341    6342
    564    12    2    7846    6343    2870    2871
    566    12    2    6343    2870    2871    2872
    568    12    2    2870    2871    2872    2873
    570    12    2    2871    2872    2873    2874
    572    12    2    2872    2873    2874    2875
    574    12    2    2873    2874    2875    6344
    576    12    2    2874    2875    6344    6345
    592    12    2    6346    6347    2876    2877
    594    12    2    6347    2876    2877    2878
    596    12    2    2876    2877    2878    2879
    598    12    2    2877    2878    2879      -1
    600    12    2    2878    2879      -1      -1
    640    12    2     230    2880    6348    6349
    660    12    2    7847    6350    2881    2882
    662    12    2    6350    2881    2882       0
    676    12    2     234    2883    2884     235
    686    12    2     236    2885    2886    6351
    688    12    2    2885    2886    6351    6352
    736    12    2    6357    6358    2887       0
    744    12    2     240    2888    2889    2890
    746    12    2    2888    2889    2890    6359
    748    12    2    2889    2890    6359    6360
    756    12    2    6359    6360    2891    2892
    758    12    2    6360    2891    2892       0
    768    12    2      -1      -1    2893    2894
    770    12    2      -1    2893    2894    2895
    772    12    2    2893    2894    2895    2896
    774    12    2    2894    2895    2896    2897
    776    12    2    2895    2896    2897    2898
    778    12    2    2896    2897    2898       0
    794    12    2     241    2899    2900    2901
    796    12    2    2899    2900    2901    2902
    798    12    2    2900    2901    2902    2903
    800    12    2    2901    2902    2903    2904
    802    12    2    2902    2903    2904     242
    814    12    2     245    2905    2906    6361
    816    12    2    2905    2906    6361    6362
    832    12    2    6363    6364    2907    2908
    834    12    2    6364    2907    2908    2909
    836    12    2    2907    2908    2909    2910
    838    12    2    2908    2909    2910    2911
    840    12    2    2909    2910    2911    2912
    842    12    2    2910    2911    2912      -1
    844    12    2    2911    2912      -1      -1
    850    12    2      -1      -1    2913    2914
    852    12    2      -1    2913    2914    2915
    854    12    2    2913    2914    2915    2916
    856    12    2    2914    2915    2916    2917
    858    12    2    2915    2916    2917    6365
    860    12    2    2916    2917    6365    6366
    564    14    2    7846    6343    2918    2919
    566    14    2    6343    2918    2919    2920
    568    14    2    2918    2919    2920    2921
    570    14    2    2919    2920    2921    2922
    572    14    2    2920    2921    2922    2923
    574    14    2    2921    2922    2923    6344
    576    14    2    2922    2923    6344    6345
    592    14    2    6346    6347    2924    2925
    594    14    2    6347    2924    2925    2926
    596    14    2    2924    2925    2926     260
    640    14    2       0    2927    6348    6349
    660    14    2    7847    6350    2928    2929
    662    14    2    6350    2928    2929    2930
    664    14    2    2928    2929    2930    2931
    666    14    2    2929    2930    2931     262
    674    14    2      -1      -1    2932    2933
    676    14    2      -1    2932    2933       0
    684    14    2       0    2934    2935    2936
    686    14    2    2934    2935    2936    6351
    688    14    2    2935    2936    6351    6352
    736    14    2    6357    6358    2937    2938
    738    14    2    6358    2937    2938    2939
    740    14    2    2937    2938    2939    2940
    742    14    2    2938    2939    2940    2941
    744    14    2    2939    2940    2941    2942
    746    14    2    2940    2941    2942    6359
    748    14    2    2941    2942    6359    6360
    756    14    2    6359    6360    2943     267
    770    14    2     272    2944    2945    2946
    772    14    2    2944    2945    2946    2947
    774    14    2    2945    2946    2947    2948
    776    14    2    2946    2947    2948       0
    794    14    2       0    2949    2950    2951
    796    14    2    2949    2950    2951    2952
    798    14    2    2950    2951    2952    2953
    800    14    2    2951    2952    2953    2954
    802    14    2    2952    2953    2954    2955
    804    14    2    2953    2954    2955       0
    814    14    2     274    2956    2957    6361
    816    14    2    2956    2957    6361    6362
    832    14    2    6363    6364    2958    2959
    834    14    2    6364    2958    2959    2960
    836    14    2    2958    2959    2960    2961
    838    14    2    2959    2960    2961    2962
    840    14    2    2960    2961    2962    2963
    842    14    2    2961    2962    2963      -1
    844    14    2    2962    2963      -1      -1
    852    14    2     276    2964    2965    2966
    854    14    2    2964    2965    2966    2967
    856    14    2    2965    2966    2967    2968
    858    14    2    2966    2967    2968    6365
    860    14    2    2967    2968    6365    6366
    564    16    2    7854    6368    2969    2970
    566    16    2    6368    2969    2970     290
    574    16    2     293    2971    2972    6369
    576    16    2    2971    2972    6369    6370
    588    16    2    6370    6371    2973    2974
    590    16    2    6371    2973    2974    2975
    592    16    2    2973    2974    2975    2976
    594    16    2    2974    2975    2976     294
    640    16    2     295    2977    6372    6373
    664    16    2    6374    6375    2978    2979
    666    16    2    6375    2978    2979    2980
    668    16    2    2978    2979    2980     296
    676    16    2     299    2981    2982       0
    682    16    2     301    2983    2984    6376
    684    16    2    2983    2984    6376    6377
    740    16    2    6380    6381    2985    2986
    742    16    2    6381    2985    2986    2987
    744    16    2    2985    2986    2987    2988
    746    16    2    2986    2987    2988    2989
    748    16    2    2987    2988    2989    2990
    750    16    2    2988    2989    2990    6382
    752    16    2    2989    2990    6382    2991
    756    16    2    2990    6382    2991     302
    766    16    2     304    2992    2993    2994
    768    16    2    2992    2993    2994    2995
    770    16    2    2993    2994    2995    2996
    772    16    2    2994    2995    2996    2997
    774    16    2    2995    2996    2997       0
    796    16    2     305    2998    6383    6384
    804    16    2    6383    6384    2999      -1
    806    16    2    6384    2999      -1      -1
    812    16    2       0    3000    3001    3002
    814    16    2    3000    3001    3002    6385
    816    16    2    3001    3002    6385    6386
    840    16    2    6389    6390    3003    3004
    842    16    2    6390    3003    3004    3005
    844    16    2    3003    3004    3005       0
    852    16    2     310    3006    6391    6392
    564    18    2    7854    6368    3007    3008
    566    18    2    6368    3007    3008    3009
    568    18    2    3007    3008    3009    3010
    570    18    2    3008    3009    3010    3011
    572    18    2    3009    3010    3011    3012
    574    18    2    3010    3011    3012    6369
    576    18    2    3011    3012    6369    6370
    588    18    2    6370    6371    3013    3014
    590    18    2    6371    3013    3014       0
    640    18    2     325    3015    6372    6373
    664    18    2    6374    6375    3016    3017
    666    18    2    6375    3016    3017    3018
    668    18    2    3016    3017    3018    3019
    670    18    2    3017    3018    3019    3020
    672    18    2    3018    3019    3020    3021
    674    18    2    3019    3020    3021    3022
    676    18    2    3020    3021    3022    3023
    678    18    2    3021    3022    3023    3024
    680    18    2    3022    3023    3024    3025
    682    18    2    3023    3024    3025    6376
    684    18    2    3024    3025    6376    6377
    740    18    2    6380    6381    3026    3027
    742    18    2    6381    3026    3027       0
    750    18    2     326    3028    3029    6382
    752    18    2    3028    3029    6382    3030
    756    18    2    3029    6382    3030    3031
    758    18    2    6382    3030    3031    3032
    760    18    2    3030    3031    3032    3033
    762    18    2    3031    3032    3033    3034
    764    18    2    3032    3033    3034    3035
    766    18    2    3033    3034    3035    3036
    768    18    2    3034    3035    3036    3037
    770    18    2    3035    3036    3037    3038
    772    18    2    3036    3037    3038     327
    796    18    2     328    3039    6383    6384
    804    18    2    6383    6384    3040    3041
    806    18    2    6384    3040    3041    3042
    808    18    2    3040    3041    3042    3043
    810    18    2    3041    3042    3043    3044
    812    18    2    3042    3043    3044    3045
    814    18    2    3043    3044    3045    6385
    816    18    2    3044    3045    6385    6386
    840    18    2    6389    6390    3046    3047
    842    18    2    6390    3046    3047    3048
    844    18    2    3046    3047    3048    3049
    846    18    2    3047    3048    3049    3050
    848    18    2    3048    3049    3050    3051
    850    18    2    3049    3050    3051    6391
    852    18    2    3050    3051    6391    6392
    588    20    2    6399    6400    3052    3053
    590    20    2    6400    3052    3053      -1
    592    20    2    3052    3053      -1      -1
    638    20    2     335    3054    3055    6401
    640    20    2    3054    3055    6401    6402
    660    20    2    7855    6403    3056    3057
    662    20    2    6403    3056    3057    3058
    664    20    2    3056    3057    3058    3059
    666    20    2    3057    3058    3059    3060
    668    20    2    3058    3059    3060    3061
    670    20    2    3059    3060    3061    6404
    672    20    2    3060    3061    6404    6405
    736    20    2    6410    6411    3062    3063
    738    20    2    6411    3062    3063    3064
    740    20    2    3062    3063    3064     336
    750    20    2     338    3065    3066    6412
    752    20    2    3065    3066    6412    6413
    772    20    2    6415    6416    3067     339
    796    20    2     340    3068    6417    6418
    588    22    2    6399    6400    3069     349
    636    22    2     350    3070    3071    3072
    638    22    2    3070    3071    3072    6401
    640    22    2    3071    3072    6401    6402
    660    22    2    7855    6403    3073    3074
    662    22    2    6403    3073    3074    3075
    664    22    2    3073    3074    3075     351
    670    22    2       0    3076    3077    6404
    672    22    2    3076    3077    6404    6405
    736    22    2    6410    6411    3078    3079
    738    22    2    6411    3078    3079    3080
    740    22    2    3078    3079    3080       0
    748    22    2     354    3081    3082    3083
    750    22    2    3081    3082    3083    6412
    752    22    2    3082    3083    6412    6413
    772    22    2    6415    6416    3084     355
    796    22    2       0    3085    6417    6418
    584    24    2    6434    6435    3086    3087
    586    24    2    6435    3086    3087    3088
    588    24    2    3086    3087    3088     364
    636    24    2     365    3089    6436    6437
    660    24    2    6440    6441    3090    3091
    662    24    2    6441    3090    3091     366
    672    24    2     368    3092    6442    6443
    732    24    2    6447    6448    3093    3094
    734    24    2    6448    3093    3094    3095
    736    24    2    3093    3094    3095    3096
    738    24    2    3094    3095    3096       0
    746    24    2     370    3097    3098    6449
    748    24    2    3097    3098    6449    6450
    760    24    2    6450    6451    3099    3100
    762    24    2    6451    3099    3100    3101
    764    24    2    3099    3100    3101    3102
    766    24    2    3100    3101    3102    3103
    768    24    2    3101    3102    3103    3104
    770    24    2    3102    3103    3104    3105
    772    24    2    3103    3104    3105     371
    794    24    2      -1      -1    3106    6452
    796    24    2      -1    3106    6452    6453
    584    26    2    6434    6435    3107    3108
    586    26    2    6435    3107    3108     378
    634    26    2      -1      -1    3109    6436
    636    26    2      -1    3109    6436    6437
    660    26    2    6440    6441    3110    3111
    662    26    2    6441    3110    3111    3112
    664    26    2    3110    3111    3112    3113
    666    26    2    3111    3112    3113     380
    672    26    2       0    3114    6442    6443
    732    26    2    6447    6448    3115    3116
    734    26    2    6448    3115    3116       0
    744    26    2       0    3117    3118    3119
    746    26    2    3117    3118    3119    6449
    748    26    2    3118    3119    6449    6450
    760    26    2    6450    6451    3120    3121
    762    26    2    6451    3120    3121    3122
    764    26    2    3120    3121    3122    3123
    766    26    2    3121    3122    3123       0
    772    26    2     383    3124      -1      -1
    794    26    2      -1      -1    3125    6452
    796    26    2      -1    3125    6452    6453
    584    28    2    6455    6456    3126    3127
    586    28    2    6456    3126    3127     404
    634    28    2      -1      -1    3128    6457
    636    28    2      -1    3128    6457    3129
    640    28    2    3128    6457    3129    3130
    642    28    2    6457    3129    3130    3131
    644    28    2    3129    3130    3131    3132
    646    28    2    3130    3131    3132    3133
    648    28    2    3131    3132    3133    3134
    650    28    2    3132    3133    3134    6458
    652    28    2    3133    3134    6458    6459
    660    28    2    6458    6459    3135    3136
    662    28    2    6459    3135    3136       0
    668    28    2     407    3137    3138    3139
    670    28    2    3137    3138    3139    3140
    672    28    2    3138    3139    3140    3141
    674    28    2    3139    3140    3141    6460
    676    28    2    3140    3141    6460    7866
    728    28    2    6463    6464    3142    3143
    730    28    2    6464    3142    3143    3144
    732    28    2    3142    3143    3144     408
    744    28    2     409    3145    6465    6466
    752    28    2    6465    6466    3146    3147
    754    28    2    6466    3146    3147    3148
    756    28    2    3146    3147    3148    3149
    758    28    2    3147    3148    3149    3150
    760    28    2    3148    3149    3150     410
    796    28    2     420    3151    6467    6468
    584    30    2    6455    6456    3152    3153
    586    30    2    6456    3152    3153    3154
    588    30    2    3152    3153    3154     432
    634    30    2      -1      -1    3155    6457
    636    30    2      -1    3155    6457    3156
    640    30    2    3155    6457    3156    3157
    642    30    2    6457    3156    3157    3158
    644    30    2    3156    3157    3158       0
    652    30    2     433    3159    6458    6459
    660    30    2    6458    6459    3160    3161
    662    30    2    6459    3160    3161    3162
    664    30    2    3160    3161    3162    3163
    666    30    2    3161    3162    3163       0
    672    30    2       0    3164    3165    3166
    674    30    2    3164    3165    3166    6460
    676    30    2    3165    3166    6460    7866
    728    30    2    6463    6464    3167    3168
    730    30    2    6464    3167    3168       0
    742    30    2       0    3169    3170    6465
    744    30    2    3169    3170    6465    6466
    752    30    2    6465    6466    3171    3172
    754    30    2    6466    3171    3172    3173
    756    30    2    3171    3172    3173    3174
    758    30    2    3172    3173    3174       0
    780    30    2     438    3175    3176    3177
    782    30    2    3175    3176    3177    3178
    784    30    2    3176    3177    3178      -1
    786    30    2    3177    3178      -1      -1
    792    30    2      -1      -1    3179    3180
    794    30    2      -1    3179    3180    6467
    796    30    2    3179    3180    6467    6468
    588    32    2    6471    6472    3181     449
    634    32    2      -1      -1    3182    6473
    636    32    2      -1    3182    6473    3183
    640    32    2    3182    6473    3183    3184
    642    32    2    6473    3183    3184     450
    652    32    2     452    3185    6474    3186
    656    32    2    3185    6474    3186    3187
    658    32    2    6474    3186    3187    3188
    660    32    2    3186    3187    3188    3189
    662    32    2    3187    3188    3189    3190
    664    32    2    3188    3189    3190       0
    674    32    2     455    3191    3192    6475
    676    32    2    3191    3192    6475    7883
    720    32    2    6478    6479    3193    3194
    722    32    2    6479    3193    3194    3195
    724    32    2    3193    3194    3195    3196
    726    32    2    3194    3195    3196    3197
    728    32    2    3195    3196    3197       0
    738    32    2     457    3198    3199    3200
    740    32    2    3198    3199    3200    3201
    742    32    2    3199    3200    3201    3202
    744    32    2    3200    3201    3202    3203
    746    32    2    3201    3202    3203    3204
    748    32    2    3202    3203    3204    3205
    750    32    2    3203    3204    3205    3206
    752    32    2    3204    3205    3206    3207
    754    32    2    3205    3206    3207       0
    778    32    2      -1      -1    3208    3209
    780    32    2      -1    3208    3209    3210
    782    32    2    3208    3209    3210    3211
    784    32    2    3209    3210    3211       0
    796    32    2     459    3212    3213    3214
    798    32    2    3212    3213    3214    6480
    800    32    2    3213    3214    6480    6481
    588    34    2    6471    6472    3215      -1
    590    34    2    6472    3215      -1      -1
    634    34    2      -1      -1    3216    6473
    636    34    2      -1    3216    6473    3217
    640    34    2    3216    6473    3217    3218
    642    34    2    6473    3217    3218    3219
    644    34    2    3217    3218    3219    3220
    646    34    2    3218    3219    3220    3221
    648    34    2    3219    3220    3221    3222
    650    34    2    3220    3221    3222    6474
    652    34    2    3221    3222    6474    3223
    656    34    2    3222    6474    3223    3224
    658    34    2    6474    3223    3224    3225
    660    34    2    3223    3224    3225    3226
    662    34    2    3224    3225    3226    3227
    664    34    2    3225    3226    3227    3228
    666    34    2    3226    3227    3228    3229
    668    34    2    3227    3228    3229       0
    674    34    2     468    3230    3231    6475
    676    34    2    3230    3231    6475    7883
    720    34    2    6478    6479    3232    3233
    722    34    2    6479    3232    3233    3234
    724    34    2    3232    3233    3234    3235
    726    34    2    3233    3234    3235       0
    736    34    2       0    3236    3237    3238
    738    34    2    3236    3237    3238    3239
    740    34    2    3237    3238    3239    3240
    742    34    2    3238    3239    3240    3241
    744    34    2    3239    3240    3241    3242
    746    34    2    3240    3241    3242    3243
    748    34    2    3241    3242    3243    3244
    750    34    2    3242    3243    3244    3245
    752    34    2    3243    3244    3245       0
    796    34    2     470    3246    3247    3248
    798    34    2    3246    3247    3248    6480
    800    34    2    3247    3248    6480    6481
    584    36    2    6482    6483    3249    3250
    586    36    2    6483    3249    3250    3251
    588    36    2    3249    3250    3251      -1
    590    36    2    3250    3251      -1      -1
    634    36    2      -1      -1    3252    3253
    636    36    2      -1    3252    3253    3254
    638    36    2    3252    3253    3254    6484
    640    36    2    3253    3254    6484    6485
    656    36    2    6486    6487    3255    3256
    658    36    2    6487    3255    3256       0
    664    36    2     481    3257    6488    3258
    668    36    2    3257    6488    3258    3259
    670    36    2    6488    3258    3259    3260
    672    36    2    3258    3259    3260    3261
    674    36    2    3259    3260    3261    6489
    676    36    2    3260    3261    6489    7883
    716    36    2    6491    6492    3262    3263
    718    36    2    6492    3262    3263    3264
    720    36    2    3262    3263    3264     482
    736    36    2     484    3265    6493    3266
    740    36    2    3265    6493    3266    3267
    742    36    2    6493    3266    3267       0
    748    36    2     485    3268    3269    3270
    750    36    2    3268    3269    3270      -1
    752    36    2    3269    3270      -1      -1
    798    36    2     487    3271    3272    6494
    800    36    2    3271    3272    6494    6495
    584    38    2    6482    6483    3273    3274
    586    38    2    6483    3273    3274     497
    638    38    2     498    3275    3276    6484
    640    38    2    3275    3276    6484    6485
    656    38    2    6486    6487    3277    3278
    658    38    2    6487    3277    3278       0
    664    38    2     500    3279    6488    3280
    668    38    2    3279    6488    3280    3281
    670    38    2    6488    3280    3281    3282
    672    38    2    3280    3281    3282    3283
    674    38    2    3281    3282    3283    6489
    676    38    2    3282    3283    6489    7883
    716    38    2    6491    6492    3284    3285
    718    38    2    6492    3284    3285     501
    734    38    2       0    3286    3287    6493
    736    38    2    3286    3287    6493    3288
    740    38    2    3287    6493    3288       0
    796    38    2      -1      -1    3290    3291
    798    38    2      -1    3290    3291    6494
    800    38    2    3290    3291    6494    6495
    580    40    2    6497    6498    3292    3293
    582    40    2    6498    3292    3293    3294
    584    40    2    3292    3293    3294     515
    640    40    2     516    3295    6499    6500
    656    40    2    6501    6502    3296    3297
    658    40    2    6502    3296    3297    3298
    660    40    2    3296    3297    3298    3299
    662    40    2    3297    3298    3299    6503
    664    40    2    3298    3299    6503    6504
    712    40    2    6511    6512    3300    3301
    714    40    2    6512    3300    3301    3302
    716    40    2    3300    3301    3302    3303
    718    40    2    3301    3302    3303     517
    730    40    2      -1      -1    3304    3305
    732    40    2      -1    3304    3305    3306
    734    40    2    3304    3305    3306    6513
    736    40    2    3305    3306    6513    3307
    740    40    2    3306    6513    3307      -1
    742    40    2    6513    3307      -1      -1
    788    40    2       0    3308    3309     522
    800    40    2     529    3310    6514    6515
    580    42    2    6497    6498    3311    3312
    582    42    2    6498    3311    3312    3313
    584    42    2    3311    3312    3313       0
    638    42    2      -1      -1    3314    6499
    640    42    2      -1    3314    6499    6500
    656    42    2    6501    6502    3315    3316
    658    42    2    6502    3315    3316    3317
    660    42    2    3315    3316    3317    3318
    662    42    2    3316    3317    3318    6503
    664    42    2    3317    3318    6503    6504
    712    42    2    6511    6512    3319    3320
    714    42    2    6512    3319    3320    3321
    716    42    2    3319    3320    3321    3322
    718    42    2    3320    3321    3322      -1
    720    42    2    3321    3322      -1      -1
    732    42    2     534    3323    3324    3325
    734    42    2    3323    3324    3325    6513
    736    42    2    3324    3325    6513    3326
    740    42    2    3325    6513    3326      -1
    742    42    2    6513    3326      -1      -1
    772    42    2      -1      -1    3327       0
    788    42    2     541    3328    3329    3330
    790    42    2    3328    3329    3330    3331
    792    42    2    3329    3330    3331    3332
    794    42    2    3330    3331    3332    3333
    796    42    2    3331    3332    3333    3334
    798    42    2    3332    3333    3334    6514
    800    42    2    3333    3334    6514    6515
    576    44    2    6516    6517    3335    3336
    578    44    2    6517    3335    3336    3337
    580    44    2    3335    3336    3337    3338
    582    44    2    3336    3337    3338     553
    640    44    2     559    3339    6518    6519
    648    44    2    6518    6519    3340    3341
    650    44    2    6519    3340    3341    3342
    652    44    2    3340    3341    3342    3343
    654    44    2    3341    3342    3343    6520
    656    44    2    3342    3343    6520    3344
    660    44    2    3343    6520    3344    3345
    662    44    2    6520    3344    3345    3346
    664    44    2    3344    3345    3346    3347
    666    44    2    3345    3346    3347    3348
    668    44    2    3346    3347    3348    3349
    670    44    2    3347    3348    3349    6521
    672    44    2    3348    3349    6521    6522
    692    44    2    7890    6523    3350    3351
    694    44    2    6523    3350    3351    3352
    696    44    2    3350    3351    3352    3353
    698    44    2    3351    3352    3353    3354
    700    44    2    3352    3353    3354    3355
    702    44    2    3353    3354    3355    3356
    704    44    2    3354    3355    3356    3357
    706    44    2    3355    3356    3357    6524
    708    44    2    3356    3357    6524    3358
    712    44    2    3357    6524    3358    3359
    714    44    2    6524    3358    3359       0
    730    44    2     565    3360    3361    6525
    732    44    2    3360    3361    6525    6526
    740    44    2    6525    6526    3362      -1
    742    44    2    6526    3362      -1      -1
    774    44    2     567    3363    3364       0
    782    44    2     571    3365    3366    3367
    784    44    2    3365    3366    3367    3368
    786    44    2    3366    3367    3368    3369
    788    44    2    3367    3368    3369    3370
    790    44    2    3368    3369    3370    3371
    792    44    2    3369    3370    3371    3372
    794    44    2    3370    3371    3372    3373
    796    44    2    3371    3372    3373    3374
    798    44    2    3372    3373    3374    6527
    800    44    2    3373    3374    6527    6528
    576    46    2    6516    6517    3375    3376
    578    46    2    6517    3375    3376    3377
    580    46    2    3375    3376    3377    3378
    582    46    2    3376    3377    3378      -1
    584    46    2    3377    3378      -1      -1
    634    46    2     585    3379    3380    3381
    636    46    2    3379    3380    3381    3382
    638    46    2    3380    3381    3382    6518
    640    46    2    3381    3382    6518    6519
    648    46    2    6518    6519    3383    3384
    650    46    2    6519    3383    3384    3385
    652    46    2    3383    3384    3385    3386
    654    46    2    3384    3385    3386    6520
    656    46    2    3385    3386    6520    3387
    660    46    2    3386    6520    3387    3388
    662    46    2    6520    3387    3388       0
    668    46    2     586    3389    3390    3391
    670    46    2    3389    3390    3391    6521
    672    46    2    3390    3391    6521    6522
    692    46    2    7890    6523    3392    3393
    694    46    2    6523    3392    3393    3394
    696    46    2    3392    3393    3394       0
    702    46    2      -1      -1    3395    3396
    704    46    2      -1    3395    3396    3397
    706    46    2    3395    3396    3397    6524
    708    46    2    3396    3397    6524    3398
    712    46    2    3397    6524    3398    3399
    714    46    2    6524    3398    3399       0
    720    46    2     588    3400    3401    3402
    722    46    2    3400    3401    3402    3403
    724    46    2    3401    3402    3403    3404
    726    46    2    3402    3403    3404    3405
    728    46    2    3403    3404    3405    3406
    730    46    2    3404    3405    3406    6525
    732    46    2    3405    3406    6525    6526
    740    46    2    6525    6526    3407       0
    770    46    2      -1      -1    3408    3409
    772    46    2      -1    3408    3409    3410
    774    46    2    3408    3409    3410    3411
    776    46    2    3409    3410    3411    3412
    778    46    2    3410    3411    3412    3413
    780    46    2    3411    3412    3413    3414
    782    46    2    3412    3413    3414    3415
    784    46    2    3413    3414    3415    3416
    786    46    2    3414    3415    3416    3417
    788    46    2    3415    3416    3417       0
    800    46    2       0    3418    6527    6528
    572    48    2    6532    6533    3419    3420
    574    48    2    6533    3419    3420    3421
    576    48    2    3419    3420    3421    3422
    578    48    2    3420    3421    3422       0
    634    48    2     608    3423    3424    6534
    636    48    2    3423    3424    6534    6535
    648    48    2    6535    6536    3425    3426
    650    48    2    6536    3425    3426       0
    656    48    2     609    3427    3428    3429
    658    48    2    3427    3428    3429    3430
    660    48    2    3428    3429    3430       0
    670    48    2     611    3431    3432    6537
    672    48    2    3431    3432    6537    6538
    692    48    2    6540    6541    3433    3434
    694    48    2    6541    3433    3434       0
    708    48    2     612    3435    3436    3437
    710    48    2    3435    3436    3437    3438
    712    48    2    3436    3437    3438    3439
    714    48    2    3437    3438    3439    3440
    716    48    2    3438    3439    3440    3441
    718    48    2    3439    3440    3441    6542
    720    48    2    3440    3441    6542    6543
    736    48    2    6544    6545    3442    3443
    738    48    2    6545    3442    3443    3444
    740    48    2    3442    3443    3444     613
    774    48    2     614    3445    3446    3447
    776    48    2    3445    3446    3447    3448
    778    48    2    3446    3447    3448    3449
    780    48    2    3447    3448    3449    3450
    782    48    2    3448    3449    3450       0
    800    48    2     616    3452    6546    6547
    572    50    2    6532    6533    3453    3454
    574    50    2    6533    3453    3454      -1
    576    50    2    3453    3454      -1      -1
    632    50    2       0    3455    3456    3457
    634    50    2    3455    3456    3457    6534
    636    50    2    3456    3457    6534    6535
    648    50    2    6535    6536    3458    3459
    650    50    2    6536    3458    3459       0
    670    50    2       0    3461    3462    6537
    672    50    2    3461    3462    6537    6538
    692    50    2    6540    6541    3463       0
    710    50    2     643    3464    3465    3466
    712    50    2    3464    3465    3466    3467
    714    50    2    3465    3466    3467    3468
    716    50    2    3466    3467    3468    3469
    718    50    2    3467    3468    3469    6542
    720    50    2    3468    3469    6542    6543
    736    50    2    6544    6545    3470    3471
    738    50    2    6545    3470    3471    3472
    740    50    2    3470    3471    3472       0
    800    50    2     647    3475    6546    6547
    568    52    2    6550    6551    3476    3477
    570    52    2    6551    3476    3477    3478
    572    52    2    3476    3477    3478       0
    630    52    2     659    3479    3480    6552
    632    52    2    3479    3480    6552    6553
    648    52    2    6554    6555    3481    3482
    650    52    2    6555    3481    3482    3483
    652    52    2    3481    3482    3483    3484
    654    52    2    3482    3483    3484       0
    670    52    2       0    3485    3486    3487
    672    52    2    3485    3486    3487    3488
    674    52    2    3486    3487    3488    6556
    676    52    2    3487    3488    6556    6557
    692    52    2    6558    6559    3489     660
    706    52    2      -1      -1    3490    3491
    708    52    2      -1    3490    3491    3492
    710    52    2    3490    3491    3492    6560
    712    52    2    3491    3492    6560    6561
    732    52    2    6563    6564    3493    3494
    734    52    2    6564    3493    3494    3495
    736    52    2    3493    3494    3495     661
    792    52    2       0    3496    3497     668
    798    52    2       0    3498    3499    6565
    800    52    2    3498    3499    6565    6566
    568    54    2    6550    6551    3500    3501
    570    54    2    6551    3500    3501     680
    628    54    2     682    3502    3503    3504
    630    54    2    3502    3503    3504    6552
    632    54    2    3503    3504    6552    6553
    648    54    2    6554    6555    3505    3506
    650    54    2    6555    3505    3506    3507
    652    54    2    3505    3506    3507     683
    672    54    2     684    3508    3509    3510
    674    54    2    3508    3509    3510    6556
    676    54    2    3509    3510    6556    6557
    692    54    2    6558    6559    3511     685
    706    54    2      -1      -1    3512    3513
    708    54    2      -1    3512    3513    3514
    710    54    2    3512    3513    3514    6560
    712    54    2    3513    3514    6560    6561
    732    54    2    6563    6564    3515    3516
    734    54    2    6564    3515    3516    3517
    736    54    2    3515    3516    3517       0
    786    54    2     693    3518    3519    3520
    788    54    2    3518    3519    3520    3521
    790    54    2    3519    3520    3521    3522
    792    54    2    3520    3521    3522    3523
    794    54    2    3521    3522    3523    3524
    796    54    2    3522    3523    3524    3525
    798    54    2    3523    3524    3525    6565
    800    54    2    3524    3525    6565    6566
    560    56    2    6567    6568    3526    3527
    562    56    2    6568    3526    3527    3528
    564    56    2    3526    3527    3528    3529
    566    56    2    3527    3528    3529    3530
    568    56    2    3528    3529    3530    3531
    570    56    2    3529    3530    3531     705
    626    56    2     706    3532    3533    6569
    628    56    2    3532    3533    6569    6570
    652    56    2    6573    6574    3534       0
    672    56    2      -1      -1    3535    3536
    674    56    2      -1    3535    3536    6575
    676    56    2    3535    3536    6575    6576
    688    56    2    6576    6577    3537    3538
    690    56    2    6577    3537    3538    3539
    692    56    2    3537    3538    3539     707
    710    56    2       0    3540    3541    6578
    712    56    2    3540    3541    6578    6579
    732    56    2    6581    6582    3542    3543
    734    56    2    6582    3542    3543       0
    772    56    2     711    3544    3545       0
    782    56    2       0    3546    3547    3548
    784    56    2    3546    3547    3548    3549
    786    56    2    3547    3548    3549    6583
    788    56    2    3548    3549    6583    6584
    560    58    2    6567    6568    3550    3551
    562    58    2    6568    3550    3551       0
    572    58    2     730    3552      -1      -1
    624    58    2     733    3553    3554    3555
    626    58    2    3553    3554    3555    6569
    628    58    2    3554    3555    6569    6570
    652    58    2    6573    6574    3556      -1
    654    58    2    6574    3556      -1      -1
    676    58    2     734    3557    6575    6576
    688    58    2    6576    6577    3558    3559
    690    58    2    6577    3558    3559    3560
    692    58    2    3558    3559    3560      -1
    694    58    2    3559    3560      -1      -1
    708    58    2     735    3561    3562    3563
    710    58    2    3561    3562    3563    6578
    712    58    2    3562    3563    6578    6579
    732    58    2    6581    6582    3564    3565
    734    58    2    6582    3564    3565     736
    778    58    2     740    3566    3567    3568
    780    58    2    3566    3567    3568    3569
    782    58    2    3567    3568    3569    3570
    784    58    2    3568    3569    3570    3571
    786    58    2    3569    3570    3571    6583
    788    58    2    3570    3571    6583    6584
    560    60    2    6590    6591    3572     749
    572    60    2       0    3573      -1      -1
    618    60    2      -1      -1    3574    3575
    620    60    2      -1    3574    3575    3576
    622    60    2    3574    3575    3576    6592
    624    60    2    3575    3576    6592    6593
    648    60    2    6596    6597    3577    3578
    650    60    2    6597    3577    3578    3579
    652    60    2    3577    3578    3579      -1
    654    60    2    3578    3579      -1      -1
    676    60    2     755    3580    6598    6599
    684    60    2    6598    6599    3581    3582
    686    60    2    6599    3581    3582    3583
    688    60    2    3581    3582    3583    3584
    690    60    2    3582    3583    3584     756
    708    60    2     758    3585    6600    6601
    728    60    2    6603    6604    3586    3587
    730    60    2    6604    3586    3587    3588
    732    60    2    3586    3587    3588    3589
    734    60    2    3587    3588    3589       0
    774    60    2       0    3591    3592    3593
    776    60    2    3591    3592    3593    3594
    778    60    2    3592    3593    3594    6605
    780    60    2    3593    3594    6605    6606
    560    62    2    6590    6591    3595       0
    608    62    2       0    3596    3597    3598
    610    62    2    3596    3597    3598    3599
    612    62    2    3597    3598    3599    3600
    614    62    2    3598    3599    3600       0
    620    62    2     774    3601    3602    3603
    622    62    2    3601    3602    3603    6592
    624    62    2    3602    3603    6592    6593
    648    62    2    6596    6597    3604    3605
    650    62    2    6597    3604    3605     775
    672    62    2      -1      -1    3606    3607
    674    62    2      -1    3606    3607    6598
    676    62    2    3606    3607    6598    6599
    684    62    2    6598    6599    3608    3609
    686    62    2    6599    3608    3609    3610
    688    62    2    3608    3609    3610     776
    706    62    2       0    3611    3612    6600
    708    62    2    3611    3612    6600    6601
    728    62    2    6603    6604    3613    3614
    730    62    2    6604    3613    3614       0
    770    62    2     780    3615    3616    3617
    772    62    2    3615    3616    3617    3618
    774    62    2    3616    3617    3618    3619
    776    62    2    3617    3618    3619    3620
    778    62    2    3618    3619    3620    6605
    780    62    2    3619    3620    6605    6606
    560    64    2    6614    6615    3621     788
    606    64    2       0    3622    3623    3624
    608    64    2    3622    3623    3624    3625
    610    64    2    3623    3624    3625    3626
    612    64    2    3624    3625    3626      -1
    614    64    2    3625    3626      -1      -1
    618    64    2     795    3627    3628    6616
    620    64    2    3627    3628    6616    6617
    648    64    2    6621    6622    3629    3630
    650    64    2    6622    3629    3630     796
    674    64    2       0    3631    3632    3633
    676    64    2    3631    3632    3633    3634
    678    64    2    3632    3633    3634    6623
    680    64    2    3633    3634    6623    3635
    684    64    2    3634    6623    3635    3636
    686    64    2    6623    3635    3636     799
    706    64    2     801    3637    3638    6624
    708    64    2    3637    3638    6624    6625
    716    64    2    6624    6625    3639    3640
    718    64    2    6625    3639    3640    3641
    720    64    2    3639    3640    3641    3642
    722    64    2    3640    3641    3642    3643
    724    64    2    3641    3642    3643    3644
    726    64    2    3642    3643    3644    3645
    728    64    2    3643    3644    3645       0
    766    64    2      -1      -1    3646    3647
    768    64    2      -1    3646    3647    3648
    770    64    2    3646    3647    3648    6626
    772    64    2    3647    3648    6626    6627
    792    64    2    6629    6630    3649    3650
    794    64    2    6630    3649    3650    3651
    796    64    2    3649    3650    3651    3652
    798    64    2    3650    3651    3652    3653
    800    64    2    3651    3652    3653    3654
    802    64    2    3652    3653    3654    3655
    804    64    2    3653    3654    3655    3656
    806    64    2    3654    3655    3656    6631
    808    64    2    3655    3656    6631    6632
    560    66    2    6614    6615    3657    3658
    562    66    2    6615    3657    3658       0
    588    66    2     831    3660    3661    3662
    590    66    2    3660    3661    3662    3663
    592    66    2    3661    3662    3663    3664
    594    66    2    3662    3663    3664     832
    606    66    2       0    3665    3666    3667
    608    66    2    3665    3666    3667    3668
    610    66    2    3666    3667    3668    3669
    612    66    2    3667    3668    3669    3670
    614    66    2    3668    3669    3670    3671
    616    66    2    3669    3670    3671    3672
    618    66    2    3670    3671    3672    6616
    620    66    2    3671    3672    6616    6617
    648    66    2    6621    6622    3673    3674
    650    66    2    6622    3673    3674    3675
    652    66    2    3673    3674    3675     836
    678    66    2       0    3676    3677    6623
    680    66    2    3676    3677    6623    3678
    684    66    2    3677    6623    3678    3679
    686    66    2    6623    3678    3679       0
    706    66    2     840    3680    3681    6624
    708    66    2    3680    3681    6624    6625
    716    66    2    6624    6625    3682    3683
    718    66    2    6625    3682    3683    3684
    720    66    2    3682    3683    3684       0
    726    66    2     841    3685      -1      -1
    766    66    2       0    3686    3687    3688
    768    66    2    3686    3687    3688    3689
    770    66    2    3687    3688    3689    6626
    772    66    2    3688    3689    6626    6627
    792    66    2    6629    6630    3690    3691
    794    66    2    6630    3690    3691       0
    800    66    2     844    3692    3693    3694
    802    66    2    3692    3693    3694    3695
    804    66    2    3693    3694    3695    3696
    806    66    2    3694    3695    3696    6631
    808    66    2    3695    3696    6631    6632
    560    68    2    6633    6634    3697    3698
    562    68    2    6634    3697    3698    3699
    564    68    2    3697    3698    3699    3700
    566    68    2    3698    3699    3700       0
    574    68    2     864    3701    3702    3703
    576    68    2    3701    3702    3703    3704
    578    68    2    3702    3703    3704    3705
    580    68    2    3703    3704    3705    3706
    582    68    2    3704    3705    3706    3707
    584    68    2    3705    3706    3707    3708
    586    68    2    3706    3707    3708    6635
    588    68    2    3707    3708    6635    3709
    592    68    2    3708    6635    3709    3710
    594    68    2    6635    3709    3710    3711
    596    68    2    3709    3710    3711    3712
    598    68    2    3710    3711    3712    3713
    600    68    2    3711    3712    3713    3714
    602    68    2    3712    3713    3714    3715
    604    68    2    3713    3714    3715    3716
    606    68    2    3714    3715    3716       0
    610    68    2      -1      -1    3717    3718
    612    68    2      -1    3717    3718    3719
    614    68    2    3717    3718    3719    3720
    616    68    2    3718    3719    3720    3721
    618    68    2    3719    3720    3721    3722
    620    68    2    3720    3721    3722    3723
    622    68    2    3721    3722    3723    3724
    624    68    2    3722    3723    3724    3725
    626    68    2    3723    3724    3725    6636
    628    68    2    3724    3725    6636    6637
    652    68    2    6640    6641    3726    3727
    654    68    2    6641    3726    3727      -1
    656    68    2    3726    3727      -1      -1
    676    68    2     877    3729    3730    3731
    678    68    2    3729    3730    3731    3732
    680    68    2    3730    3731    3732    3733
    682    68    2    3731    3732    3733    3734
    684    68    2    3732    3733    3734       0
    706    68    2     880    3735    3736    6642
    708    68    2    3735    3736    6642    3737
    712    68    2    3736    6642    3737    3738
    714    68    2    6642    3737    3738    3739
    716    68    2    3737    3738    3739    3740
    718    68    2    3738    3739    3740       0
    764    68    2     882    3741    3742    3743
    766    68    2    3741    3742    3743    6643
    768    68    2    3742    3743    6643    6644
    784    68    2    6645    6646    3744    3745
    786    68    2    6646    3744    3745    3746
    788    68    2    3744    3745    3746    3747
    790    68    2    3745    3746    3747    3748
    792    68    2    3746    3747    3748       0
    800    68    2       0    3749    3750    3751
    802    68    2    3749    3750    3751       0
    808    68    2     884    3752    6647    6648
    560    70    2    6633    6634    3753    3754
    562    70    2    6634    3753    3754    3755
    564    70    2    3753    3754    3755    3756
    566    70    2    3754    3755    3756    3757
    568    70    2    3755    3756    3757    3758
    570    70    2    3756    3757    3758    3759
    572    70    2    3757    3758    3759    3760
    574    70    2    3758    3759    3760    3761
    576    70    2    3759    3760    3761    3762
    578    70    2    3760    3761    3762    3763
    580    70    2    3761    3762    3763    3764
    582    70    2    3762    3763    3764    3765
    584    70    2    3763    3764    3765    3766
    586    70    2    3764    3765    3766    6635
    588    70    2    3765    3766    6635    3767
    592    70    2    3766    6635    3767    3768
    594    70    2    6635    3767    3768    3769
    596    70    2    3767    3768    3769    3770
    598    70    2    3768    3769    3770    3771
    600    70    2    3769    3770    3771    3772
    602    70    2    3770    3771    3772    3773
    604    70    2    3771    3772    3773     897
    614    70    2     902    3774    3775    3776
    616    70    2    3774    3775    3776    3777
    618    70    2    3775    3776    3777    3778
    620    70    2    3776    3777    3778    3779
    622    70    2    3777    3778    3779    3780
    624    70    2    3778    3779    3780    3781
    626    70    2    3779    3780    3781    6636
    628    70    2    3780    3781    6636    6637
    652    70    2    6640    6641    3782    3783
    654    70    2    6641    3782    3783       0
    660    70    2     904    3784    3785    3786
    662    70    2    3784    3785    3786    3787
    664    70    2    3785    3786    3787    3788
    666    70    2    3786    3787    3788    3789
    668    70    2    3787    3788    3789    3790
    670    70    2    3788    3789    3790    3791
    672    70    2    3789    3790    3791    3792
    674    70    2    3790    3791    3792    3793
    676    70    2    3791    3792    3793    3794
    678    70    2    3792    3793    3794       0
    684    70    2     905    3795      -1      -1
    702    70    2       0    3796    3797    3798
    704    70    2    3796    3797    3798    3799
    706    70    2    3797    3798    3799    6642
    708    70    2    3798    3799    6642    3800
    712    70    2    3799    6642    3800    3801
    714    70    2    6642    3800    3801    3802
    716    70    2    3800    3801    3802      -1
    718    70    2    3801    3802      -1      -1
    762    70    2       0    3803    3804    3805
    764    70    2    3803    3804    3805    3806
    766    70    2    3804    3805    3806    6643
    768    70    2    3805    3806    6643    6644
    784    70    2    6645    6646    3807    3808
    786    70    2    6646    3807    3808    3809
    788    70    2    3807    3808    3809    3810
    790    70    2    3808    3809    3810       0
    808    70    2       0    3812    6647    6648
    556    72    2    6650    6651    3813    3814
    558    72    2    6651    3813    3814    3815
    560    72    2    3813    3814    3815    3816
    562    72    2    3814    3815    3816    3817
    564    72    2    3815    3816    3817    3818
    566    72    2    3816    3817    3818    3819
    568    72    2    3817    3818    3819    3820
    570    72    2    3818    3819    3820    6652
    572    72    2    3819    3820    6652    6653
    592    72    2    6655    6656    3821    3822
    594    72    2    6656    3821    3822    3823
    596    72    2    3821    3822    3823    3824
    598    72    2    3822    3823    3824    3825
    600    72    2    3823    3824    3825    3826
    602    72    2    3824    3825    3826    3827
    604    72    2    3825    3826    3827    3828
    606    72    2    3826    3827    3828    3829
    608    72    2    3827    3828    3829    3830
    610    72    2    3828    3829    3830    3831
    612    72    2    3829    3830    3831    3832
    614    72    2    3830    3831    3832    3833
    616    72    2    3831    3832    3833       0
    626    72    2     922    3834    3835    3836
    628    72    2    3834    3835    3836    3837
    630    72    2    3835    3836    3837    3838
    632    72    2    3836    3837    3838    3839
    634    72    2    3837    3838    3839    6657
    636    72    2    3838    3839    6657    7906
    652    72    2    7906    6658    3840    3841
    654    72    2    6658    3840    3841    3842
    656    72    2    3840    3841    3842    3843
    658    72    2    3841    3842    3843    6659
    660    72    2    3842    3843    6659    6660
    672    72    2    6660    6661    3844    3845
    674    72    2    6661    3844    3845       0
    700    72    2     924    3846    3847    3848
    702    72    2    3846    3847    3848    6662
    704    72    2    3847    3848    6662    3849
    708    72    2    3848    6662    3849    3850
    710    72    2    6662    3849    3850    3851
    712    72    2    3849    3850    3851     925
    760    72    2       0    3852    3853    3854
    762    72    2    3852    3853    3854    6663
    764    72    2    3853    3854    6663    3855
    768    72    2    3854    6663    3855    3856
    770    72    2    6663    3855    3856    3857
    772    72    2    3855    3856    3857    3858
    774    72    2    3856    3857    3858    6664
    776    72    2    3857    3858    6664    3859
    780    72    2    3858    6664    3859    3860
    782    72    2    6664    3859    3860    3861
    784    72    2    3859    3860    3861     927
    806    72    2      -1      -1    3862    3863
    808    72    2      -1    3862    3863    3864
    810    72    2    3862    3863    3864    6665
    812    72    2    3863    3864    6665    7907
    556    74    2    6650    6651    3865    3866
    558    74    2    6651    3865    3866    3867
    560    74    2    3865    3866    3867    3868
    562    74    2    3866    3867    3868    3869
    564    74    2    3867    3868    3869     950
    570    74    2      -1      -1    3870    6652
    572    74    2      -1    3870    6652    6653
    592    74    2    6655    6656    3871       0
    604    74    2     952    3872    3873     953
    634    74    2     955    3875    3876    6657
    636    74    2    3875    3876    6657    7906
    652    74    2    7906    6658    3877    3878
    654    74    2    6658    3877    3878    3879
    656    74    2    3877    3878    3879    3880
    658    74    2    3878    3879    3880    6659
    660    74    2    3879    3880    6659    6660
    672    74    2    6660    6661    3881    3882
    674    74    2    6661    3881    3882      -1
    676    74    2    3881    3882      -1      -1
    698    74    2       0    3883    3884    3885
    700    74    2    3883    3884    3885    3886
    702    74    2    3884    3885    3886    6662
    704    74    2    3885    3886    6662    3887
    708    74    2    3886    6662    3887    3888
    710    74    2    6662    3887    3888       0
    760    74    2     958    3889    3890    3891
    762    74    2    3889    3890    3891    6663
    764    74    2    3890    3891    6663    3892
    768    74    2    3891    6663    3892    3893
    770    74    2    6663    3892    3893    3894
    772    74    2    3892    3893    3894    3895
    774    74    2    3893    3894    3895    6664
    776    74    2    3894    3895    6664    3896
    780    74    2    3895    6664    3896    3897
    782    74    2    6664    3896    3897    3898
    784    74    2    3896    3897    3898       0
    812    74    2     960    3899    6665    7907
    552    76    2    6666    6667    3900    3901
    554    76    2    6667    3900    3901    3902
    556    76    2    3900    3901    3902    3903
    558    76    2    3901    3902    3903      -1
    560    76    2    3902    3903      -1      -1
    570    76    2     983    3904    3905    6668
    572    76    2    3904    3905    6668    6669
    592    76    2    6671    6672    3906       0
    600    76    2     985    3907    3908    3909
    602    76    2    3907    3908    3909    3910
    604    76    2    3908    3909    3910     986
    636    76    2     987    3911    6673    7906
    668    76    2    6677    6678    3912    3913
    670    76    2    6678    3912    3913    3914
    672    76    2    3912    3913    3914       0
    694    76    2      -1      -1    3915    3916
    696    76    2      -1    3915    3916    3917
    698    76    2    3915    3916    3917    6679
    700    76    2    3916    3917    6679    6680
    708    76    2    6679    6680    3918     988
    760    76    2     993    3919    3920    3921
    762    76    2    3919    3920    3921    3922
    764    76    2    3920    3921    3922    3923
    766    76    2    3921    3922    3923    3924
    768    76    2    3922    3923    3924    3925
    770    76    2    3923    3924    3925       0
    776    76    2     994    3926    3927    3928
    778    76    2    3926    3927    3928    3929
    780    76    2    3927    3928    3929    3930
    782    76    2    3928    3929    3930     995
    812    76    2     998    3931    6681    7907
    552    78    2    6666    6667    3932    3933
    554    78    2    6667    3932    3933    1029
    566    78    2    1033    3934    3935    3936
    568    78    2    3934    3935    3936    3937
    570    78    2    3935    3936    3937    6668
    572    78    2    3936    3937    6668    6669
    592    78    2    6671    6672    3938    3939
    594    78    2    6672    3938    3939    1034
    604    78    2    1035    3940    3941    1036
    634    78    2       0    3942    3943    6673
    636    78    2    3942    3943    6673    7906
    668    78    2    6677    6678    3944    3945
    670    78    2    6678    3944    3945    1039
    694    78    2      -1      -1    3946    3947
    696    78    2      -1    3946    3947    3948
    698    78    2    3946    3947    3948    6679
    700    78    2    3947    3948    6679    6680
    708    78    2    6679    6680    3949    3950
    710    78    2    6680    3949    3950    3951
    712    78    2    3949    3950    3951    1040
    812    78    2    1050    3955    6681    7907
    548    80    2    6683    6684    3956    3957
    550    80    2    6684    3956    3957    3958
    552    80    2    3956    3957    3958      -1
    554    80    2    3957    3958      -1      -1
    564    80    2       0    3959    3960    3961
    566    80    2    3959    3960    3961    6685
    568    80    2    3960    3961    6685    6686
    580    80    2    6686    6687    3962    3963
    582    80    2    6687    3962    3963    3964
    584    80    2    3962    3963    3964    3965
    586    80    2    3963    3964    3965    6688
    588    80    2    3964    3965    6688    3966
    592    80    2    3965    6688    3966    3967
    594    80    2    6688    3966    3967    1059
    604    80    2       0    3968    3969    3970
    606    80    2    3968    3969    3970      -1
    608    80    2    3969    3970      -1      -1
    634    80    2    1062    3971    3972    6689
    636    80    2    3971    3972    6689    6690
    660    80    2    6693    6694    3973    3974
    662    80    2    6694    3973    3974    3975
    664    80    2    3973    3974    3975    3976
    666    80    2    3974    3975    3976    3977
    668    80    2    3975    3976    3977    3978
    670    80    2    3976    3977    3978      -1
    672    80    2    3977    3978      -1      -1
    696    80    2      -1      -1    3979    3980
    698    80    2      -1    3979    3980    3981
    700    80    2    3979    3980    3981    3982
    702    80    2    3980    3981    3982    3983
    704    80    2    3981    3982    3983    3984
    706    80    2    3982    3983    3984    3985
    708    80    2    3983    3984    3985    3986
    710    80    2    3984    3985    3986       0
    786    80    2       0    3988    3989    3990
    788    80    2    3988    3989    3990       0
    812    80    2    1073    3991    6695    7910
    548    82    2    6683    6684    3992    1094
    566    82    2       0    3993    3994    6685
    568    82    2    3993    3994    6685    6686
    580    82    2    6686    6687    3995    3996
    582    82    2    6687    3995    3996      -1
    584    82    2    3995    3996      -1      -1
    588    82    2    1096    3997    6688    3998
    592    82    2    3997    6688    3998    3999
    594    82    2    6688    3998    3999    4000
    596    82    2    3998    3999    4000    4001
    598    82    2    3999    4000    4001      -1
    600    82    2    4000    4001      -1      -1
    634    82    2    1099    4002    4003    6689
    636    82    2    4002    4003    6689    6690
    660    82    2    6693    6694    4004    4005
    662    82    2    6694    4004    4005    4006
    664    82    2    4004    4005    4006    1100
    698    82    2       0    4007    4008    4009
    700    82    2    4007    4008    4009    4010
    702    82    2    4008    4009    4010    4011
    704    82    2    4009    4010    4011    4012
    706    82    2    4010    4011    4012       0
    728    82    2      -1      -1    4013    4014
    730    82    2      -1    4013    4014    4015
    732    82    2    4013    4014    4015    4016
    734    82    2    4014    4015    4016    4017
    736    82    2    4015    4016    4017    4018
    738    82    2    4016    4017    4018    1104
    782    82    2      -1      -1    4019    4020
    784    82    2      -1    4019    4020    4021
    786    82    2    4019    4020    4021    4022
    788    82    2    4020    4021    4022    4023
    790    82    2    4021    4022    4023      -1
    792    82    2    4022    4023      -1      -1
    812    82    2       0    4024    6695    7910
    544    84    2    6696    6697    4025    4026
    546    84    2    6697    4025    4026    4027
    548    84    2    4025    4026    4027      -1
    550    84    2    4026    4027      -1      -1
    568    84    2    1123    4028    6698    6699
    576    84    2    6698    6699    4029    4030
    578    84    2    6699    4029    4030    4031
    580    84    2    4029    4030    4031      -1
    582    84    2    4030    4031      -1      -1
    588    84    2    1125    4032    4033    4034
    590    84    2    4032    4033    4034    6700
    592    84    2    4033    4034    6700    4035
    596    84    2    4034    6700    4035    1126
    634    84    2       0    4036    4037    4038
    636    84    2    4036    4037    4038    4039
    638    84    2    4037    4038    4039    4040
    640    84    2    4038    4039    4040    4041
    642    84    2    4039    4040    4041    6701
    644    84    2    4040    4041    6701    4042
    648    84    2    4041    6701    4042    4043
    650    84    2    6701    4042    4043    4044
    652    84    2    4042    4043    4044    4045
    654    84    2    4043    4044    4045    4046
    656    84    2    4044    4045    4046    4047
    658    84    2    4045    4046    4047    4048
    660    84    2    4046    4047    4048    1127
    696    84    2      -1      -1    4049    4050
    698    84    2      -1    4049    4050    4051
    700    84    2    4049    4050    4051    4052
    702    84    2    4050    4051    4052       0
    728    84    2      -1      -1    4053    4054
    730    84    2      -1    4053    4054    4055
    732    84    2    4053    4054    4055    4056
    734    84    2    4054    4055    4056    4057
    736    84    2    4055    4056    4057    4058
    738    84    2    4056    4057    4058    4059
    740    84    2    4057    4058    4059    4060
    742    84    2    4058    4059    4060      -1
    744    84    2    4059    4060      -1      -1
    784    84    2    1134    4061    6702    4062
    788    84    2    4061    6702    4062    4063
    790    84    2    6702    4062    4063      -1
    792    84    2    4062    4063      -1      -1
    810    84    2      -1      -1    4064    6703
    812    84    2      -1    4064    6703    7910
    544    86    2    6696    6697    4065    4066
    546    86    2    6697    4065    4066    1150
    554    86    2      -1      -1    4067    4068
    556    86    2      -1    4067    4068    4069
    558    86    2    4067    4068    4069    1151
    566    86    2    1154    4070    4071    6698
    568    86    2    4070    4071    6698    6699
    576    86    2    6698    6699    4072    4073
    578    86    2    6699    4072    4073    4074
    580    86    2    4072    4073    4074      -1
    582    86    2    4073    4074      -1      -1
    584    86    2      -1      -1    4075       0
    588    86    2      -1      -1    4076    4077
    590    86    2      -1    4076    4077    6700
    592    86    2    4076    4077    6700    4078
    596    86    2    4077    6700    4078    1155
    636    86    2    1156    4079    4080    4081
    638    86    2    4079    4080    4081    4082
    640    86    2    4080    4081    4082    4083
    642    86    2    4081    4082    4083    6701
    644    86    2    4082    4083    6701    4084
    648    86    2    4083    6701    4084    4085
    650    86    2    6701    4084    4085    4086
    652    86    2    4084    4085    4086    4087
    654    86    2    4085    4086    4087    4088
    656    86    2    4086    4087    4088    4089
    658    86    2    4087    4088    4089       0
    698    86    2    1159    4090    4091    4092
    700    86    2    4090    4091    4092    1160
    732    86    2    1161    4093    4094    4095
    734    86    2    4093    4094    4095    4096
    736    86    2    4094    4095    4096    4097
    738    86    2    4095    4096    4097    4098
    740    86    2    4096    4097    4098    1162
    778    86    2       0    4099    4100    4101
    780    86    2    4099    4100    4101    4102
    782    86    2    4100    4101    4102    6702
    784    86    2    4101    4102    6702    4103
    788    86    2    4102    6702    4103    4104
    790    86    2    6702    4103    4104      -1
    792    86    2    4103    4104      -1      -1
    810    86    2      -1      -1    4105    6703
    812    86    2      -1    4105    6703    7910
    540    88    2    7912    6704    4106    4107
    542    88    2    6704    4106    4107    4108
    544    88    2    4106    4107    4108      -1
    546    88    2    4107    4108      -1      -1
    554    88    2    1184    4110    4111    4112
    556    88    2    4110    4111    4112    4113
    558    88    2    4111    4112    4113    4114
    560    88    2    4112    4113    4114    4115
    562    88    2    4113    4114    4115    4116
    564    88    2    4114    4115    4116    4117
    566    88    2    4115    4116    4117    6705
    568    88    2    4116    4117    6705    6706
    576    88    2    6705    6706    4118    4119
    578    88    2    6706    4118    4119    1185
    590    88    2       0    4120    4121    4122
    592    88    2    4120    4121    4122    4123
    594    88    2    4121    4122    4123    4124
    596    88    2    4122    4123    4124    1187
    642    88    2    1188    4125    4126    4127
    644    88    2    4125    4126    4127    4128
    646    88    2    4126    4127    4128    4129
    648    88    2    4127    4128    4129    1189
    654    88    2       0    4130    4131    4132
    656    88    2    4130    4131    4132      -1
    658    88    2    4131    4132      -1      -1
    696    88    2    1190    4133    4134    4135
    698    88    2    4133    4134    4135    4136
    700    88    2    4134    4135    4136       0
    734    88    2    1191    4137    4138    4139
    736    88    2    4137    4138    4139    4140
    738    88    2    4138    4139    4140    4141
    740    88    2    4139    4140    4141      -1
    742    88    2    4140    4141      -1      -1
    774    88    2    1193    4142      -1      -1
    776    88    2      -1      -1    4143    4144
    778    88    2      -1    4143    4144    6707
    780    88    2    4143    4144    6707    6708
    788    88    2    6707    6708    4145    4146
    790    88    2    6708    4145    4146      -1
    792    88    2    4145    4146      -1      -1
    812    88    2       0    4147    6709    7913
    540    90    2    7912    6704    4148    4149
    542    90    2    6704    4148    4149    1217
    550    90    2       0    4150    4151    4152
    552    90    2    4150    4151    4152    4153
    554    90    2    4151    4152    4153    4154
    556    90    2    4152    4153    4154    4155
    558    90    2    4153    4154    4155    4156
    560    90    2    4154    4155    4156    4157
    562    90    2    4155    4156    4157    4158
    564    90    2    4156    4157    4158    4159
    566    90    2    4157    4158    4159    6705
    568    90    2    4158    4159    6705    6706
    576    90    2    6705    6706    4160    4161
    578    90    2    6706    4160    4161    4162
    580    90    2    4160    4161    4162      -1
    582    90    2    4161    4162      -1      -1
    590    90    2    1221    4163    4164    4165
    592    90    2    4163    4164    4165       0
    694    90    2       0    4167    4168    4169
    696    90    2    4167    4168    4169      -1
    698    90    2    4168    4169      -1      -1
    734    90    2    1230    4170    4171    4172
    736    90    2    4170    4171    4172    4173
    738    90    2    4171    4172    4173    1231
    766    90    2       0    4174      -1      -1
    778    90    2    1235    4176    4177    6707
    780    90    2    4176    4177    6707    6708
    788    90    2    6707    6708    4178    4179
    790    90    2    6708    4178    4179       0
    812    90    2    1240    4180    6709    7913
    540    92    2    7912    6710    4181    4182
    542    92    2    6710    4181    4182    4183
    544    92    2    4181    4182    4183    4184
    546    92    2    4182    4183    4184    4185
    548    92    2    4183    4184    4185    4186
    550    92    2    4184    4185    4186    6711
    552    92    2    4185    4186    6711    6712
    576    92    2    6715    6716    4187    4188
    578    92    2    6716    4187    4188    4189
    580    92    2    4187    4188    4189      -1
    582    92    2    4188    4189      -1      -1
    674    92    2    1266    4190    4191    1267
    730    92    2      -1      -1    4192    4193
    732    92    2      -1    4192    4193    4194
    734    92    2    4192    4193    4194    4195
    736    92    2    4193    4194    4195    4196
    738    92    2    4194    4195    4196       0
    770    92    2       0    4197    4198    1274
    780    92    2    1276    4199    6717    4200
    784    92    2    4199    6717    4200    4201
    786    92    2    6717    4200    4201    4202
    788    92    2    4200    4201    4202    4203
    790    92    2    4201    4202    4203       0
    806    92    2      -1      -1    4204    4205
    808    92    2      -1    4204    4205    4206
    810    92    2    4204    4205    4206    6718
    812    92    2    4205    4206    6718    7913
    540    94    2    7912    6710    4207    4208
    542    94    2    6710    4207    4208    4209
    544    94    2    4207    4208    4209    4210
    546    94    2    4208    4209    4210    4211
    548    94    2    4209    4210    4211    4212
    550    94    2    4210    4211    4212    6711
    552    94    2    4211    4212    6711    6712
    576    94    2    6715    6716    4213    4214
    578    94    2    6716    4213    4214    1290
    668    94    2    1293    4215    4216    4217
    670    94    2    4215    4216    4217    4218
    672    94    2    4216    4217    4218    1294
    730    94    2      -1      -1    4219    4220
    732    94    2      -1    4219    4220    4221
    734    94    2    4219    4220    4221    4222
    736    94    2    4220    4221    4222      -1
    738    94    2    4221    4222      -1      -1
    760    94    2      -1      -1    4223      -1
    762    94    2      -1    4223      -1      -1
    768    94    2    1305    4224    4225    4226
    770    94    2    4224    4225    4226    1306
    780    94    2    1311    4227    6717    4228
    784    94    2    4227    6717    4228    4229
    786    94    2    6717    4228    4229    4230
    788    94    2    4228    4229    4230    4231
    790    94    2    4229    4230    4231      -1
    792    94    2    4230    4231      -1      -1
    808    94    2       0    4232    4233    4234
    810    94    2    4232    4233    4234    6718
    812    94    2    4233    4234    6718    7913
    576    96    2    6725    6726    4235    4236
    578    96    2    6726    4235    4236    1326
    664    96    2    1329    4237    4238    4239
    666    96    2    4237    4238    4239    4240
    668    96    2    4238    4239    4240    4241
    670    96    2    4239    4240    4241       0
    680    96    2    1331    4242    4243      -1
    682    96    2    4242    4243      -1      -1
    730    96    2       0    4244    4245    4246
    732    96    2    4244    4245    4246    4247
    734    96    2    4245    4246    4247    4248
    736    96    2    4246    4247    4248       0
    752    96    2    1334    4249    4250    4251
    754    96    2    4249    4250    4251    4252
    756    96    2    4250    4251    4252    4253
    758    96    2    4251    4252    4253    4254
    760    96    2    4252    4253    4254    4255
    762    96    2    4253    4254    4255    4256
    764    96    2    4254    4255    4256    4257
    766    96    2    4255    4256    4257    4258
    768    96    2    4256    4257    4258    4259
    770    96    2    4257    4258    4259    4260
    772    96    2    4258    4259    4260    4261
    774    96    2    4259    4260    4261    4262
    776    96    2    4260    4261    4262    4263
    778    96    2    4261    4262    4263    6727
    780    96    2    4262    4263    6727    4264
    784    96    2    4263    6727    4264       0
    792    96    2    1336    4265      -1      -1
    804    96    2       0    4266    4267    4268
    806    96    2    4266    4267    4268    6728
    808    96    2    4267    4268    6728    6729
    576    98    2    6725    6726    4269    4270
    578    98    2    6726    4269    4270    1345
    658    98    2      -1      -1    4271    4272
    660    98    2      -1    4271    4272    4273
    662    98    2    4271    4272    4273    4274
    664    98    2    4272    4273    4274    4275
    666    98    2    4273    4274    4275    4276
    668    98    2    4274    4275    4276       0
    678    98    2       0    4277    4278       0
    734    98    2       0    4280    4281    1352
    750    98    2       0    4282    4283    4284
    752    98    2    4282    4283    4284    4285
    754    98    2    4283    4284    4285    4286
    756    98    2    4284    4285    4286    4287
    758    98    2    4285    4286    4287    4288
    760    98    2    4286    4287    4288    4289
    762    98    2    4287    4288    4289    4290
    764    98    2    4288    4289    4290    4291
    766    98    2    4289    4290    4291    4292
    768    98    2    4290    4291    4292    4293
    770    98    2    4291    4292    4293    4294
    772    98    2    4292    4293    4294    4295
    774    98    2    4293    4294    4295    4296
    776    98    2    4294    4295    4296    4297
    778    98    2    4295    4296    4297    6727
    780    98    2    4296    4297    6727    4298
    784    98    2    4297    6727    4298       0
    792    98    2    1362    4299      -1      -1
    804    98    2    1364    4300    4301    4302
    806    98    2    4300    4301    4302    6728
    808    98    2    4301    4302    6728    6729
    576   100    2    6736    6737    4303    4304
    578   100    2    6737    4303    4304    1377
    658   100    2       0    4305    4306    4307
    660   100    2    4305    4306    4307    4308
    662   100    2    4306    4307    4308    4309
    664   100    2    4307    4308    4309    1379
    676   100    2       0    4310    4311       0
    734   100    2       0    4313    4314    4315
    736   100    2    4313    4314    4315    4316
    738   100    2    4314    4315    4316       0
    746   100    2      -1      -1    4317    4318
    748   100    2      -1    4317    4318    4319
    750   100    2    4317    4318    4319    6738
    752   100    2    4318    4319    6738    6739
    784   100    2    6744    6745    4320    4321
    786   100    2    6745    4320    4321    4322
    788   100    2    4320    4321    4322    4323
    790   100    2    4321    4322    4323       0
    802   100    2    1390    4324    4325    6746
    804   100    2    4324    4325    6746    6747
    576   102    2    6736    6737    4326    4327
    578   102    2    6737    4326    4327       0
    656   102    2       0    4328    4329    4330
    658   102    2    4328    4329    4330    4331
    660   102    2    4329    4330    4331    4332
    662   102    2    4330    4331    4332       0
    674   102    2       0    4333    4334      -1
    676   102    2    4333    4334      -1      -1
    732   102    2    1405    4335    4336    4337
    734   102    2    4335    4336    4337    4338
    736   102    2    4336    4337    4338    4339
    738   102    2    4337    4338    4339    4340
    740   102    2    4338    4339    4340       0
    748   102    2       0    4341    4342    4343
    750   102    2    4341    4342    4343    6738
    752   102    2    4342    4343    6738    6739
    784   102    2    6744    6745    4344    4345
    786   102    2    6745    4344    4345    4346
    788   102    2    4344    4345    4346    4347
    790   102    2    4345    4346    4347    4348
    792   102    2    4346    4347    4348    4349
    794   102    2    4347    4348    4349       0
    800   102    2    1409    4350    4351    4352
    802   102    2    4350    4351    4352    6746
    804   102    2    4351    4352    6746    6747
    576   104    2    6749    6750    4353    1421
    654   104    2    1424    4354    4355    4356
    656   104    2    4354    4355    4356    4357
    658   104    2    4355    4356    4357    1425
    672   104    2    1428    4358    4359      -1
    674   104    2    4358    4359      -1      -1
    732   104    2    1438    4361    6751    6752
    740   104    2    6751    6752    4362       0
    746   104    2    1440    4363    4364    6753
    748   104    2    4363    4364    6753    6754
    792   104    2    6758    6759    4365    4366
    794   104    2    6759    4365    4366    4367
    796   104    2    4365    4366    4367    4368
    798   104    2    4366    4367    4368    6760
    800   104    2    4367    4368    6760    6761
    576   106    2    6749    6750    4369    1445
    652   106    2    1447    4370    4371    4372
    654   106    2    4370    4371    4372    4373
    656   106    2    4371    4372    4373    4374
    658   106    2    4372    4373    4374      -1
    660   106    2    4373    4374      -1      -1
    668   106    2       0    4375    4376    4377
    670   106    2    4375    4376    4377    4378
    672   106    2    4376    4377    4378    1449
    684   106    2    1452    4379      -1      -1
    724   106    2       0    4380    4381    4382
    726   106    2    4380    4381    4382    4383
    728   106    2    4381    4382    4383    4384
    730   106    2    4382    4383    4384    6751
    732   106    2    4383    4384    6751    6752
    740   106    2    6751    6752    4385    4386
    742   106    2    6752    4385    4386    4387
    744   106    2    4385    4386    4387    4388
    746   106    2    4386    4387    4388    6753
    748   106    2    4387    4388    6753    6754
    792   106    2    6758    6759    4389    4390
    794   106    2    6759    4389    4390    4391
    796   106    2    4389    4390    4391    4392
    798   106    2    4390    4391    4392    6760
    800   106    2    4391    4392    6760    6761
    576   108    2    6762    6763    4393    1459
    650   108    2      -1      -1    4394    4395
    652   108    2      -1    4394    4395    4396
    654   108    2    4394    4395    4396    4397
    656   108    2    4395    4396    4397    1460
    666   108    2    1463    4398    4399    6764
    668   108    2    4398    4399    6764    4400
    672   108    2    4399    6764    4400    4401
    674   108    2    6764    4400    4401    4402
    676   108    2    4400    4401    4402    1464
    720   108    2      -1      -1    4404    4405
    722   108    2      -1    4404    4405    6765
    724   108    2    4404    4405    6765    6766
    576   110    2    6762    6763    4406    4407
    578   110    2    6763    4406    4407       0
    650   110    2      -1      -1    4408    4409
    652   110    2      -1    4408    4409    4410
    654   110    2    4408    4409    4410    4411
    656   110    2    4409    4410    4411    4412
    658   110    2    4410    4411    4412       0
    664   110    2    1472    4413    4414    4415
    666   110    2    4413    4414    4415    6764
    668   110    2    4414    4415    6764    4416
    672   110    2    4415    6764    4416    4417
    674   110    2    6764    4416    4417    4418
    676   110    2    4416    4417    4418    1473
    684   110    2    1475    4419    4420      -1
    686   110    2    4419    4420      -1      -1
    720   110    2       0    4421    4422    4423
    722   110    2    4421    4422    4423    6765
    724   110    2    4422    4423    6765    6766
    576   112    2    6784    6785    4424    4425
    578   112    2    6785    4424    4425    1483
    658   112    2    1488    4427    4428    4429
    660   112    2    4427    4428    4429    4430
    662   112    2    4428    4429    4430    6786
    664   112    2    4429    4430    6786    6787
    676   112    2    6787    6788    4431    4432
    678   112    2    6788    4431    4432    4433
    680   112    2    4431    4432    4433    4434
    682   112    2    4432    4433    4434    4435
    684   112    2    4433    4434    4435    1489
    720   112    2    1492    4436    6789    6790
    576   114    2    6784    6785    4437    4438
    578   114    2    6785    4437    4438    4439
    580   114    2    4437    4438    4439    4440
    582   114    2    4438    4439    4440    4441
    584   114    2    4439    4440    4441    1498
    658   114    2       0    4443    4444    4445
    660   114    2    4443    4444    4445    4446
    662   114    2    4444    4445    4446    6786
    664   114    2    4445    4446    6786    6787
    676   114    2    6787    6788    4447    4448
    678   114    2    6788    4447    4448    4449
    680   114    2    4447    4448    4449    4450
    682   114    2    4448    4449    4450    4451
    684   114    2    4449    4450    4451    4452
    686   114    2    4450    4451    4452    1505
    712   114    2      -1      -1    4453    4454
    714   114    2      -1    4453    4454    4455
    716   114    2    4453    4454    4455    4456
    718   114    2    4454    4455    4456    6789
    720   114    2    4455    4456    6789    6790
    568   116    2    6793    6794    4457    4458
    570   116    2    6794    4457    4458    4459
    572   116    2    4457    4458    4459    4460
    574   116    2    4458    4459    4460    4461
    576   116    2    4459    4460    4461    4462
    578   116    2    4460    4461    4462    4463
    580   116    2    4461    4462    4463    4464
    582   116    2    4462    4463    4464    4465
    584   116    2    4463    4464    4465    4466
    586   116    2    4464    4465    4466    4467
    588   116    2    4465    4466    4467       0
    650   116    2       0    4468    4469    4470
    652   116    2    4468    4469    4470    4471
    654   116    2    4469    4470    4471    4472
    656   116    2    4470    4471    4472    4473
    658   116    2    4471    4472    4473    6795
    660   116    2    4472    4473    6795    4474
    664   116    2    4473    6795    4474    4475
    666   116    2    6795    4474    4475    4476
    668   116    2    4474    4475    4476    4477
    670   116    2    4475    4476    4477    6796
    672   116    2    4476    4477    6796    6797
    684   116    2    6797    6798    4478    4479
    686   116    2    6798    4478    4479    4480
    688   116    2    4478    4479    4480    4481
    690   116    2    4479    4480    4481       0
    702   116    2       0    4482    4483       0
    712   116    2       0    4484    4485    4486
    714   116    2    4484    4485    4486    4487
    716   116    2    4485    4486    4487    4488
    718   116    2    4486    4487    4488    4489
    720   116    2    4487    4488    4489    4490
    722   116    2    4488    4489    4490    4491
    724   116    2    4489    4490    4491    4492
    726   116    2    4490    4491    4492    6799
    728   116    2    4491    4492    6799    6800
    568   118    2    6793    6794    4493    4494
    570   118    2    6794    4493    4494    4495
    572   118    2    4493    4494    4495    4496
    574   118    2    4494    4495    4496    4497
    576   118    2    4495    4496    4497       0
    584   118    2       0    4498    4499    4500
    586   118    2    4498    4499    4500    4501
    588   118    2    4499    4500    4501    4502
    590   118    2    4500    4501    4502       0
    650   118    2    1535    4503    4504    4505
    652   118    2    4503    4504    4505    4506
    654   118    2    4504    4505    4506    4507
    656   118    2    4505    4506    4507    4508
    658   118    2    4506    4507    4508    6795
    660   118    2    4507    4508    6795    4509
    664   118    2    4508    6795    4509    4510
    666   118    2    6795    4509    4510    4511
    668   118    2    4509    4510    4511    4512
    670   118    2    4510    4511    4512    6796
    672   118    2    4511    4512    6796    6797
    684   118    2    6797    6798    4513    4514
    686   118    2    6798    4513    4514    4515
    688   118    2    4513    4514    4515    4516
    690   118    2    4514    4515    4516    4517
    692   118    2    4515    4516    4517    4518
    694   118    2    4516    4517    4518    4519
    696   118    2    4517    4518    4519    4520
    698   118    2    4518    4519    4520    4521
    700   118    2    4519    4520    4521    4522
    702   118    2    4520    4521    4522    4523
    704   118    2    4521    4522    4523    4524
    706   118    2    4522    4523    4524    4525
    708   118    2    4523    4524    4525    4526
    710   118    2    4524    4525    4526    1536
    716   118    2       0    4527    4528    4529
    718   118    2    4527    4528    4529    1537
    726   118    2    1540    4530    4531    6799
    728   118    2    4530    4531    6799    6800
    564   120    2    7946    6801    4532    4533
    566   120    2    6801    4532    4533    4534
    568   120    2    4532    4533    4534    4535
    570   120    2    4533    4534    4535       0
    580   120    2    1554    4536    4537    4538
    582   120    2    4536    4537    4538    6802
    584   120    2    4537    4538    6802    4539
    588   120    2    4538    6802    4539    4540
    590   120    2    6802    4539    4540    4541
    592   120    2    4539    4540    4541    1555
    648   120    2    1557    4542    4543    4544
    650   120    2    4542    4543    4544    6803
    652   120    2    4543    4544    6803    6804
    664   120    2    6804    6805    4545      -1
    666   120    2    6805    4545      -1      -1
    670   120    2    1558    4546    4547    6806
    672   120    2    4546    4547    6806    6807
    708   120    2    6813    6814    4548    4549
    710   120    2    6814    4548    4549      -1
    712   120    2    4548    4549      -1      -1
    716   120    2       0    4550    4551    4552
    718   120    2    4550    4551    4552       0
    726   120    2    1560    4553    4554    6815
    728   120    2    4553    4554    6815    6816
    564   122    2    7946    6801    4555    4556
    566   122    2    6801    4555    4556    4557
    568   122    2    4555    4556    4557       0
    580   122    2      -1      -1    4558    4559
    582   122    2      -1    4558    4559    6802
    584   122    2    4558    4559    6802    4560
    588   122    2    4559    6802    4560    4561
    590   122    2    6802    4560    4561    4562
    592   122    2    4560    4561    4562    4563
    594   122    2    4561    4562    4563       0
    644   122    2      -1      -1    4564    4565
    646   122    2      -1    4564    4565    4566
    648   122    2    4564    4565    4566    4567
    650   122    2    4565    4566    4567    6803
    652   122    2    4566    4567    6803    6804
    664   122    2    6804    6805    4568       0
    670   122    2    1569    4569    4570    6806
    672   122    2    4569    4570    6806    6807
    708   122    2    6813    6814    4571    4572
    710   122    2    6814    4571    4572    4573
    712   122    2    4571    4572    4573    4574
    714   122    2    4572    4573    4574    4575
    716   122    2    4573    4574    4575       0
    728   122    2       0    4576    6815    6816
    564   124    2    7946    6817    4577    1583
    584   124    2    1584    4578    6818    6819
    592   124    2    6818    6819    4579    4580
    594   124    2    6819    4579    4580    1585
    646   124    2       0    4581    4582    6820
    648   124    2    4581    4582    6820    6821
    664   124    2    6822    6823    4583    4584
    666   124    2    6823    4583    4584    4585
    668   124    2    4583    4584    4585    4586
    670   124    2    4584    4585    4586    6824
    672   124    2    4585    4586    6824    6825
    712   124    2    6832    6833    4587       0
    722   124    2      -1      -1    4589    4590
    724   124    2      -1    4589    4590    4591
    726   124    2    4589    4590    4591    6834
    728   124    2    4590    4591    6834    6835
    564   126    2    7946    6817    4592    1600
    584   126    2    1601    4593    6818    6819
    592   126    2    6818    6819    4594    4595
    594   126    2    6819    4594    4595    4596
    596   126    2    4594    4595    4596    1602
    646   126    2    1606    4598    4599    6820
    648   126    2    4598    4599    6820    6821
    664   126    2    6822    6823    4600    4601
    666   126    2    6823    4600    4601    4602
    668   126    2    4600    4601    4602    4603
    670   126    2    4601    4602    4603    6824
    672   126    2    4602    4603    6824    6825
    712   126    2    6832    6833    4604    4605
    714   126    2    6833    4604    4605    4606
    716   126    2    4604    4605    4606       0
    724   126    2       0    4607    4608    4609
    726   126    2    4607    4608    4609    6834
    728   126    2    4608    4609    6834    6835
    564   128    2    6839    6840    4610    1616
    584   128    2    1617    4611    6841    6842
    596   128    2    6842    6843    4612    4613
    598   128    2    6843    4612    4613    4614
    600   128    2    4612    4613    4614    1618
    646   128    2    1619    4615    4616    6844
    648   128    2    4615    4616    6844    6845
    716   128    2    6859    6860    4617    4618
    718   128    2    6860    4617    4618    4619
    720   128    2    4617    4618    4619    4620
    722   128    2    4618    4619    4620    6861
    724   128    2    4619    4620    6861    6862
    564   130    2    6839    6840    4621    1623
    584   130    2    1626    4622    6841    6842
    596   130    2    6842    6843    4623    4624
    598   130    2    6843    4623    4624    4625
    600   130    2    4623    4624    4625       0
    642   130    2      -1      -1    4626    4627
    644   130    2      -1    4626    4627    4628
    646   130    2    4626    4627    4628    6844
    648   130    2    4627    4628    6844    6845
    716   130    2    6859    6860    4629    4630
    718   130    2    6860    4629    4630    4631
    720   130    2    4629    4630    4631    4632
    722   130    2    4630    4631    4632    6861
    724   130    2    4631    4632    6861    6862
    556   132    2    6865    6866    4633    4634
    558   132    2    6866    4633    4634    4635
    560   132    2    4633    4634    4635    4636
    562   132    2    4634    4635    4636    4637
    564   132    2    4635    4636    4637       0
    580   132    2      -1      -1    4638    4639
    582   132    2      -1    4638    4639    6867
    584   132    2    4638    4639    6867    6868
    596   132    2    6868    6869    4640    4641
    598   132    2    6869    4640    4641    4642
    600   132    2    4640    4641    4642      -1
    602   132    2    4641    4642      -1      -1
    642   132    2      -1      -1    4643    4644
    644   132    2      -1    4643    4644    4645
    646   132    2    4643    4644    4645    6870
    648   132    2    4644    4645    6870    6871
    656   132    2    6870    6871    4646    4647
    658   132    2    6871    4646    4647    4648
    660   132    2    4646    4647    4648    4649
    662   132    2    4647    4648    4649    4650
    664   132    2    4648    4649    4650    4651
    666   132    2    4649    4650    4651    6872
    668   132    2    4650    4651    6872    6873
    680   132    2    6873    6874    4652    4653
    682   132    2    6874    4652    4653    4654
    684   132    2    4652    4653    4654    4655
    686   132    2    4653    4654    4655    4656
    688   132    2    4654    4655    4656    4657
    690   132    2    4655    4656    4657    6875
    692   132    2    4656    4657    6875    6876
    556   134    2    6865    6866    4658    4659
    558   134    2    6866    4658    4659    4660
    560   134    2    4658    4659    4660       0
    582   134    2       0    4661    4662    6867
    584   134    2    4661    4662    6867    6868
    596   134    2    6868    6869    4663    4664
    598   134    2    6869    4663    4664    1636
    644   134    2    1637    4665    4666    4667
    646   134    2    4665    4666    4667    6870
    648   134    2    4666    4667    6870    6871
    656   134    2    6870    6871    4668    1638
    666   134    2       0    4669    4670    6872
    668   134    2    4669    4670    6872    6873
    680   134    2    6873    6874    4671    4672
    682   134    2    6874    4671    4672    4673
    684   134    2    4671    4672    4673    4674
    686   134    2    4672    4673    4674    4675
    688   134    2    4673    4674    4675    4676
    690   134    2    4674    4675    4676    6875
    692   134    2    4675    4676    6875    6876
    548   136    2    6887    6888    4677    4678
    550   136    2    6888    4677    4678    4679
    552   136    2    4677    4678    4679    4680
    554   136    2    4678    4679    4680    4681
    556   136    2    4679    4680    4681    4682
    558   136    2    4680    4681    4682       0
    582   136    2    1651    4683    4684    6889
    584   136    2    4683    4684    6889    6890
    592   136    2    6889    6890    4685    4686
    594   136    2    6890    4685    4686    4687
    596   136    2    4685    4686    4687    4688
    598   136    2    4686    4687    4688      -1
    600   136    2    4687    4688      -1      -1
    646   136    2    1653    4689    4690    4691
    648   136    2    4689    4690    4691    4692
    650   136    2    4690    4691    4692    6891
    652   136    2    4691    4692    6891    4693
    656   136    2    4692    6891    4693       0
    668   136    2       0    4694    4695    4696
    670   136    2    4694    4695    4696    6892
    672   136    2    4695    4696    6892    4697
    676   136    2    4696    6892    4697    4698
    678   136    2    6892    4697    4698    4699
    680   136    2    4697    4698    4699    4700
    682   136    2    4698    4699    4700       0
    692   136    2    1655    4701    4702    4703
    694   136    2    4701    4702    4703    6893
    696   136    2    4702    4703    6893    6894
    548   138    2    6887    6888    4704    4705
    550   138    2    6888    4704    4705    4706
    552   138    2    4704    4705    4706    4707
    554   138    2    4705    4706    4707    4708
    556   138    2    4706    4707    4708    1663
    580   138    2       0    4709    4710    4711
    582   138    2    4709    4710    4711    6889
    584   138    2    4710    4711    6889    6890
    592   138    2    6889    6890    4712    4713
    594   138    2    6890    4712    4713    4714
    596   138    2    4712    4713    4714       0
    648   138    2      -1      -1    4715    4716
    650   138    2      -1    4715    4716    6891
    652   138    2    4715    4716    6891    4717
    656   138    2    4716    6891    4717       0
    670   138    2    1667    4718    4719    6892
    672   138    2    4718    4719    6892    4720
    676   138    2    4719    6892    4720    4721
    678   138    2    6892    4720    4721    4722
    680   138    2    4720    4721    4722    1668
    694   138    2    1673    4723    4724    6893
    696   138    2    4723    4724    6893    6894
    544   140    2    6895    6896    4725    4726
    546   140    2    6896    4725    4726    4727
    548   140    2    4725    4726    4727    4728
    550   140    2    4726    4727    4728       0
    580   140    2       0    4730    4731    4732
    582   140    2    4730    4731    4732    4733
    584   140    2    4731    4732    4733    4734
    586   140    2    4732    4733    4734    4735
    588   140    2    4733    4734    4735    4736
    590   140    2    4734    4735    4736    4737
    592   140    2    4735    4736    4737    1687
    650   140    2    1689    4738    4739    6897
    652   140    2    4738    4739    6897    4740
    656   140    2    4739    6897    4740    4741
    658   140    2    6897    4740    4741      -1
    660   140    2    4740    4741      -1      -1
    670   140    2    1690    4742    4743    4744
    672   140    2    4742    4743    4744    4745
    674   140    2    4743    4744    4745    4746
    676   140    2    4744    4745    4746       0
    680   140    2      -1      -1    4747    4748
    682   140    2      -1    4747    4748    4749
    684   140    2    4747    4748    4749    4750
    686   140    2    4748    4749    4750       0
    692   140    2    1692    4751    4752    4753
    694   140    2    4751    4752    4753    6898
    696   140    2    4752    4753    6898    6899
    544   142    2    6895    6896    4754    4755
    546   142    2    6896    4754    4755    1704
    580   142    2       0    4756    4757    1709
    648   142    2    1712    4758    4759    4760
    650   142    2    4758    4759    4760    6897
    652   142    2    4759    4760    6897    4761
    656   142    2    4760    6897    4761    1713
    666   142    2      -1      -1    4762    4763
    668   142    2      -1    4762    4763    4764
    670   142    2    4762    4763    4764    4765
    672   142    2    4763    4764    4765       0
    680   142    2      -1      -1    4766    4767
    682   142    2      -1    4766    4767    4768
    684   142    2    4766    4767    4768    4769
    686   142    2    4767    4768    4769    4770
    688   142    2    4768    4769    4770    4771
    690   142    2    4769    4770    4771    4772
    692   142    2    4770    4771    4772    4773
    694   142    2    4771    4772    4773    6898
    696   142    2    4772    4773    6898    6899
    544   144    2    6900    6901    4774    4775
    546   144    2    6901    4774    4775    1724
    644   144    2       0    4777    4778    4779
    646   144    2    4777    4778    4779    6902
    648   144    2    4778    4779    6902    4780
    652   144    2    4779    6902    4780    4781
    654   144    2    6902    4780    4781    4782
    656   144    2    4780    4781    4782       0
    666   144    2      -1      -1    4783    4784
    668   144    2      -1    4783    4784       0
    682   144    2       0    4785    4786    6903
    684   144    2    4785    4786    6903    6904
    544   146    2    6900    6901    4787    4788
    546   146    2    6901    4787    4788    1742
    644   146    2    1744    4789    4790    4791
    646   146    2    4789    4790    4791    6902
    648   146    2    4790    4791    6902    4792
    652   146    2    4791    6902    4792    4793
    654   146    2    6902    4792    4793    1745
    680   146    2    1755    4794    4795    4796
    682   146    2    4794    4795    4796    6903
    684   146    2    4795    4796    6903    6904
    544   148    2    6908    6909    4797    4798
    546   148    2    6909    4797    4798      -1
    548   148    2    4797    4798      -1      -1
    644   148    2    1765    4799    6910    4800
    648   148    2    4799    6910    4800    4801
    650   148    2    6910    4800    4801    4802
    652   148    2    4800    4801    4802    4803
    654   148    2    4801    4802    4803       0
    672   148    2    1770    4804    4805       0
    678   148    2    1771    4806    4807    6911
    680   148    2    4806    4807    6911    6912
    544   150    2    6908    6909    4808    4809
    546   150    2    6909    4808    4809      -1
    548   150    2    4808    4809      -1      -1
    642   150    2       0    4810    4811    6910
    644   150    2    4810    4811    6910    4812
    648   150    2    4811    6910    4812    4813
    650   150    2    6910    4812    4813    4814
    652   150    2    4812    4813    4814    4815
    654   150    2    4813    4814    4815      -1
    656   150    2    4814    4815      -1      -1
    670   150    2    1778    4816    4817    1779
    674   150    2      -1      -1    4818    4819
    676   150    2      -1    4818    4819    4820
    678   150    2    4818    4819    4820    6911
    680   150    2    4819    4820    6911    6912
    544   152    2    6923    6924    4821    4822
    546   152    2    6924    4821    4822      -1
    548   152    2    4821    4822      -1      -1
    642   152    2    1783    4823    4824    6925
    644   152    2    4823    4824    6925    4825
    648   152    2    4824    6925    4825    4826
    650   152    2    6925    4825    4826    1784
    666   152    2      -1      -1    4827    4828
    668   152    2      -1    4827    4828    4829
    670   152    2    4827    4828    4829    1785
    678   152    2       0    4830    4831    6926
    680   152    2    4830    4831    6926    6927
    544   154    2    6923    6924    4832    4833
    546   154    2    6924    4832    4833      -1
    548   154    2    4832    4833      -1      -1
    642   154    2    1792    4834    4835    6925
    644   154    2    4834    4835    6925    4836
    648   154    2    4835    6925    4836    4837
    650   154    2    6925    4836    4837    1793
    668   154    2      -1      -1    4838    4839
    670   154    2      -1    4838    4839    4840
    672   154    2    4838    4839    4840    4841
    674   154    2    4839    4840    4841    4842
    676   154    2    4840    4841    4842    4843
    678   154    2    4841    4842    4843    6926
    680   154    2    4842    4843    6926    6927
    408   156    2    6928    6929    4844    4845
    410   156    2    6929    4844    4845    4846
    412   156    2    4844    4845    4846    4847
    414   156    2    4845    4846    4847    6930
    416   156    2    4846    4847    6930    6931
    544   156    2    6932    6933    4848    4849
    546   156    2    6933    4848    4849      -1
    548   156    2    4848    4849      -1      -1
    640   156    2       0    4850    4851    4852
    642   156    2    4850    4851    4852    6934
    644   156    2    4851    4852    6934    4853
    648   156    2    4852    6934    4853    4854
    650   156    2    6934    4853    4854    1798
    670   156    2    1801    4855    4856    6935
    672   156    2    4855    4856    6935    6936
    408   158    2    6928    6929    4857    4858
    410   158    2    6929    4857    4858    4859
    412   158    2    4857    4858    4859    4860
    414   158    2    4858    4859    4860    6930
    416   158    2    4859    4860    6930    6931
    544   158    2    6932    6933    4861    4862
    546   158    2    6933    4861    4862      -1
    548   158    2    4861    4862      -1      -1
    638   158    2       0    4863    4864    4865
    640   158    2    4863    4864    4865    4866
    642   158    2    4864    4865    4866    6934
    644   158    2    4865    4866    6934    4867
    648   158    2    4866    6934    4867    4868
    650   158    2    6934    4867    4868    4869
    652   158    2    4867    4868    4869       0
    668   158    2    1813    4870    4871    4872
    670   158    2    4870    4871    4872    6935
    672   158    2    4871    4872    6935    6936
    404   160    2    7986    6939    4873    4874
    406   160    2    6939    4873    4874    4875
    408   160    2    4873    4874    4875    4876
    410   160    2    4874    4875    4876       0
    416   160    2    1817    4877    4878    4879
    418   160    2    4877    4878    4879    6940
    420   160    2    4878    4879    6940    7987
    544   160    2    6941    6942    4880    4881
    546   160    2    6942    4880    4881      -1
    548   160    2    4880    4881      -1      -1
    638   160    2    1818    4882    4883    6943
    640   160    2    4882    4883    6943    6944
    652   160    2    6944    6945    4884    4885
    654   160    2    6945    4884    4885    4886
    656   160    2    4884    4885    4886    4887
    658   160    2    4885    4886    4887    4888
    660   160    2    4886    4887    4888    4889
    662   160    2    4887    4888    4889    4890
    664   160    2    4888    4889    4890    4891
    666   160    2    4889    4890    4891    6946
    668   160    2    4890    4891    6946    6947
    404   162    2    7986    6939    4892    1823
    416   162    2    1828    4894    4895    4896
    418   162    2    4894    4895    4896    6940
    420   162    2    4895    4896    6940    7987
    544   162    2    6941    6942    4897    1829
    634   162    2      -1      -1    4898    4899
    636   162    2      -1    4898    4899    4900
    638   162    2    4898    4899    4900    6943
    640   162    2    4899    4900    6943    6944
    652   162    2    6944    6945    4901    4902
    654   162    2    6945    4901    4902    4903
    656   162    2    4901    4902    4903    4904
    658   162    2    4902    4903    4904    4905
    660   162    2    4903    4904    4905    4906
    662   162    2    4904    4905    4906    4907
    664   162    2    4905    4906    4907    4908
    666   162    2    4906    4907    4908    6946
    668   162    2    4907    4908    6946    6947
    404   164    2    7986    6949    4909    4910
    406   164    2    6949    4909    4910    4911
    408   164    2    4909    4910    4911    4912
    410   164    2    4910    4911    4912    4913
    412   164    2    4911    4912    4913       0
    418   164    2    1833    4914    4915    6950
    420   164    2    4914    4915    6950    7987
    540   164    2    7990    6951    4916    4917
    542   164    2    6951    4916    4917    4918
    544   164    2    4916    4917    4918    1834
    634   164    2      -1      -1    4919    6952
    636   164    2      -1    4919    6952    6953
    404   166    2    7986    6949    4920      -1
    406   166    2    6949    4920      -1      -1
    410   166    2    1838    4921    4922       0
    418   166    2    1840    4923    4924    6950
    420   166    2    4923    4924    6950    7987
    540   166    2    7990    6951    4925    4926
    542   166    2    6951    4925    4926    4927
    544   166    2    4925    4926    4927      -1
    546   166    2    4926    4927      -1      -1
    636   166    2       0    4928    6952    6953
    404   168    2    7995    6963    4929      -1
    406   168    2    6963    4929      -1      -1
    416   168    2       0    4930    4931    4932
    418   168    2    4930    4931    4932    6964
    420   168    2    4931    4932    6964    7996
    540   168    2    6966    6967    4933    4934
    542   168    2    6967    4933    4934    1853
    636   168    2    1857    4935    6968    7999
    404   170    2    7995    6963    4936      -1
    406   170    2    6963    4936      -1      -1
    414   170    2    1866    4937    4938    4939
    416   170    2    4937    4938    4939    4940
    418   170    2    4938    4939    4940    6964
    420   170    2    4939    4940    6964    7996
    540   170    2    6966    6967    4941    4942
    542   170    2    6967    4941    4942    1867
    632   170    2    1868    4943    4944    4945
    634   170    2    4943    4944    4945    6968
    636   170    2    4944    4945    6968    7999
    404   172    2    7995    6969    4946    4947
    406   172    2    6969    4946    4947    4948
    408   172    2    4946    4947    4948    4949
    410   172    2    4947    4948    4949    4950
    412   172    2    4948    4949    4950    4951
    414   172    2    4949    4950    4951    6970
    416   172    2    4950    4951    6970    6971
    540   172    2    6973    6974    4952    4953
    542   172    2    6974    4952    4953       0
    628   172    2      -1      -1    4954    4955
    630   172    2      -1    4954    4955    6975
    632   172    2    4954    4955    6975    6976
    404   174    2    7995    6969    4956    4957
    406   174    2    6969    4956    4957    4958
    408   174    2    4956    4957    4958    4959
    410   174    2    4957    4958    4959    4960
    412   174    2    4958    4959    4960    4961
    414   174    2    4959    4960    4961    6970
    416   174    2    4960    4961    6970    6971
    540   174    2    6973    6974    4962    1873
    630   174    2    1874    4963    4964    6975
    632   174    2    4963    4964    6975    6976
    536   176    2    6983    6984    4965    4966
    538   176    2    6984    4965    4966    4967
    540   176    2    4965    4966    4967      -1
    542   176    2    4966    4967      -1      -1
    630   176    2       0    4968    4969    4970
    632   176    2    4968    4969    4970    4971
    634   176    2    4969    4970    4971    6985
    636   176    2    4970    4971    6985    6986
    536   178    2    6983    6984    4972    4973
    538   178    2    6984    4972    4973       0
    634   178    2    1879    4974    4975    6985
    636   178    2    4974    4975    6985    6986
    536   180    2    6994    6995    4976       0
    636   180    2    1883    4977    6996    6997
    536   182    2    6994    6995    4978       0
    636   182    2       0    4979    6996    6997
    536   184    2    6999    7000    4980       0
    634   184    2      -1      -1    4981    4982
    636   184    2      -1    4981    4982    4983
    638   184    2    4981    4982    4983    7001
    640   184    2    4982    4983    7001    7002
    536   186    2    6999    7000    4984       0
    634   186    2      -1      -1    4985    4986
    636   186    2      -1    4985    4986    4987
    638   186    2    4985    4986    4987    7001
    640   186    2    4986    4987    7001    7002
    536   188    2    7003    7004    4988    1896
    640   188    2    1898    4989    4990    4991
    642   188    2    4989    4990    4991    7005
    644   188    2    4990    4991    7005    8035
    536   190    2    7003    7004    4992    1901
    640   190    2       0    4993    4994    4995
    642   190    2    4993    4994    4995    7005
    644   190    2    4994    4995    7005    8035
    536   192    2    7014    7015    4996    1904
    642   192    2    1905    4997    4998    7016
    644   192    2    4997    4998    7016    7017
    536   194    2    7014    7015    4999    1909
    644   194    2       0    5000    7016    7017
    528   196    2    7025    7026    5001    5002
    530   196    2    7026    5001    5002    5003
    532   196    2    5001    5002    5003    5004
    534   196    2    5002    5003    5004    5005
    536   196    2    5003    5004    5005    5006
    538   196    2    5004    5005    5006      -1
    540   196    2    5005    5006      -1      -1
    642   196    2      -1      -1    5007    5008
    644   196    2      -1    5007    5008    5009
    646   196    2    5007    5008    5009    7027
    648   196    2    5008    5009    7027    7028
    528   198    2    7025    7026    5010    5011
    530   198    2    7026    5010    5011    5012
    532   198    2    5010    5011    5012    5013
    534   198    2    5011    5012    5013    5014
    536   198    2    5012    5013    5014       0
    646   198    2    1914    5015    5016    7027
    648   198    2    5015    5016    7027    7028
    176   200    2    7029    7030    5017    5018
    178   200    2    7030    5017    5018    5019
    180   200    2    5017    5018    5019    5020
    182   200    2    5018    5019    5020    7031
    184   200    2    5019    5020    7031    7032
    528   200    2    7033    7034    5021    5022
    530   200    2    7034    5021    5022    1917
    646   200    2    1920    5024    5025    7035
    648   200    2    5024    5025    7035    7036
    176   202    2    7029    7030    5026    5027
    178   202    2    7030    5026    5027    5028
    180   202    2    5026    5027    5028    5029
    182   202    2    5027    5028    5029    7031
    184   202    2    5028    5029    7031    7032
    528   202    2    7033    7034    5030    5031
    530   202    2    7034    5030    5031       0
    536   202    2    1926    5032    5033       0
    644   202    2    1930    5034    5035    5036
    646   202    2    5034    5035    5036    7035
    648   202    2    5035    5036    7035    7036
    176   204    2    7037    7038    5037    5038
    178   204    2    7038    5037    5038      -1
    180   204    2    5037    5038      -1      -1
    184   204    2    1933    5039    7039    7040
    528   204    2    7041    7042    5040    5041
    530   204    2    7042    5040    5041      -1
    532   204    2    5040    5041      -1      -1
    536   204    2    1934    5042    5043      -1
    538   204    2    5042    5043      -1      -1
    638   204    2      -1      -1    5044    5045
    640   204    2      -1    5044    5045    5046
    642   204    2    5044    5045    5046    7043
    644   204    2    5045    5046    7043    7044
    176   206    2    7037    7038    5047    5048
    178   206    2    7038    5047    5048    5049
    180   206    2    5047    5048    5049    5050
    182   206    2    5048    5049    5050    7039
    184   206    2    5049    5050    7039    7040
    528   206    2    7041    7042    5051    5052
    530   206    2    7042    5051    5052    5053
    532   206    2    5051    5052    5053    5054
    534   206    2    5052    5053    5054    5055
    536   206    2    5053    5054    5055    1936
    640   206    2       0    5056    5057    5058
    642   206    2    5056    5057    5058    7043
    644   206    2    5057    5058    7043    7044
    528   208    2    7064    7065    5059    5060
    530   208    2    7065    5059    5060    5061
    532   208    2    5059    5060    5061    5062
    534   208    2    5060    5061    5062    5063
    536   208    2    5061    5062    5063      -1
    538   208    2    5062    5063      -1      -1
    638   208    2      -1      -1    5064    5065
    640   208    2      -1    5064    5065    5066
    642   208    2    5064    5065    5066    7066
    644   208    2    5065    5066    7066    7067
    528   210    2    7064    7065    5067    5068
    530   210    2    7065    5067    5068       0
    642   210    2    1945    5070    5071    7066
    644   210    2    5070    5071    7066    7067
    524   212    2    8087    7093    5072    5073
    526   212    2    7093    5072    5073    5074
    528   212    2    5072    5073    5074      -1
    530   212    2    5073    5074      -1      -1
    536   212    2    1948    5075      -1      -1
    644   212    2       0    5076    5077    5078
    646   212    2    5076    5077    5078    7094
    648   212    2    5077    5078    7094    7095
    524   214    2    8087    7093    5079    5080
    526   214    2    7093    5079    5080    1951
    646   214    2       0    5081    5082    7094
    648   214    2    5081    5082    7094    7095
     48   216    2    7102    7103    5083    5084
     50   216    2    7103    5083    5084    5085
     52   216    2    5083    5084    5085    5086
     54   216    2    5084    5085    5086    7104
     56   216    2    5085    5086    7104    7105
     96   216    2    7106    7107    5087    5088
     98   216    2    7107    5087    5088    5089
    100   216    2    5087    5088    5089    5090
    102   216    2    5088    5089    5090    7108
    104   216    2    5089    5090    7108    7109
    524   216    2    8103    7110    5091    5092
    526   216    2    7110    5091    5092    5093
    528   216    2    5091    5092    5093      -1
    530   216    2    5092    5093      -1      -1
    648   216    2       0    5094    5095    5096
    650   216    2    5094    5095    5096    5097
    652   216    2    5095    5096    5097    5098
    654   216    2    5096    5097    5098    7111
    656   216    2    5097    5098    7111    5099
    660   216    2    5098    7111    5099    5100
    662   216    2    7111    5099    5100    5101
    664   216    2    5099    5100    5101    5102
    666   216    2    5100    5101    5102    5103
    668   216    2    5101    5102    5103    5104
    670   216    2    5102    5103    5104    7112
    672   216    2    5103    5104    7112    7113
     48   218    2    7102    7103    5105    5106
     50   218    2    7103    5105    5106    5107
     52   218    2    5105    5106    5107    5108
     54   218    2    5106    5107    5108    7104
     56   218    2    5107    5108    7104    7105
     96   218    2    7106    7107    5109    5110
     98   218    2    7107    5109    5110    5111
    100   218    2    5109    5110    5111    5112
    102   218    2    5110    5111    5112    7108
    104   218    2    5111    5112    7108    7109
    524   218    2    8103    7110    5113    5114
    526   218    2    7110    5113    5114    5115
    528   218    2    5113    5114    5115      -1
    530   218    2    5114    5115      -1      -1
    650   218    2       0    5116    5117    5118
    652   218    2    5116    5117    5118    5119
    654   218    2    5117    5118    5119    7111
    656   218    2    5118    5119    7111    5120
    660   218    2    5119    7111    5120    1967
    670   218    2    1969    5121    5122    7112
    672   218    2    5121    5122    7112    7113
     48   220    2    7116    7117    5123    5124
     50   220    2    7117    5123    5124       0
     56   220    2    1982    5125    7118    7119
     96   220    2    7120    7121    5126    5127
     98   220    2    7121    5126    5127       0
    104   220    2    1983    5128    5129    5130
    106   220    2    5128    5129    5130    7122
    108   220    2    5129    5130    7122    8095
    528   220    2    7123    7124    5131      -1
    530   220    2    7124    5131      -1      -1
    554   220    2    1984    5132    5133    5134
    556   220    2    5132    5133    5134    5135
    558   220    2    5133    5134    5135    5136
    560   220    2    5134    5135    5136    1985
    656   220    2    1988    5137    5138    5139
    658   220    2    5137    5138    5139    5140
    660   220    2    5138    5139    5140    5141
    662   220    2    5139    5140    5141       0
    672   220    2    1990    5142    5143    5144
    674   220    2    5142    5143    5144    7125
    676   220    2    5143    5144    7125    7126
     48   222    2    7116    7117    5145    5146
     50   222    2    7117    5145    5146       0
     56   222    2    1998    5147    7118    7119
     96   222    2    7120    7121    5148    5149
     98   222    2    7121    5148    5149    5150
    100   222    2    5148    5149    5150       0
    106   222    2    2000    5151    5152    7122
    108   222    2    5151    5152    7122    8095
    528   222    2    7123    7124    5153      -1
    530   222    2    7124    5153      -1      -1
    554   222    2       0    5154    5155    5156
    556   222    2    5154    5155    5156    5157
    558   222    2    5155    5156    5157    5158
    560   222    2    5156    5157    5158    5159
    562   222    2    5157    5158    5159    5160
    564   222    2    5158    5159    5160       0
    660   222    2    2002    5161    5162    5163
    662   222    2    5161    5162    5163    5164
    664   222    2    5162    5163    5164       0
    672   222    2    2004    5165    5166    5167
    674   222    2    5165    5166    5167    7125
    676   222    2    5166    5167    7125    7126
     48   224    2    7128    7129    5168    5169
     50   224    2    7129    5168    5169    5170
     52   224    2    5168    5169    5170    5171
     54   224    2    5169    5170    5171    7130
     56   224    2    5170    5171    7130    7131
    100   224    2    7135    7136    5172    5173
    102   224    2    7136    5172    5173    5174
    104   224    2    5172    5173    5174    5175
    106   224    2    5173    5174    5175    7137
    108   224    2    5174    5175    7137    8111
    524   224    2    8119    7138    5176    5177
    526   224    2    7138    5176    5177    5178
    528   224    2    5176    5177    5178    2012
    554   224    2    2013    5179    5180    7139
    556   224    2    5179    5180    7139    7140
    564   224    2    7139    7140    5181    5182
    566   224    2    7140    5181    5182       0
    674   224    2    2019    5184    5185    5186
    676   224    2    5184    5185    5186    5187
    678   224    2    5185    5186    5187    7141
    680   224    2    5186    5187    7141    7142
     48   226    2    7128    7129    5188    5189
     50   226    2    7129    5188    5189    5190
     52   226    2    5188    5189    5190    5191
     54   226    2    5189    5190    5191    7130
     56   226    2    5190    5191    7130    7131
    100   226    2    7135    7136    5192    5193
    102   226    2    7136    5192    5193    5194
    104   226    2    5192    5193    5194    5195
    106   226    2    5193    5194    5195    7137
    108   226    2    5194    5195    7137    8111
    524   226    2    8119    7138    5196    5197
    526   226    2    7138    5196    5197    2028
    552   226    2       0    5198    5199    5200
    554   226    2    5198    5199    5200    7139
    556   226    2    5199    5200    7139    7140
    564   226    2    7139    7140    5201    5202
    566   226    2    7140    5201    5202    2033
    676   226    2    2037    5203    5204    5205
    678   226    2    5203    5204    5205    7141
    680   226    2    5204    5205    7141    7142
    524   228    2    8119    7157    5206    5207
    526   228    2    7157    5206    5207    5208
    528   228    2    5206    5207    5208      -1
    530   228    2    5207    5208      -1      -1
    550   228    2    2047    5209    5210    7158
    552   228    2    5209    5210    7158    7159
    560   228    2    7158    7159    5211    5212
    562   228    2    7159    5211    5212    5213
    564   228    2    5211    5212    5213    5214
    566   228    2    5212    5213    5214    2048
    678   228    2    2051    5215    5216    5217
    680   228    2    5215    5216    5217    5218
    682   228    2    5216    5217    5218    7160
    684   228    2    5217    5218    7160    8120
    524   230    2    8119    7157    5219    5220
    526   230    2    7157    5219    5220    5221
    528   230    2    5219    5220    5221       0
    548   230    2    2061    5222    5223    5224
    550   230    2    5222    5223    5224    7158
    552   230    2    5223    5224    7158    7159
    560   230    2    7158    7159    5225    5226
    562   230    2    7159    5225    5226    5227
    564   230    2    5225    5226    5227    5228
    566   230    2    5226    5227    5228       0
    672   230    2       0    5229      -1      -1
    680   230    2    2062    5230    5231    5232
    682   230    2    5230    5231    5232    7160
    684   230    2    5231    5232    7160    8120
     84   232    2    7170    7171    5233    5234
     86   232    2    7171    5233    5234    5235
     88   232    2    5233    5234    5235    5236
     90   232    2    5234    5235    5236    7172
     92   232    2    5235    5236    7172    8125
    528   232    2    7179    7180    5237      -1
    530   232    2    7180    5237      -1      -1
    548   232    2    2070    5238    7181    7182
    560   232    2    7182    7183    5239    5240
    562   232    2    7183    5239    5240    2071
    682   232    2    2072    5241    5242    7184
    684   232    2    5241    5242    7184    8133
     84   234    2    7170    7171    5243    5244
     86   234    2    7171    5243    5244    5245
     88   234    2    5243    5244    5245    5246
     90   234    2    5244    5245    5246    7172
     92   234    2    5245    5246    7172    8125
    528   234    2    7179    7180    5247    2076
    548   234    2    2077    5248    7181    7182
    560   234    2    7182    7183    5249    5250
    562   234    2    7183    5249    5250    2078
    680   234    2       0    5251    5252    5253
    682   234    2    5251    5252    5253    7184
    684   234    2    5252    5253    7184    8133
     60   236    2    7188    7189    5254    5255
     62   236    2    7189    5254    5255    5256
     64   236    2    5254    5255    5256    5257
     66   236    2    5255    5256    5257    5258
     68   236    2    5256    5257    5258    5259
     70   236    2    5257    5258    5259    7190
     72   236    2    5258    5259    7190    7191
     84   236    2    7191    7192    5260       0
     92   236    2    2088    5261    7193    8125
    216   236    2    7194    7195    5262    5263
    218   236    2    7195    5262    5263    5264
    220   236    2    5262    5263    5264    5265
    222   236    2    5263    5264    5265    7196
    224   236    2    5264    5265    7196    7197
    528   236    2    7198    7199    5266    5267
    530   236    2    7199    5266    5267      -1
    532   236    2    5266    5267      -1      -1
    548   236    2    2090    5268    7200    7201
    560   236    2    7201    7202    5269    5270
    562   236    2    7202    5269    5270    2091
    680   236    2    2092    5271    5272    5273
    682   236    2    5271    5272    5273    7203
    684   236    2    5272    5273    7203    8133
     60   238    2    7188    7189    5274    5275
     62   238    2    7189    5274    5275    2096
     70   238    2       0    5276    5277    7190
     72   238    2    5276    5277    7190    7191
     84   238    2    7191    7192    5278    5279
     86   238    2    7192    5278    5279    5280
     88   238    2    5278    5279    5280    5281
     90   238    2    5279    5280    5281    7193
     92   238    2    5280    5281    7193    8125
    216   238    2    7194    7195    5282       0
    222   238    2       0    5283    5284    7196
    224   238    2    5283    5284    7196    7197
    528   238    2    7198    7199    5285    5286
    530   238    2    7199    5285    5286    5287
    532   238    2    5285    5286    5287       0
    546   238    2    2104    5288    5289    7200
    548   238    2    5288    5289    7200    7201
    560   238    2    7201    7202    5290    5291
    562   238    2    7202    5290    5291      -1
    564   238    2    5290    5291      -1      -1
    682   238    2    2105    5292    5293    7203
    684   238    2    5292    5293    7203    8133
     44   240    2    7205    7206    5294    5295
     46   240    2    7206    5294    5295    5296
     48   240    2    5294    5295    5296    5297
     50   240    2    5295    5296    5297    7207
     52   240    2    5296    5297    7207    7208
     60   240    2    7207    7208    5298    5299
     62   240    2    7208    5298    5299    5300
     64   240    2    5298    5299    5300    5301
     66   240    2    5299    5300    5301    5302
     68   240    2    5300    5301    5302    5303
     70   240    2    5301    5302    5303    7209
     72   240    2    5302    5303    7209    7210
    216   240    2    7215    7216    5304    5305
    218   240    2    7216    5304    5305    5306
    220   240    2    5304    5305    5306    5307
    222   240    2    5305    5306    5307    7217
    224   240    2    5306    5307    7217    7218
    532   240    2    7220    7221    5308    5309
    534   240    2    7221    5308    5309    5310
    536   240    2    5308    5309    5310    2108
    544   240    2       0    5311    5312    5313
    546   240    2    5311    5312    5313    7222
    548   240    2    5312    5313    7222    7223
    560   240    2    7223    7224    5314    5315
    562   240    2    7224    5314    5315      -1
    564   240    2    5314    5315      -1      -1
    682   240    2    2111    5316    5317    7225
    684   240    2    5316    5317    7225    7226
     44   242    2    7205    7206    5318    5319
     46   242    2    7206    5318    5319    5320
     48   242    2    5318    5319    5320    5321
     50   242    2    5319    5320    5321    7207
     52   242    2    5320    5321    7207    7208
     60   242    2    7207    7208    5322    5323
     62   242    2    7208    5322    5323    5324
     64   242    2    5322    5323    5324    5325
     66   242    2    5323    5324    5325    5326
     68   242    2    5324    5325    5326    5327
     70   242    2    5325    5326    5327    7209
     72   242    2    5326    5327    7209    7210
    216   242    2    7215    7216    5328    5329
    218   242    2    7216    5328    5329    5330
    220   242    2    5328    5329    5330    5331
    222   242    2    5329    5330    5331    7217
    224   242    2    5330    5331    7217    7218
    532   242    2    7220    7221    5332    5333
    534   242    2    7221    5332    5333    5334
    536   242    2    5332    5333    5334    5335
    538   242    2    5333    5334    5335    5336
    540   242    2    5334    5335    5336    5337
    542   242    2    5335    5336    5337    5338
    544   242    2    5336    5337    5338    5339
    546   242    2    5337    5338    5339    7222
    548   242    2    5338    5339    7222    7223
    560   242    2    7223    7224    5340    5341
    562   242    2    7224    5340    5341      -1
    564   242    2    5340    5341      -1      -1
    680   242    2       0    5342    5343    5344
    682   242    2    5342    5343    5344    7225
    684   242    2    5343    5344    7225    7226
     36   244    2    8136    7228    5345    5346
     38   244    2    7228    5345    5346    5347
     40   244    2    5345    5346    5347    5348
     42   244    2    5346    5347    5348    5349
     44   244    2    5347    5348    5349    5350
     46   244    2    5348    5349    5350       0
     52   244    2    2116    5351    7229    7230
    560   244    2    7254    7255    5352    5353
    562   244    2    7255    5352    5353      -1
    564   244    2    5352    5353      -1      -1
    682   244    2    2117    5354    5355    5356
    684   244    2    5354    5355    5356    5357
    686   244    2    5355    5356    5357    7256
    688   244    2    5356    5357    7256    7257
     36   246    2    8136    7228    5358    2120
     42   246    2       0    5359    5360    5361
     44   246    2    5359    5360    5361    5362
     46   246    2    5360    5361    5362    5363
     48   246    2    5361    5362    5363    5364
     50   246    2    5362    5363    5364    7229
     52   246    2    5363    5364    7229    7230
    560   246    2    7254    7255    5365       0
    682   246    2       0    5366    5367    5368
    684   246    2    5366    5367    5368    5369
    686   246    2    5367    5368    5369    7256
    688   246    2    5368    5369    7256    7257
     36   248    2    8149    7258    5370    5371
     38   248    2    7258    5370    5371    5372
     40   248    2    5370    5371    5372    5373
     42   248    2    5371    5372    5373    7259
     44   248    2    5372    5373    7259    7260
    556   248    2    8166    7268    5374    5375
    558   248    2    7268    5374    5375    5376
    560   248    2    5374    5375    5376    2126
    686   248    2    2127    5377    5378    7269
    688   248    2    5377    5378    7269    7270
     36   250    2    8149    7258    5379    2131
     42   250    2       0    5380    5381    7259
     44   250    2    5380    5381    7259    7260
    556   250    2    8166    7268    5382    5383
    558   250    2    7268    5382    5383    5384
    560   250    2    5382    5383    5384       0
    686   250    2    2133    5385    5386    7269
    688   250    2    5385    5386    7269    7270
     36   252    2    8149    7271    5387    5388
     38   252    2    7271    5387    5388    5389
     40   252    2    5387    5388    5389    5390
     42   252    2    5388    5389    5390    7272
     44   252    2    5389    5390    7272    7273
    104   252    2    7275    7276    5391    5392
    106   252    2    7276    5391    5392    5393
    108   252    2    5391    5392    5393    5394
    110   252    2    5392    5393    5394    7277
    112   252    2    5393    5394    7277    7278
    556   252    2    8166    7279    5395    5396
    558   252    2    7279    5395    5396    2136
    684   252    2      -1      -1    5397    5398
    686   252    2      -1    5397    5398    7280
    688   252    2    5397    5398    7280    7281
     36   254    2    8149    7271    5399    5400
     38   254    2    7271    5399    5400    5401
     40   254    2    5399    5400    5401    5402
     42   254    2    5400    5401    5402    7272
     44   254    2    5401    5402    7272    7273
    104   254    2    7275    7276    5403    5404
    106   254    2    7276    5403    5404    5405
    108   254    2    5403    5404    5405    5406
    110   254    2    5404    5405    5406    7277
    112   254    2    5405    5406    7277    7278
    556   254    2    8166    7279    5407    5408
    558   254    2    7279    5407    5408    5409
    560   254    2    5407    5408    5409    2139
    688   254    2    2140    5410    7280    7281
    104   256    2    7292    7293    5411    5412
    106   256    2    7293    5411    5412      -1
    108   256    2    5411    5412      -1      -1
    112   256    2    2142    5413    7294    7295
    560   256    2    7296    7297    5414    5415
    562   256    2    7297    5414    5415       0
    686   256    2      -1      -1    5416    5417
    688   256    2      -1    5416    5417    5418
    690   256    2    5416    5417    5418    7298
    692   256    2    5417    5418    7298    7299
    104   258    2    7292    7293    5419    5420
    106   258    2    7293    5419    5420    5421
    108   258    2    5419    5420    5421    5422
    110   258    2    5420    5421    5422    7294
    112   258    2    5421    5422    7294    7295
    560   258    2    7296    7297    5423    5424
    562   258    2    7297    5423    5424    2145
    688   258    2      -1      -1    5425    5426
    690   258    2      -1    5425    5426    7298
    692   258    2    5425    5426    7298    7299
    560   260    2    7317    7318    5427    5428
    562   260    2    7318    5427    5428       0
    692   260    2    2149    5429    5430    5431
    694   260    2    5429    5430    5431    7319
    696   260    2    5430    5431    7319    7320
    560   262    2    7317    7318    5432    5433
    562   262    2    7318    5432    5433      -1
    564   262    2    5432    5433      -1      -1
    690   262    2      -1      -1    5434    5435
    692   262    2      -1    5434    5435    5436
    694   262    2    5434    5435    5436    7319
    696   262    2    5435    5436    7319    7320
     80   264    2    7321    7322    5437    5438
     82   264    2    7322    5437    5438    5439
     84   264    2    5437    5438    5439    5440
     86   264    2    5438    5439    5440    7323
     88   264    2    5439    5440    7323    7324
    560   264    2    7325    7326    5441    5442
    562   264    2    7326    5441    5442      -1
    564   264    2    5441    5442      -1      -1
    694   264    2    2151    5443    5444    7327
    696   264    2    5443    5444    7327    7328
     80   266    2    7321    7322    5445    5446
     82   266    2    7322    5445    5446       0
     88   266    2    2155    5447    7323    7324
    560   266    2    7325    7326    5448    5449
    562   266    2    7326    5448    5449       0
    694   266    2    2158    5450    5451    7327
    696   266    2    5450    5451    7327    7328
     80   268    2    7329    7330    5452    5453
     82   268    2    7330    5452    5453    5454
     84   268    2    5452    5453    5454    5455
     86   268    2    5453    5454    5455    7331
     88   268    2    5454    5455    7331    7332
    560   268    2    7333    7334    5456    5457
    562   268    2    7334    5456    5457    5458
    564   268    2    5456    5457    5458    2162
    696   268    2    2164    5459    7335    7336
     80   270    2    7329    7330    5460    5461
     82   270    2    7330    5460    5461    5462
     84   270    2    5460    5461    5462    5463
     86   270    2    5461    5462    5463    7331
     88   270    2    5462    5463    7331    7332
    560   270    2    7333    7334    5464    5465
    562   270    2    7334    5464    5465    5466
    564   270    2    5464    5465    5466    5467
    566   270    2    5465    5466    5467    2168
    696   270    2    2169    5468    7335    7336
     76   272    2    8196    7343    5469    5470
     78   272    2    7343    5469    5470    5471
     80   272    2    5469    5470    5471    5472
     82   272    2    5470    5471    5472    7344
     84   272    2    5471    5472    7344    7345
    564   272    2    7348    7349    5473    5474
    566   272    2    7349    5473    5474    2172
    696   272    2    2174    5475    5476    5477
    698   272    2    5475    5476    5477    7350
    700   272    2    5476    5477    7350    8200
     76   274    2    8196    7343    5478    5479
     78   274    2    7343    5478    5479    5480
     80   274    2    5478    5479    5480    5481
     82   274    2    5479    5480    5481    7344
     84   274    2    5480    5481    7344    7345
    564   274    2    7348    7349    5482    5483
    566   274    2    7349    5482    5483    5484
    568   274    2    5482    5483    5484    2177
    696   274    2    2178    5485    5486    5487
    698   274    2    5485    5486    5487    7350
    700   274    2    5486    5487    7350    8200
     76   276    2    8196    7357    5488       0
     82   276    2       0    5489    5490    7358
     84   276    2    5489    5490    7358    7359
    568   276    2    7363    7364    5491    2184
    698   276    2    2185    5492    5493    7365
    700   276    2    5492    5493    7365    8200
     76   278    2    8196    7357    5494    5495
     78   278    2    7357    5494    5495    5496
     80   278    2    5494    5495    5496    5497
     82   278    2    5495    5496    5497    7358
     84   278    2    5496    5497    7358    7359
    568   278    2    7363    7364    5498    2188
    698   278    2    2189    5499    5500    7365
    700   278    2    5499    5500    7365    8200
     28   280    2    8202    7366    5501    5502
     30   280    2    7366    5501    5502    5503
     32   280    2    5501    5502    5503    5504
     34   280    2    5502    5503    5504    5505
     36   280    2    5503    5504    5505    5506
     38   280    2    5504    5505    5506    7367
     40   280    2    5505    5506    7367    7368
    568   280    2    7373    7374    5507    2191
    696   280    2      -1      -1    5508    5509
    698   280    2      -1    5508    5509    7375
    700   280    2    5508    5509    7375    8211
     28   282    2    8202    7366    5510    5511
     30   282    2    7366    5510    5511       0
     40   282    2    2200    5512    7367    7368
    568   282    2    7373    7374    5513    2201
    696   282    2      -1      -1    5514    5515
    698   282    2      -1    5514    5515    7375
    700   282    2    5514    5515    7375    8211
     28   284    2    8202    7376    5516    5517
     30   284    2    7376    5516    5517    5518
     32   284    2    5516    5517    5518    5519
     34   284    2    5517    5518    5519    5520
     36   284    2    5518    5519    5520    5521
     38   284    2    5519    5520    5521    7377
     40   284    2    5520    5521    7377    7378
    564   284    2    8210    7383    5522    5523
    566   284    2    7383    5522    5523    5524
    568   284    2    5522    5523    5524      -1
    570   284    2    5523    5524      -1      -1
    692   284    2       0    5525    5526       0
    696   284    2      -1      -1    5527    5528
    698   284    2      -1    5527    5528    7384
    700   284    2    5527    5528    7384    8211
     28   286    2    8202    7376    5529    5530
     30   286    2    7376    5529    5530    5531
     32   286    2    5529    5530    5531    5532
     34   286    2    5530    5531    5532    5533
     36   286    2    5531    5532    5533    5534
     38   286    2    5532    5533    5534    7377
     40   286    2    5533    5534    7377    7378
    564   286    2    8210    7383    5535    5536
    566   286    2    7383    5535    5536    5537
    568   286    2    5535    5536    5537      -1
    570   286    2    5536    5537      -1      -1
    692   286    2       0    5538    5539    5540
    694   286    2    5538    5539    5540    5541
    696   286    2    5539    5540    5541    5542
    698   286    2    5540    5541    5542    7384
    700   286    2    5541    5542    7384    8211
    564   288    2    8221    7391    5543    5544
    566   288    2    7391    5543    5544       0
    690   288    2      -1      -1    5545    5546
    692   288    2      -1    5545    5546    5547
    694   288    2    5545    5546    5547    7392
    696   288    2    5546    5547    7392    7393
    564   290    2    8221    7391    5548    5549
    566   290    2    7391    5548    5549    2211
    694   290    2    2212    5550    5551    7392
    696   290    2    5550    5551    7392    7393
    564   292    2    8221    7400    5552    5553
    566   292    2    7400    5552    5553    5554
    568   292    2    5552    5553    5554      -1
    570   292    2    5553    5554      -1      -1
    694   292    2       0    5555    5556    7401
    696   292    2    5555    5556    7401    7402
    564   294    2    8221    7400    5557    5558
    566   294    2    7400    5557    5558    2216
    694   294    2    2219    5559    5560    7401
    696   294    2    5559    5560    7401    7402
    564   296    2    8235    7403    5561    5562
    566   296    2    7403    5561    5562    5563
    568   296    2    5561    5562    5563       0
    692   296    2    2227    5564    5565    5566
    694   296    2    5564    5565    5566    7404
    696   296    2    5565    5566    7404    7405
    564   298    2    8235    7403    5567    5568
    566   298    2    7403    5567    5568    5569
    568   298    2    5567    5568    5569    2230
    684   298    2       0    5570    5571    5572
    686   298    2    5570    5571    5572    5573
    688   298    2    5571    5572    5573    5574
    690   298    2    5572    5573    5574    5575
    692   298    2    5573    5574    5575    5576
    694   298    2    5574    5575    5576    7404
    696   298    2    5575    5576    7404    7405
    568   300    2    7406    7407    5577    5578
    570   300    2    7407    5577    5578      -1
    572   300    2    5577    5578      -1      -1
    682   300    2    2236    5579    5580    7408
    684   300    2    5579    5580    7408    7409
    568   302    2    7406    7407    5581       0
    678   302    2      -1      -1    5582    5583
    680   302    2      -1    5582    5583    5584
    682   302    2    5582    5583    5584    7408
    684   302    2    5583    5584    7408    7409
    564   304    2    7414    7415    5585    5586
    566   304    2    7415    5585    5586    5587
    568   304    2    5585    5586    5587      -1
    570   304    2    5586    5587      -1      -1
    680   304    2       0    5588    7416    7417
    564   306    2    7414    7415    5589    5590
    566   306    2    7415    5589    5590       0
    680   306    2    2242    5591    7416    7417
    560   308    2    7418    7419    5592    5593
    562   308    2    7419    5592    5593    5594
    564   308    2    5592    5593    5594      -1
    566   308    2    5593    5594      -1      -1
    676   308    2      -1      -1    5595    5596
    678   308    2      -1    5595    5596    7420
    680   308    2    5595    5596    7420    7421
    560   310    2    7418    7419    5597    5598
    562   310    2    7419    5597    5598    2244
    678   310    2       0    5599    5600    7420
    680   310    2    5599    5600    7420    7421
    560   312    2    7422    7423    5601    5602
    562   312    2    7423    5601    5602    2249
    678   312    2    2250    5603    5604    7424
    680   312    2    5603    5604    7424    7425
    560   314    2    7422    7423    5605    5606
    562   314    2    7423    5605    5606    2253
    678   314    2    2255    5607    5608    7424
    680   314    2    5607    5608    7424    7425
    560   316    2    7426    7427    5609    5610
    562   316    2    7427    5609    5610    5611
    564   316    2    5609    5610    5611      -1
    566   316    2    5610    5611      -1      -1
    678   316    2    2258    5612    5613    7428
    680   316    2    5612    5613    7428    7429
    560   318    2    7426    7427    5614    5615
    562   318    2    7427    5614    5615    5616
    564   318    2    5614    5615    5616    5617
    566   318    2    5615    5616    5617       0
    678   318    2    2263    5618    5619    7428
    680   318    2    5618    5619    7428    7429
    564   320    2    7431    7432    5620    5621
    566   320    2    7432    5620    5621    5622
    568   320    2    5620    5621    5622      -1
    570   320    2    5621    5622      -1      -1
    676   320    2       0    5623    5624    5625
    678   320    2    5623    5624    5625    7433
    680   320    2    5624    5625    7433    7434
    564   322    2    7431    7432    5626    5627
    566   322    2    7432    5626    5627    2267
    676   322    2    2268    5628    5629    5630
    678   322    2    5628    5629    5630    7433
    680   322    2    5629    5630    7433    7434
    564   324    2    7436    7437    5631    5632
    566   324    2    7437    5631    5632    2271
    676   324    2       0    5633    5634    5635
    678   324    2    5633    5634    5635    7438
    680   324    2    5634    5635    7438    7439
    564   326    2    7436    7437    5636    5637
    566   326    2    7437    5636    5637    5638
    568   326    2    5636    5637    5638    2274
    674   326    2      -1      -1    5639    5640
    676   326    2      -1    5639    5640    5641
    678   326    2    5639    5640    5641    7438
    680   326    2    5640    5641    7438    7439
    568   328    2    7440    7441    5642    2278
    678   328    2    2279    5643    5644    7442
    680   328    2    5643    5644    7442    7443
    568   330    2    7440    7441    5645       0
    676   330    2      -1      -1    5646    5647
    678   330    2      -1    5646    5647    7442
    680   330    2    5646    5647    7442    7443
    568   332    2    7444    7445    5648    2283
    678   332    2    2286    5649    5650    7446
    680   332    2    5649    5650    7446    7447
    568   334    2    7444    7445    5651    5652
    570   334    2    7445    5651    5652    2289
    678   334    2       0    5653    5654    7446
    680   334    2    5653    5654    7446    7447
    568   336    2    7448    7449    5655    5656
    570   336    2    7449    5655    5656    2292
    676   336    2      -1      -1    5657    5658
    678   336    2      -1    5657    5658    7450
    680   336    2    5657    5658    7450    7451
    568   338    2    7448    7449    5659    5660
    570   338    2    7449    5659    5660    2295
    678   338    2    2296    5661    5662    7450
    680   338    2    5661    5662    7450    7451
    568   340    2    7452    7453    5663    5664
    570   340    2    7453    5663    5664    2299
    678   340    2    2300    5665    5666    7454
    680   340    2    5665    5666    7454    7455
    568   342    2    7452    7453    5667    5668
    570   342    2    7453    5667    5668    2303
    678   342    2       0    5669    5670    7454
    680   342    2    5669    5670    7454    7455
    568   344    2    7456    7457    5671    5672
    570   344    2    7457    5671    5672    5673
    572   344    2    5671    5672    5673    2307
    680   344    2       0    5674    5675    5676
    682   344    2    5674    5675    5676    7458
    684   344    2    5675    5676    7458    7459
    568   346    2    7456    7457    5677    5678
    570   346    2    7457    5677    5678    5679
    572   346    2    5677    5678    5679    5680
    574   346    2    5678    5679    5680      -1
    576   346    2    5679    5680      -1      -1
    684   346    2    2310    5681    7458    7459
    572   348    2    7462    7463    5682    5683
    574   348    2    7463    5682    5683      -1
    576   348    2    5682    5683      -1      -1
    682   348    2      -1      -1    5684    5685
    684   348    2      -1    5684    5685    5686
    686   348    2    5684    5685    5686    7464
    688   348    2    5685    5686    7464    7465
    572   350    2    7462    7463    5687    5688
    574   350    2    7463    5687    5688    2313
    686   350    2       0    5689    5690    7464
    688   350    2    5689    5690    7464    7465
    572   352    2    8264    7466    5691    5692
    574   352    2    7466    5691    5692    5693
    576   352    2    5691    5692    5693       0
    688   352    2    2324    5694    7467    7468
    572   354    2    8264    7466    5695    5696
    574   354    2    7466    5695    5696    5697
    576   354    2    5695    5696    5697    2328
    656   354    2    2334    5698    5699    5700
    658   354    2    5698    5699    5700    5701
    660   354    2    5699    5700    5701    5702
    662   354    2    5700    5701    5702    5703
    664   354    2    5701    5702    5703       0
    688   354    2    2336    5704    7467    7468
    576   356    2    7469    7470    5705    5706
    578   356    2    7470    5705    5706      -1
    580   356    2    5705    5706      -1      -1
    650   356    2       0    5707    5708    5709
    652   356    2    5707    5708    5709    5710
    654   356    2    5708    5709    5710    7471
    656   356    2    5709    5710    7471    7472
    664   356    2    7471    7472    5711    5712
    666   356    2    7472    5711    5712       0
    684   356    2      -1      -1    5713    5714
    686   356    2      -1    5713    5714    7473
    688   356    2    5713    5714    7473    7474
    576   358    2    7469    7470    5715    5716
    578   358    2    7470    5715    5716      -1
    580   358    2    5715    5716      -1      -1
    644   358    2    2346    5717    5718    5719
    646   358    2    5717    5718    5719    5720
    648   358    2    5718    5719    5720    5721
    650   358    2    5719    5720    5721    5722
    652   358    2    5720    5721    5722    5723
    654   358    2    5721    5722    5723    7471
    656   358    2    5722    5723    7471    7472
    664   358    2    7471    7472    5724    5725
    666   358    2    7472    5724    5725    5726
    668   358    2    5724    5725    5726      -1
    670   358    2    5725    5726      -1      -1
    688   358    2    2349    5727    7473    7474
    576   360    2    7475    7476    5728    5729
    578   360    2    7476    5728    5729      -1
    580   360    2    5728    5729      -1      -1
    640   360    2       0    5730    5731    5732
    642   360    2    5730    5731    5732    7477
    644   360    2    5731    5732    7477    7478
    668   360    2    7481    7482    5733    5734
    670   360    2    7482    5733    5734      -1
    672   360    2    5733    5734      -1      -1
    686   360    2       0    5735    5736    7483
    688   360    2    5735    5736    7483    7484
    576   362    2    7475    7476    5737    2354
    636   362    2       0    5738    5739    5740
    638   362    2    5738    5739    5740    5741
    640   362    2    5739    5740    5741    5742
    642   362    2    5740    5741    5742    7477
    644   362    2    5741    5742    7477    7478
    668   362    2    7481    7482    5743    5744
    670   362    2    7482    5743    5744      -1
    672   362    2    5743    5744      -1      -1
    680   362    2      -1      -1    5745    5746
    682   362    2      -1    5745    5746    5747
    684   362    2    5745    5746    5747    5748
    686   362    2    5746    5747    5748    7483
    688   362    2    5747    5748    7483    7484
    576   364    2    7485    7486    5749       0
    634   364    2    2363    5750    5751    7487
    636   364    2    5750    5751    7487    7488
    668   364    2    7493    7494    5752    5753
    670   364    2    7494    5752    5753    2364
    682   364    2    2365    5754    5755    7495
    684   364    2    5754    5755    7495    7496
    576   366    2    7485    7486    5756       0
    628   366    2       0    5757    5758    5759
    630   366    2    5757    5758    5759    5760
    632   366    2    5758    5759    5760    5761
    634   366    2    5759    5760    5761    7487
    636   366    2    5760    5761    7487    7488
    668   366    2    7493    7494    5762    2373
    682   366    2    2374    5763    5764    7495
    684   366    2    5763    5764    7495    7496
    576   368    2    7498    7499    5765    5766
    578   368    2    7499    5765    5766    2378
    624   368    2       0    5768    5769    5770
    626   368    2    5768    5769    5770    7500
    628   368    2    5769    5770    7500    7501
    668   368    2    8273    7503    5771    2388
    674   368    2      -1      -1    5772    5773
    676   368    2      -1    5772    5773    5774
    678   368    2    5772    5773    5774    5775
    680   368    2    5773    5774    5775    5776
    682   368    2    5774    5775    5776    7504
    684   368    2    5775    5776    7504    8274
    576   370    2    7498    7499    5777    5778
    578   370    2    7499    5777    5778    5779
    580   370    2    5777    5778    5779    5780
    582   370    2    5778    5779    5780    5781
    584   370    2    5779    5780    5781    5782
    586   370    2    5780    5781    5782    5783
    588   370    2    5781    5782    5783    2391
    602   370    2       0    5784      -1      -1
    622   370    2       0    5785    5786    5787
    624   370    2    5785    5786    5787    5788
    626   370    2    5786    5787    5788    7500
    628   370    2    5787    5788    7500    7501
    668   370    2    8273    7503    5789    2395
    674   370    2      -1      -1    5790    5791
    676   370    2      -1    5790    5791    5792
    678   370    2    5790    5791    5792    5793
    680   370    2    5791    5792    5793    5794
    682   370    2    5792    5793    5794    7504
    684   370    2    5793    5794    7504    8274
    588   372    2    7508    7509    5795    2399
    600   372    2       0    5796    5797    5798
    602   372    2    5796    5797    5798       0
    620   372    2    2407    5799    5800    5801
    622   372    2    5799    5800    5801    7510
    624   372    2    5800    5801    7510    7511
    668   372    2    8273    7514    5802    5803
    670   372    2    7514    5802    5803    5804
    672   372    2    5802    5803    5804    5805
    674   372    2    5803    5804    5805    7515
    676   372    2    5804    5805    7515    7516
    588   374    2    7508    7509    5806    5807
    590   374    2    7509    5806    5807       0
    596   374    2      -1      -1    5808    5809
    598   374    2      -1    5808    5809    5810
    600   374    2    5808    5809    5810    5811
    602   374    2    5809    5810    5811    5812
    604   374    2    5810    5811    5812    5813
    606   374    2    5811    5812    5813    5814
    608   374    2    5812    5813    5814    5815
    610   374    2    5813    5814    5815    5816
    612   374    2    5814    5815    5816    5817
    614   374    2    5815    5816    5817    5818
    616   374    2    5816    5817    5818    5819
    618   374    2    5817    5818    5819    5820
    620   374    2    5818    5819    5820    5821
    622   374    2    5819    5820    5821    7510
    624   374    2    5820    5821    7510    7511
    668   374    2    8273    7514    5822    5823
    670   374    2    7514    5822    5823    5824
    672   374    2    5822    5823    5824    5825
    674   374    2    5823    5824    5825    7515
    676   374    2    5824    5825    7515    7516
    588   376    2    8278    7518    5826    5827
    590   376    2    7518    5826    5827    5828
    592   376    2    5826    5827    5828    5829
    594   376    2    5827    5828    5829    5830
    596   376    2    5828    5829    5830    5831
    598   376    2    5829    5830    5831    7519
    600   376    2    5830    5831    7519    7520
    588   378    2    8278    7518    5832    5833
    590   378    2    7518    5832    5833    5834
    592   378    2    5832    5833    5834    5835
    594   378    2    5833    5834    5835    5836
    596   378    2    5834    5835    5836    5837
    598   378    2    5835    5836    5837    7519
    600   378    2    5836    5837    7519    7520
    652   380    2    8279    7551    5838    5839
    654   380    2    7551    5838    5839    5840
    656   380    2    5838    5839    5840    5841
    658   380    2    5839    5840    5841    7552
    660   380    2    5840    5841    7552    7553
    652   382    2    8279    7551    5842    5843
    654   382    2    7551    5842    5843    5844
    656   382    2    5842    5843    5844    5845
    658   382    2    5843    5844    5845    7552
    660   382    2    5844    5845    7552    7553
    616   384    2    7557    7558    5846    5847
    618   384    2    7558    5846    5847    5848
    620   384    2    5846    5847    5848    5849
    622   384    2    5847    5848    5849    5850
    624   384    2    5848    5849    5850    5851
    626   384    2    5849    5850    5851    5852
    628   384    2    5850    5851    5852    5853
    630   384    2    5851    5852    5853    5854
    632   384    2    5852    5853    5854    5855
    634   384    2    5853    5854    5855    7559
    636   384    2    5854    5855    7559    8291
    652   384    2    8291    7560    5856       0
    660   384    2    2416    5857    5858    5859
    662   384    2    5857    5858    5859    7561
    664   384    2    5858    5859    7561    7562
    616   386    2    7557    7558    5860    5861
    618   386    2    7558    5860    5861    5862
    620   386    2    5860    5861    5862       0
    632   386    2    2426    5863    5864    5865
    634   386    2    5863    5864    5865    7559
    636   386    2    5864    5865    7559    8291
    652   386    2    8291    7560    5866      -1
    654   386    2    7560    5866      -1      -1
    660   386    2       0    5867    5868    5869
    662   386    2    5867    5868    5869    7561
    664   386    2    5868    5869    7561    7562
    616   388    2    7563    7564    5870    2433
    636   388    2       0    5871    7565    8291
    652   388    2    8291    7566    5872       0
    664   388    2    2437    5873    5874    5875
    666   388    2    5873    5874    5875    7567
    668   388    2    5874    5875    7567    8292
    616   390    2    7563    7564    5876    5877
    618   390    2    7564    5876    5877    5878
    620   390    2    5876    5877    5878    5879
    622   390    2    5877    5878    5879    5880
    624   390    2    5878    5879    5880    2440
    632   390    2       0    5881    5882    5883
    634   390    2    5881    5882    5883    7565
    636   390    2    5882    5883    7565    8291
    652   390    2    8291    7566    5884       0
    662   390    2      -1      -1    5885    5886
    664   390    2      -1    5885    5886    5887
    666   390    2    5885    5886    5887    7567
    668   390    2    5886    5887    7567    8292
    616   392    2    7568    7569    5888    5889
    618   392    2    7569    5888    5889    5890
    620   392    2    5888    5889    5890    5891
    622   392    2    5889    5890    5891    5892
    624   392    2    5890    5891    5892    5893
    626   392    2    5891    5892    5893    5894
    628   392    2    5892    5893    5894    5895
    630   392    2    5893    5894    5895    7570
    632   392    2    5894    5895    7570    7571
    652   392    2    8304    7572    5896    5897
    654   392    2    7572    5896    5897      -1
    656   392    2    5896    5897      -1      -1
    664   392    2      -1      -1    5898    5899
    666   392    2      -1    5898    5899    7573
    668   392    2    5898    5899    7573    7574
    616   394    2    7568    7569    5900    5901
    618   394    2    7569    5900    5901    5902
    620   394    2    5900    5901    5902    5903
    622   394    2    5901    5902    5903    5904
    624   394    2    5902    5903    5904    5905
    626   394    2    5903    5904    5905    5906
    628   394    2    5904    5905    5906    5907
    630   394    2    5905    5906    5907    7570
    632   394    2    5906    5907    7570    7571
    652   394    2    8304    7572    5908    5909
    654   394    2    7572    5908    5909       0
    666   394    2       0    5910    5911    7573
    668   394    2    5910    5911    7573    7574
    612   396    2    8303    7578    5912    5913
    614   396    2    7578    5912    5913    5914
    616   396    2    5912    5913    5914       0
    622   396    2    2451    5915    5916    7579
    624   396    2    5915    5916    7579    7580
    652   396    2    8304    7583    5917    5918
    654   396    2    7583    5917    5918    5919
    656   396    2    5917    5918    5919       0
    664   396    2    2455    5920    5921    5922
    666   396    2    5920    5921    5922    7584
    668   396    2    5921    5922    7584    5923
    672   396    2    5922    7584    5923    5924
    674   396    2    7584    5923    5924    5925
    676   396    2    5923    5924    5925    5926
    678   396    2    5924    5925    5926    7585
    680   396    2    5925    5926    7585    7586
    612   398    2    8303    7578    5927    5928
    614   398    2    7578    5927    5928       0
    620   398    2      -1      -1    5929    5930
    622   398    2      -1    5929    5930    7579
    624   398    2    5929    5930    7579    7580
    652   398    2    8304    7583    5931    5932
    654   398    2    7583    5931    5932    5933
    656   398    2    5931    5932    5933    5934
    658   398    2    5932    5933    5934    5935
    660   398    2    5933    5934    5935    5936
    662   398    2    5934    5935    5936    5937
    664   398    2    5935    5936    5937    5938
    666   398    2    5936    5937    5938    7584
    668   398    2    5937    5938    7584    5939
    672   398    2    5938    7584    5939    5940
    674   398    2    7584    5939    5940    5941
    676   398    2    5939    5940    5941    5942
    678   398    2    5940    5941    5942    7585
    680   398    2    5941    5942    7585    7586
    612   400    2    8312    7591    5943    5944
    614   400    2    7591    5943    5944      -1
    616   400    2    5943    5944      -1      -1
    620   400    2      -1      -1    5945    5946
    622   400    2      -1    5945    5946    7592
    624   400    2    5945    5946    7592    7593
    672   400    2    7602    7603    5947    5948
    674   400    2    7603    5947    5948      -1
    676   400    2    5947    5948      -1      -1
    680   400    2    2458    5949    7604    7605
    612   402    2    8312    7591    5950    5951
    614   402    2    7591    5950    5951      -1
    616   402    2    5950    5951      -1      -1
    622   402    2       0    5952    5953    7592
    624   402    2    5952    5953    7592    7593
    672   402    2    7602    7603    5954    5955
    674   402    2    7603    5954    5955    5956
    676   402    2    5954    5955    5956    5957
    678   402    2    5955    5956    5957    7604
    680   402    2    5956    5957    7604    7605
    612   404    2    8312    7610    5958    5959
    614   404    2    7610    5958    5959    2462
    622   404    2    2464    5960    5961    7611
    624   404    2    5960    5961    7611    7612
    612   406    2    8312    7610    5962    5963
    614   406    2    7610    5962    5963    2467
    622   406    2    2470    5964    5965    7611
    624   406    2    5964    5965    7611    7612
     60   408    2    8317    7627    5966    5967
     62   408    2    7627    5966    5967    5968
     64   408    2    5966    5967    5968    5969
     66   408    2    5967    5968    5969    7628
     68   408    2    5968    5969    7628    8318
    612   408    2    8320    7629    5970    5971
    614   408    2    7629    5970    5971    5972
    616   408    2    5970    5971    5972    5973
    618   408    2    5971    5972    5973    5974
    620   408    2    5972    5973    5974    5975
    622   408    2    5973    5974    5975    5976
    624   408    2    5974    5975    5976    5977
    626   408    2    5975    5976    5977    5978
    628   408    2    5976    5977    5978    5979
    630   408    2    5977    5978    5979    5980
    632   408    2    5978    5979    5980    5981
    634   408    2    5979    5980    5981    5982
    636   408    2    5980    5981    5982    5983
    638   408    2    5981    5982    5983    7630
    640   408    2    5982    5983    7630    7631
     60   410    2    8317    7627    5984    2472
     66   410    2       0    5985    5986    7628
     68   410    2    5985    5986    7628    8318
    612   410    2    8320    7629    5987    5988
    614   410    2    7629    5987    5988    5989
    616   410    2    5987    5988    5989    5990
    618   410    2    5988    5989    5990    5991
    620   410    2    5989    5990    5991    5992
    622   410    2    5990    5991    5992    5993
    624   410    2    5991    5992    5993    5994
    626   410    2    5992    5993    5994    5995
    628   410    2    5993    5994    5995    5996
    630   410    2    5994    5995    5996    5997
    632   410    2    5995    5996    5997    5998
    634   410    2    5996    5997    5998    5999
    636   410    2    5997    5998    5999    6000
    638   410    2    5998    5999    6000    7630
    640   410    2    5999    6000    7630    7631
     60   412    2    8317    7632    6001    6002
     62   412    2    7632    6001    6002    6003
     64   412    2    6001    6002    6003    6004
     66   412    2    6002    6003    6004    7633
     68   412    2    6003    6004    7633    8318
    624   412    2    7636    7637    6005    6006
    626   412    2    7637    6005    6006       0
    640   412    2    2480    6007    7638    7639
     60   414    2    8317    7632    6008    6009
     62   414    2    7632    6008    6009    6010
     64   414    2    6008    6009    6010    6011
     66   414    2    6009    6010    6011    7633
     68   414    2    6010    6011    7633    8318
    624   414    2    7636    7637    6012    2483
    640   414    2    2485    6013    7638    7639
    620   416    2    8335    7646    6014    6015
    622   416    2    7646    6014    6015    6016
    624   416    2    6014    6015    6016      -1
    626   416    2    6015    6016      -1      -1
    640   416    2    2487    6017    7647    7648
    620   418    2    8335    7646    6018    6019
    622   418    2    7646    6018    6019    2490
    640   418    2    2498    6020    7647    7648
    620   420    2    8335    7661    6021    6022
    622   420    2    7661    6021    6022    6023
    624   420    2    6021    6022    6023    6024
    626   420    2    6022    6023    6024       0
    632   420    2       0    6025    6026    6027
    634   420    2    6025    6026    6027    6028
    636   420    2    6026    6027    6028    6029
    638   420    2    6027    6028    6029    7662
    640   420    2    6028    6029    7662    7663
    656   420    2    7664    7665    6030    6031
    658   420    2    7665    6030    6031    6032
    660   420    2    6030    6031    6032    6033
    662   420    2    6031    6032    6033    6034
    664   420    2    6032    6033    6034    6035
    666   420    2    6033    6034    6035    7666
    668   420    2    6034    6035    7666    8336
    620   422    2    8335    7661    6036    6037
    622   422    2    7661    6036    6037    6038
    624   422    2    6036    6037    6038    6039
    626   422    2    6037    6038    6039    6040
    628   422    2    6038    6039    6040    6041
    630   422    2    6039    6040    6041    6042
    632   422    2    6040    6041    6042      -1
    634   422    2    6041    6042      -1      -1
    638   422    2    2502    6043    6044    7662
    640   422    2    6043    6044    7662    7663
    656   422    2    7664    7665    6045    6046
    658   422    2    7665    6045    6046    6047
    660   422    2    6045    6046    6047    6048
    662   422    2    6046    6047    6048    6049
    664   422    2    6047    6048    6049    6050
    666   422    2    6048    6049    6050    7666
    668   422    2    6049    6050    7666    8336
    632   424    2    7673    7674    6051    6052
    634   424    2    7674    6051    6052    6053
    636   424    2    6051    6052    6053    6054
    638   424    2    6052    6053    6054    7675
    640   424    2    6053    6054    7675    7676
    656   424    2    7677    7678    6055    6056
    658   424    2    7678    6055    6056       0
    666   424    2    2508    6057    6058    7679
    668   424    2    6057    6058    7679    8347
    632   426    2    7673    7674    6059    6060
    634   426    2    7674    6059    6060    6061
    636   426    2    6059    6060    6061    6062
    638   426    2    6060    6061    6062    7675
    640   426    2    6061    6062    7675    7676
    656   426    2    7677    7678    6063       0
    668   426    2    2513    6064    7679    8347
      0   428    2    8943    8943    6065    6066
      2   428    2    8943    6065    6066    7680
      4   428    2    6065    6066    7680    7681
    656   428    2    7691    7692    6067      -1
    658   428    2    7692    6067      -1      -1
    668   428    2    2515    6068    7693    8347
      0   430    2    8943    8943    6069    6070
      2   430    2    8943    6069    6070    7680
      4   430    2    6069    6070    7680    7681
    656   430    2    7691    7692    6071    2517
    666   430    2       0    6073    6074    7693
    668   430    2    6073    6074    7693    8347
      4   432    2       0    6075    6076    6077
      6   432    2    6075    6076    6077    6078
      8   432    2    6076    6077    6078    6079
     10   432    2    6077    6078    6079    7694
     12   432    2    6078    6079    7694    8349
    656   432    2    7695    7696    6080    6081
    658   432    2    7696    6080    6081    6082
    660   432    2    6080    6081    6082    6083
    662   432    2    6081    6082    6083    6084
    664   432    2    6082    6083    6084    6085
    666   432    2    6083    6084    6085    7697
    668   432    2    6084    6085    7697    8356
     10   434    2    2526    6086    6087    7694
     12   434    2    6086    6087    7694    8349
    656   434    2    7695    7696    6088    6089
    658   434    2    7696    6088    6089    6090
    660   434    2    6088    6089    6090    6091
    662   434    2    6089    6090    6091    6092
    664   434    2    6090    6091    6092    6093
    666   434    2    6091    6092    6093    7697
    668   434    2    6092    6093    7697    8356
     10   436    2    2529    6094    6095    7698
     12   436    2    6094    6095    7698    8349
      8   438    2    2531    6096    6097    6098
     10   438    2    6096    6097    6098    7698
     12   438    2    6097    6098    7698    8349
      8   440    2    2533    6099    7705    7706
      8   442    2    2535    6100    7705    7706
      8   444    2    2538    6101    7711    7712
      4   446    2      -1      -1    6102    6103
      6   446    2      -1    6102    6103    7711
      8   446    2    6102    6103    7711    7712
      6   448    2       0    6104    6105    7717
      8   448    2    6104    6105    7717    7718
    668   448    2    8378    7719    6106    6107
    670   448    2    7719    6106    6107    6108
    672   448    2    6106    6107    6108    6109
    674   448    2    6107    6108    6109    7720
    676   448    2    6108    6109    7720    7721
      6   450    2    2541    6110    6111    7717
      8   450    2    6110    6111    7717    7718
    668   450    2    8378    7719    6112    6113
    670   450    2    7719    6112    6113    6114
    672   450    2    6112    6113    6114    6115
    674   450    2    6113    6114    6115    7720
    676   450    2    6114    6115    7720    7721
      2   452    2      -1      -1    6116    6117
      4   452    2      -1    6116    6117    6118
      6   452    2    6116    6117    6118    7723
      8   452    2    6117    6118    7723    7724
    668   452    2    8378    7725    6119    6120
    670   452    2    7725    6119    6120       0
    676   452    2    2544    6121    6122    6123
    678   452    2    6121    6122    6123    7726
    680   452    2    6122    6123    7726    7727
      2   454    2      -1      -1    6124    6125
      4   454    2      -1    6124    6125    6126
      6   454    2    6124    6125    6126    7723
      8   454    2    6125    6126    7723    7724
    668   454    2    8378    7725    6127    6128
    670   454    2    7725    6127    6128       0
    678   454    2    2549    6129    6130    7726
    680   454    2    6129    6130    7726    7727
      4   456    2    2552    6131    7728    7729
    668   456    2    8387    7731    6132    6133
    670   456    2    7731    6132    6133    6134
    672   456    2    6132    6133    6134    6135
    674   456    2    6133    6134    6135    6136
    676   456    2    6134    6135    6136    6137
    678   456    2    6135    6136    6137    7732
    680   456    2    6136    6137    7732    7733
      0   458    2    8943    8943    6138    6139
      2   458    2    8943    6138    6139    7728
      4   458    2    6138    6139    7728    7729
    668   458    2    8387    7731    6140    6141
    670   458    2    7731    6140    6141    6142
    672   458    2    6140    6141    6142    6143
    674   458    2    6141    6142    6143    6144
    676   458    2    6142    6143    6144    6145
    678   458    2    6143    6144    6145    7732
    680   458    2    6144    6145    7732    7733
    652   468    2    7753    7754    6146    6147
    654   468    2    7754    6146    6147    6148
    656   468    2    6146    6147    6148    6149
    658   468    2    6147    6148    6149    7755
    660   468    2    6148    6149    7755    7756
    652   470    2    7753    7754    6150    6151
    654   470    2    7754    6150    6151    6152
    656   470    2    6150    6151    6152    6153
    658   470    2    6151    6152    6153    7755
    660   470    2    6152    6153    7755    7756
    648   472    2    7758    7759    6154    6155
    650   472    2    7759    6154    6155    6156
    652   472    2    6154    6155    6156       0
    660   472    2    2556    6157    6158    6159
    662   472    2    6157    6158    6159    7760
    664   472    2    6158    6159    7760    7761
    648   474    2    7758    7759    6160    6161
    650   474    2    7759    6160    6161      -1
    652   474    2    6160    6161      -1      -1
    658   474    2      -1      -1    6162    6163
    660   474    2      -1    6162    6163    6164
    662   474    2    6162    6163    6164    7760
    664   474    2    6163    6164    7760    7761
    648   476    2    7764    7765    6165    2564
    664   476    2    2570    6167    6168    6169
    666   476    2    6167    6168    6169    7766
    668   476    2    6168    6169    7766    7767
    648   478    2    7764    7765    6170    6171
    650   478    2    7765    6170    6171    6172
    652   478    2    6170    6171    6172    6173
    654   478    2    6171    6172    6173    6174
    656   478    2    6172    6173    6174    2573
    666   478    2    2574    6175    6176    7766
    668   478    2    6175    6176    7766    7767
    656   480    2    7771    7772    6177    2576
    666   480    2       0    6178    6179    6180
    668   480    2    6178    6179    6180    6181
    670   480    2    6179    6180    6181    7773
    672   480    2    6180    6181    7773    7774
    656   482    2    7771    7772    6182    6183
    658   482    2    7772    6182    6183    6184
    660   482    2    6182    6183    6184      -1
    662   482    2    6183    6184      -1      -1
    670   482    2    2584    6185    6186    7773
    672   482    2    6185    6186    7773    7774
    656   484    2    7777    7778    6187    6188
    658   484    2    7778    6187    6188    2587
    670   484    2    2591    6189    6190    7779
    672   484    2    6189    6190    7779    7780
    656   486    2    7777    7778    6191    6192
    658   486    2    7778    6191    6192    6193
    660   486    2    6191    6192    6193    6194
    662   486    2    6192    6193    6194    6195
    664   486    2    6193    6194    6195    6196
    666   486    2    6194    6195    6196    6197
    668   486    2    6195    6196    6197    6198
    670   486    2    6196    6197    6198    7779
    672   486    2    6197    6198    7779    7780
    348   492    2    8416    7795    6199    6200
    350   492    2    7795    6199    6200    6201
    352   492    2    6199    6200    6201    6202
    354   492    2    6200    6201    6202    7796
    356   492    2    6201    6202    7796    8417
    648   492    2    7797    7798    6203    6204
    650   492    2    7798    6203    6204    6205
    652   492    2    6203    6204    6205    6206
    654   492    2    6204    6205    6206    7799
    656   492    2    6205    6206    7799    7800
    348   494    2    8416    7795    6207    2594
    356   494    2    2597    6208    7796    8417
    648   494    2    7797    7798    6209    6210
    650   494    2    7798    6209    6210    6211
    652   494    2    6209    6210    6211    6212
    654   494    2    6210    6211    6212    7799
    656   494    2    6211    6212    7799    7800
    348   496    2    8421    7805    6213    6214
    350   496    2    7805    6213    6214    6215
    352   496    2    6213    6214    6215    6216
    354   496    2    6214    6215    6216    7806
    356   496    2    6215    6216    7806    8422
    648   496    2    7807    7808    6217    6218
    650   496    2    7808    6217    6218       0
    656   496    2    2600    6219    6220    6221
    658   496    2    6219    6220    6221    6222
    660   496    2    6220    6221    6222    6223
    662   496    2    6221    6222    6223    7809
    664   496    2    6222    6223    7809    7810
    348   498    2    8421    7805    6224    6225
    350   498    2    7805    6224    6225    6226
    352   498    2    6224    6225    6226    6227
    354   498    2    6225    6226    6227    7806
    356   498    2    6226    6227    7806    8422
    648   498    2    7807    7808    6228    2605
    664   498    2    2611    6230    7809    7810
    348   500    2    8421    7811    6231    6232
    350   500    2    7811    6231    6232    6233
    352   500    2    6231    6232    6233    6234
    354   500    2    6232    6233    6234    7812
    356   500    2    6233    6234    7812    8422
    648   500    2    7813    7814    6235    6236
    650   500    2    7814    6235    6236      -1
    652   500    2    6235    6236      -1      -1
    656   500    2      -1      -1    6237    6238
    658   500    2      -1    6237    6238    6239
    660   500    2    6237    6238    6239    6240
    662   500    2    6238    6239    6240    7815
    664   500    2    6239    6240    7815    7816
    348   502    2    8421    7811    6241       0
    356   502    2    2617    6242    7812    8422
    648   502    2    7813    7814    6243    6244
    650   502    2    7814    6243    6244    2618
    660   502    2       0    6245    6246    6247
    662   502    2    6245    6246    6247    7815
    664   502    2    6246    6247    7815    7816
    348   504    2    8427    7817    6248    6249
    350   504    2    7817    6248    6249    6250
    352   504    2    6248    6249    6250    6251
    354   504    2    6249    6250    6251    7818
    356   504    2    6250    6251    7818    8428
    648   504    2    7819    7820    6252    6253
    650   504    2    7820    6252    6253    6254
    652   504    2    6252    6253    6254      -1
    654   504    2    6253    6254      -1      -1
    660   504    2    2622    6255    7821    7822
    348   506    2    8427    7817    6256    6257
    350   506    2    7817    6256    6257    6258
    352   506    2    6256    6257    6258    6259
    354   506    2    6257    6258    6259    7818
    356   506    2    6258    6259    7818    8428
    648   506    2    7819    7820    6260    6261
    650   506    2    7820    6260    6261    6262
    652   506    2    6260    6261    6262       0
    660   506    2    2627    6263    7821    7822
    652   508    2    7829    7830    6264    6265
    654   508    2    7830    6264    6265    6266
    656   508    2    6264    6265    6266    6267
    658   508    2    6265    6266    6267    6268
    660   508    2    6266    6267    6268    6269
    662   508    2    6267    6268    6269    7831
    664   508    2    6268    6269    7831    7832
    652   510    2    7829    7830    6270    6271
    654   510    2    7830    6270    6271    6272
    656   510    2    6270    6271    6272       0
    662   510    2    2630    6273    6274    7831
    664   510    2    6273    6274    7831    7832
    528     0    4    7833    7834    6275    6276
    532     0    4    7834    6275    6276    2665
    548     0    4    2668    6277    6278    6279
    552     0    4    6277    6278    6279    6280
    556     0    4    6278    6279    6280    6281
    560     0    4    6279    6280    6281    6282
    564     0    4    6280    6281    6282    6283
    568     0    4    6281    6282    6283    6284
    572     0    4    6282    6283    6284    7835
    576     0    4    6283    6284    7835    7836
    592     0    4    7835    7836    6285    6286
    596     0    4    7836    6285    6286    2669
    640     0    4    2672    6287    6288    6289
    644     0    4    6287    6288    6289    6290
    648     0    4    6288    6289    6290    6291
    652     0    4    6289    6290    6291    2673
    712     0    4    2685    6292    7837    7838
    728     0    4    7837    7838    6293    6294
    732     0    4    7838    6293    6294    2686
    872     0    4    2702    6296    6297    6298
    876     0    4    6296    6297    6298    7839
    880     0    4    6297    6298    7839    7840
    528     4    4    7833    7834    6299    6300
    532     4    4    7834    6299    6300    6301
    536     4    4    6299    6300    6301    6302
    540     4    4    6300    6301    6302    6303
    544     4    4    6301    6302    6303    6304
    548     4    4    6302    6303    6304    6305
    552     4    4    6303    6304    6305    6306
    556     4    4    6304    6305    6306    6307
    560     4    4    6305    6306    6307    6308
    564     4    4    6306    6307    6308    6309
    568     4    4    6307    6308    6309    6310
    572     4    4    6308    6309    6310    7835
    576     4    4    6309    6310    7835    7836
    592     4    4    7835    7836    6311    2736
    644     4    4    2741    6312    6313    6314
    648     4    4    6312    6313    6314    6315
    652     4    4    6313    6314    6315    6316
    656     4    4    6314    6315    6316    2742
    712     4    4    2754    6317    7837    7838
    728     4    4    7837    7838    6318    6319
    732     4    4    7838    6318    6319    2755
    868     4    4    2773    6321    6322    6323
    872     4    4    6321    6322    6323    6324
    876     4    4    6322    6323    6324    7839
    880     4    4    6323    6324    7839    7840
    560     8    4    7845    7846    6325    6326
    564     8    4    7846    6325    6326    6327
    568     8    4    6325    6326    6327    6328
    572     8    4    6326    6327    6328    6329
    576     8    4    6327    6328    6329    6330
    580     8    4    6328    6329    6330    6331
    584     8    4    6329    6330    6331    6332
    588     8    4    6330    6331    6332    6333
    592     8    4    6331    6332    6333    2817
    644     8    4    2820    6334    6335    7847
    648     8    4    6334    6335    7847    6336
    656     8    4    6335    7847    6336    2821
    712     8    4    2834    6338    7848    7849
    728     8    4    7848    7849    6339    6340
    732     8    4    7849    6339    6340    2835
    868     8    4    2869    6341    6342    7850
    872     8    4    6341    6342    7850    7851
    560    12    4    7845    7846    6343    2918
    580    12    4    2923    6344    6345    6346
    584    12    4    6344    6345    6346    6347
    588    12    4    6345    6346    6347    2924
    644    12    4    2927    6348    6349    7847
    648    12    4    6348    6349    7847    6350
    656    12    4    6349    7847    6350    2928
    692    12    4    2936    6351    6352    6353
    696    12    4    6351    6352    6353    6354
    700    12    4    6352    6353    6354    6355
    704    12    4    6353    6354    6355    6356
    708    12    4    6354    6355    6356    7848
    712    12    4    6355    6356    7848    7849
    728    12    4    7848    7849    6357    6358
    732    12    4    7849    6357    6358    2937
    752    12    4    2942    6359    6360    2943
    820    12    4    2957    6361    6362    6363
    824    12    4    6361    6362    6363    6364
    828    12    4    6362    6363    6364    2958
    864    12    4    2968    6365    6366    6367
    868    12    4    6365    6366    6367    7850
    872    12    4    6366    6367    7850    7851
    560    16    4    7853    7854    6368    3007
    580    16    4    3012    6369    6370    6371
    584    16    4    6369    6370    6371    3013
    644    16    4    3015    6372    6373    7855
    648    16    4    6372    6373    7855    6374
    656    16    4    6373    7855    6374    6375
    660    16    4    7855    6374    6375    3016
    688    16    4    3025    6376    6377    6378
    692    16    4    6376    6377    6378    7856
    696    16    4    6377    6378    7856    7857
    728    16    4    7858    7859    6379    6380
    732    16    4    7859    6379    6380    6381
    736    16    4    6379    6380    6381    3026
    800    16    4    3039    6383    6384    3040
    820    16    4    3045    6385    6386    6387
    824    16    4    6385    6386    6387    6388
    828    16    4    6386    6387    6388    6389
    832    16    4    6387    6388    6389    6390
    836    16    4    6388    6389    6390    3046
    856    16    4    3051    6391    6392    6393
    860    16    4    6391    6392    6393    7860
    864    16    4    6392    6393    7860    7861
    560    20    4    7853    7854    6394    6395
    564    20    4    7854    6394    6395    6396
    568    20    4    6394    6395    6396    6397
    572    20    4    6395    6396    6397    6398
    576    20    4    6396    6397    6398    6399
    580    20    4    6397    6398    6399    6400
    584    20    4    6398    6399    6400    3069
    644    20    4    3072    6401    6402    7855
    648    20    4    6401    6402    7855    6403
    656    20    4    6402    7855    6403    3073
    676    20    4    3077    6404    6405    6406
    680    20    4    6404    6405    6406    6407
    684    20    4    6405    6406    6407    6408
    688    20    4    6406    6407    6408    6409
    692    20    4    6407    6408    6409    7856
    696    20    4    6408    6409    7856    7857
    728    20    4    7858    7859    6410    6411
    732    20    4    7859    6410    6411    3078
    756    20    4    3083    6412    6413    6414
    760    20    4    6412    6413    6414    6415
    764    20    4    6413    6414    6415    6416
    768    20    4    6414    6415    6416    3084
    800    20    4    3085    6417    6418    6419
    804    20    4    6417    6418    6419    6420
    808    20    4    6418    6419    6420    6421
    812    20    4    6419    6420    6421    6422
    816    20    4    6420    6421    6422    6423
    820    20    4    6421    6422    6423    6424
    824    20    4    6422    6423    6424    6425
    828    20    4    6423    6424    6425    6426
    832    20    4    6424    6425    6426    6427
    836    20    4    6425    6426    6427    6428
    840    20    4    6426    6427    6428    6429
    844    20    4    6427    6428    6429    6430
    848    20    4    6428    6429    6430    6431
    852    20    4    6429    6430    6431    6432
    856    20    4    6430    6431    6432    6433
    860    20    4    6431    6432    6433    7860
    864    20    4    6432    6433    7860    7861
    576    24    4    7864    7865    6434    6435
    580    24    4    7865    6434    6435    3107
    640    24    4    3109    6436    6437    6438
    644    24    4    6436    6437    6438    6439
    648    24    4    6437    6438    6439    6440
    652    24    4    6438    6439    6440    6441
    656    24    4    6439    6440    6441    3110
    676    24    4    3114    6442    6443    7866
    680    24    4    6442    6443    7866    7867
    712    24    4    7868    7869    6444    6445
    716    24    4    7869    6444    6445    6446
    720    24    4    6444    6445    6446    6447
    724    24    4    6445    6446    6447    6448
    728    24    4    6446    6447    6448    3115
    752    24    4    3119    6449    6450    6451
    756    24    4    6449    6450    6451    3120
    800    24    4    3125    6452    6453    6454
    804    24    4    6452    6453    6454    7870
    808    24    4    6453    6454    7870    7871
    576    28    4    7864    7865    6455    6456
    580    28    4    7865    6455    6456    3152
    656    28    4    3159    6458    6459    3160
    680    28    4    3166    6460    7866    7867
    712    28    4    7868    7869    6461    6462
    716    28    4    7869    6461    6462    6463
    720    28    4    6461    6462    6463    6464
    724    28    4    6462    6463    6464    3167
    748    28    4    3170    6465    6466    3171
    800    28    4    3180    6467    6468    6469
    804    28    4    6467    6468    6469    7870
    808    28    4    6468    6469    7870    7871
    576    32    4    7881    7882    6470    6471
    580    32    4    7882    6470    6471    6472
    584    32    4    6470    6471    6472    3215
    680    32    4    3231    6475    7883    7884
    704    32    4    7884    7885    6476    6477
    708    32    4    7885    6476    6477    6478
    712    32    4    6476    6477    6478    6479
    716    32    4    6477    6478    6479    3232
    804    32    4    3248    6480    6481    7886
    808    32    4    6480    6481    7886    8458
    576    36    4    7881    7882    6482    6483
    580    36    4    7882    6482    6483    3273
    644    36    4    3276    6484    6485    6486
    648    36    4    6484    6485    6486    6487
    652    36    4    6485    6486    6487    3277
    680    36    4    3283    6489    7883    7884
    704    36    4    7884    7885    6490    6491
    708    36    4    7885    6490    6491    6492
    712    36    4    6490    6491    6492    3284
    804    36    4    3291    6494    6495    7886
    808    36    4    6494    6495    7886    8458
    568    40    4    7888    7889    6496    6497
    572    40    4    7889    6496    6497    6498
    576    40    4    6496    6497    6498    3311
    644    40    4    3314    6499    6500    6501
    648    40    4    6499    6500    6501    6502
    652    40    4    6500    6501    6502    3315
    668    40    4    3318    6503    6504    6505
    672    40    4    6503    6504    6505    6506
    676    40    4    6504    6505    6506    7890
    680    40    4    6505    6506    7890    6507
    688    40    4    6506    7890    6507    6508
    692    40    4    7890    6507    6508    6509
    696    40    4    6507    6508    6509    6510
    700    40    4    6508    6509    6510    6511
    704    40    4    6509    6510    6511    6512
    708    40    4    6510    6511    6512    3319
    804    40    4    3334    6514    6515    7891
    808    40    4    6514    6515    7891    8458
    568    44    4    7888    7889    6516    6517
    572    44    4    7889    6516    6517    3375
    644    44    4    3382    6518    6519    3383
    676    44    4    3391    6521    6522    7890
    680    44    4    6521    6522    7890    6523
    688    44    4    6522    7890    6523    3392
    736    44    4    3406    6525    6526    3407
    804    44    4    3418    6527    6528    7891
    808    44    4    6527    6528    7891    8458
    552    48    4    8464    7892    6529    6530
    556    48    4    7892    6529    6530    6531
    560    48    4    6529    6530    6531    6532
    564    48    4    6530    6531    6532    6533
    568    48    4    6531    6532    6533    3453
    640    48    4    3457    6534    6535    6536
    644    48    4    6534    6535    6536    3458
    676    48    4    3462    6537    6538    6539
    680    48    4    6537    6538    6539    6540
    684    48    4    6538    6539    6540    6541
    688    48    4    6539    6540    6541    3463
    724    48    4    3469    6542    6543    6544
    728    48    4    6542    6543    6544    6545
    732    48    4    6543    6544    6545    3470
    804    48    4    3475    6546    6547    7893
    808    48    4    6546    6547    7893    7894
    552    52    4    8464    7892    6548    6549
    556    52    4    7892    6548    6549    6550
    560    52    4    6548    6549    6550    6551
    564    52    4    6549    6550    6551    3500
    636    52    4    3504    6552    6553    6554
    640    52    4    6552    6553    6554    6555
    644    52    4    6553    6554    6555    3505
    680    52    4    3510    6556    6557    6558
    684    52    4    6556    6557    6558    6559
    688    52    4    6557    6558    6559    3511
    716    52    4    3514    6560    6561    6562
    720    52    4    6560    6561    6562    6563
    724    52    4    6561    6562    6563    6564
    728    52    4    6562    6563    6564    3515
    804    52    4    3525    6565    6566    7893
    808    52    4    6565    6566    7893    7894
    552    56    4    8464    7896    6567    6568
    556    56    4    7896    6567    6568    3550
    632    56    4    3555    6569    6570    6571
    636    56    4    6569    6570    6571    6572
    640    56    4    6570    6571    6572    6573
    644    56    4    6571    6572    6573    6574
    648    56    4    6572    6573    6574    3556
    680    56    4    3557    6575    6576    6577
    684    56    4    6575    6576    6577    3558
    716    56    4    3563    6578    6579    6580
    720    56    4    6578    6579    6580    6581
    724    56    4    6579    6580    6581    6582
    728    56    4    6580    6581    6582    3564
    792    56    4    3571    6583    6584    6585
    796    56    4    6583    6584    6585    6586
    800    56    4    6584    6585    6586    6587
    804    56    4    6585    6586    6587    6588
    808    56    4    6586    6587    6588    6589
    812    56    4    6587    6588    6589    7897
    816    56    4    6588    6589    7897    7898
    552    60    4    8464    7896    6590    6591
    556    60    4    7896    6590    6591    3595
    628    60    4    3603    6592    6593    6594
    632    60    4    6592    6593    6594    6595
    636    60    4    6593    6594    6595    6596
    640    60    4    6594    6595    6596    6597
    644    60    4    6595    6596    6597    3604
    680    60    4    3607    6598    6599    3608
    712    60    4    3612    6600    6601    6602
    716    60    4    6600    6601    6602    6603
    720    60    4    6601    6602    6603    6604
    724    60    4    6602    6603    6604    3613
    784    60    4    3620    6605    6606    6607
    788    60    4    6605    6606    6607    6608
    792    60    4    6606    6607    6608    6609
    796    60    4    6607    6608    6609    6610
    800    60    4    6608    6609    6610    6611
    804    60    4    6609    6610    6611    6612
    808    60    4    6610    6611    6612    6613
    812    60    4    6611    6612    6613    7897
    816    60    4    6612    6613    7897    7898
    552    64    4    7900    7901    6614    6615
    556    64    4    7901    6614    6615    3657
    624    64    4    3672    6616    6617    6618
    628    64    4    6616    6617    6618    6619
    632    64    4    6617    6618    6619    6620
    636    64    4    6618    6619    6620    6621
    640    64    4    6619    6620    6621    6622
    644    64    4    6620    6621    6622    3673
    712    64    4    3681    6624    6625    3682
    776    64    4    3689    6626    6627    6628
    780    64    4    6626    6627    6628    6629
    784    64    4    6627    6628    6629    6630
    788    64    4    6628    6629    6630    3690
    812    64    4    3696    6631    6632    7902
    816    64    4    6631    6632    7902    7903
    552    68    4    7900    7901    6633    6634
    556    68    4    7901    6633    6634    3753
    632    68    4    3781    6636    6637    6638
    636    68    4    6636    6637    6638    6639
    640    68    4    6637    6638    6639    6640
    644    68    4    6638    6639    6640    6641
    648    68    4    6639    6640    6641    3782
    772    68    4    3806    6643    6644    6645
    776    68    4    6643    6644    6645    6646
    780    68    4    6644    6645    6646    3807
    812    68    4    3812    6647    6648    7902
    816    68    4    6647    6648    7902    7903
    544    72    4    7904    7905    6649    6650
    548    72    4    7905    6649    6650    6651
    552    72    4    6649    6650    6651    3865
    576    72    4    3870    6652    6653    6654
    580    72    4    6652    6653    6654    6655
    584    72    4    6653    6654    6655    6656
    588    72    4    6654    6655    6656    3871
    640    72    4    3876    6657    7906    6658
    648    72    4    6657    7906    6658    3877
    664    72    4    3880    6659    6660    6661
    668    72    4    6659    6660    6661    3881
    816    72    4    3899    6665    7907    7908
    544    76    4    7904    7905    6666    6667
    548    76    4    7905    6666    6667    3932
    576    76    4    3937    6668    6669    6670
    580    76    4    6668    6669    6670    6671
    584    76    4    6669    6670    6671    6672
    588    76    4    6670    6671    6672    3938
    640    76    4    3943    6673    7906    6674
    648    76    4    6673    7906    6674    6675
    652    76    4    7906    6674    6675    6676
    656    76    4    6674    6675    6676    6677
    660    76    4    6675    6676    6677    6678
    664    76    4    6676    6677    6678    3944
    704    76    4    3948    6679    6680    3949
    816    76    4    3955    6681    7907    7908
    536    80    4    8472    7909    6682    6683
    540    80    4    7909    6682    6683    6684
    544    80    4    6682    6683    6684    3992
    572    80    4    3994    6685    6686    6687
    576    80    4    6685    6686    6687    3995
    640    80    4    4003    6689    6690    6691
    644    80    4    6689    6690    6691    6692
    648    80    4    6690    6691    6692    6693
    652    80    4    6691    6692    6693    6694
    656    80    4    6692    6693    6694    4004
    816    80    4    4024    6695    7910    7911
    536    84    4    8472    7909    6696    6697
    540    84    4    7909    6696    6697    4065
    572    84    4    4071    6698    6699    4072
    816    84    4    4105    6703    7910    7911
    536    88    4    8472    7912    6704    4148
    572    88    4    4159    6705    6706    4160
    784    88    4    4177    6707    6708    4178
    816    88    4    4180    6709    7913    7914
    536    92    4    8472    7912    6710    4207
    556    92    4    4212    6711    6712    6713
    560    92    4    6711    6712    6713    6714
    564    92    4    6712    6713    6714    6715
    568    92    4    6713    6714    6715    6716
    572    92    4    6714    6715    6716    4213
    816    92    4    4234    6718    7913    7914
    536    96    4    8475    7915    6719    6720
    540    96    4    7915    6719    6720    6721
    544    96    4    6719    6720    6721    6722
    548    96    4    6720    6721    6722    6723
    552    96    4    6721    6722    6723    6724
    556    96    4    6722    6723    6724    7916
    560    96    4    6723    6724    7916    6725
    568    96    4    6724    7916    6725    6726
    572    96    4    7916    6725    6726    4269
    812    96    4    4302    6728    6729    7917
    816    96    4    6728    6729    7917    7918
    536   100    4    8475    7915    6730    6731
    540   100    4    7915    6730    6731    6732
    544   100    4    6730    6731    6732    6733
    548   100    4    6731    6732    6733    6734
    552   100    4    6732    6733    6734    6735
    556   100    4    6733    6734    6735    7916
    560   100    4    6734    6735    7916    6736
    568   100    4    6735    7916    6736    6737
    572   100    4    7916    6736    6737    4326
    756   100    4    4343    6738    6739    6740
    760   100    4    6738    6739    6740    6741
    764   100    4    6739    6740    6741    6742
    768   100    4    6740    6741    6742    6743
    772   100    4    6741    6742    6743    6744
    776   100    4    6742    6743    6744    6745
    780   100    4    6743    6744    6745    4344
    808   100    4    4352    6746    6747    6748
    812   100    4    6746    6747    6748    7917
    816   100    4    6747    6748    7917    7918
    568   104    4    7922    7923    6749    6750
    572   104    4    7923    6749    6750    4369
    736   104    4    4384    6751    6752    4385
    752   104    4    4388    6753    6754    6755
    756   104    4    6753    6754    6755    7924
    760   104    4    6754    6755    7924    7925
    776   104    4    7924    7925    6756    6757
    780   104    4    7925    6756    6757    6758
    784   104    4    6756    6757    6758    6759
    788   104    4    6757    6758    6759    4389
    804   104    4    4392    6760    6761    7926
    808   104    4    6760    6761    7926    7927
    568   108    4    7922    7923    6762    6763
    572   108    4    7923    6762    6763    4406
    728   108    4    4423    6765    6766    6767
    732   108    4    6765    6766    6767    6768
    736   108    4    6766    6767    6768    6769
    740   108    4    6767    6768    6769    6770
    744   108    4    6768    6769    6770    6771
    748   108    4    6769    6770    6771    6772
    752   108    4    6770    6771    6772    6773
    756   108    4    6771    6772    6773    7924
    760   108    4    6772    6773    7924    7925
    776   108    4    7924    7925    6774    6775
    780   108    4    7925    6774    6775    6776
    784   108    4    6774    6775    6776    6777
    788   108    4    6775    6776    6777    6778
    792   108    4    6776    6777    6778    6779
    796   108    4    6777    6778    6779    6780
    800   108    4    6778    6779    6780    6781
    804   108    4    6779    6780    6781    7926
    808   108    4    6780    6781    7926    7927
    560   112    4    7931    7932    6782    6783
    564   112    4    7932    6782    6783    6784
    568   112    4    6782    6783    6784    6785
    572   112    4    6783    6784    6785    4437
    668   112    4    4446    6786    6787    6788
    672   112    4    6786    6787    6788    4447
    724   112    4    4456    6789    6790    6791
    728   112    4    6789    6790    6791    6792
    732   112    4    6790    6791    6792    7933
    736   112    4    6791    6792    7933    7934
    560   116    4    7931    7932    6793    6794
    564   116    4    7932    6793    6794    4493
    676   116    4    4512    6796    6797    6798
    680   116    4    6796    6797    6798    4513
    732   116    4    4531    6799    6800    7933
    736   116    4    6799    6800    7933    7934
    560   120    4    7945    7946    6801    4555
    656   120    4    4567    6803    6804    6805
    660   120    4    6803    6804    6805    4568
    676   120    4    4570    6806    6807    6808
    680   120    4    6806    6807    6808    6809
    684   120    4    6807    6808    6809    6810
    688   120    4    6808    6809    6810    6811
    692   120    4    6809    6810    6811    6812
    696   120    4    6810    6811    6812    6813
    700   120    4    6811    6812    6813    6814
    704   120    4    6812    6813    6814    4571
    732   120    4    4576    6815    6816    7947
    736   120    4    6815    6816    7947    7948
    560   124    4    7945    7946    6817    4592
    588   124    4    4593    6818    6819    4594
    652   124    4    4599    6820    6821    6822
    656   124    4    6820    6821    6822    6823
    660   124    4    6821    6822    6823    4600
    676   124    4    4603    6824    6825    6826
    680   124    4    6824    6825    6826    6827
    684   124    4    6825    6826    6827    6828
    688   124    4    6826    6827    6828    6829
    692   124    4    6827    6828    6829    6830
    696   124    4    6828    6829    6830    6831
    700   124    4    6829    6830    6831    6832
    704   124    4    6830    6831    6832    6833
    708   124    4    6831    6832    6833    4604
    732   124    4    4609    6834    6835    7947
    736   124    4    6834    6835    7947    7948
    544   128    4    7957    7958    6836    6837
    548   128    4    7958    6836    6837    6838
    552   128    4    6836    6837    6838    6839
    556   128    4    6837    6838    6839    6840
    560   128    4    6838    6839    6840    4621
    588   128    4    4622    6841    6842    6843
    592   128    4    6841    6842    6843    4623
    652   128    4    4628    6844    6845    6846
    656   128    4    6844    6845    6846    6847
    660   128    4    6845    6846    6847    6848
    664   128    4    6846    6847    6848    6849
    668   128    4    6847    6848    6849    6850
    672   128    4    6848    6849    6850    6851
    676   128    4    6849    6850    6851    6852
    680   128    4    6850    6851    6852    6853
    684   128    4    6851    6852    6853    6854
    688   128    4    6852    6853    6854    6855
    692   128    4    6853    6854    6855    6856
    696   128    4    6854    6855    6856    6857
    700   128    4    6855    6856    6857    6858
    704   128    4    6856    6857    6858    6859
    708   128    4    6857    6858    6859    6860
    712   128    4    6858    6859    6860    4629
    728   128    4    4632    6861    6862    6863
    732   128    4    6861    6862    6863    7959
    736   128    4    6862    6863    7959    7960
    544   132    4    7957    7958    6864    6865
    548   132    4    7958    6864    6865    6866
    552   132    4    6864    6865    6866    4658
    588   132    4    4662    6867    6868    6869
    592   132    4    6867    6868    6869    4663
    652   132    4    4667    6870    6871    4668
    672   132    4    4670    6872    6873    6874
    676   132    4    6872    6873    6874    4671
    696   132    4    4676    6875    6876    6877
    700   132    4    6875    6876    6877    6878
    704   132    4    6876    6877    6878    6879
    708   132    4    6877    6878    6879    6880
    712   132    4    6878    6879    6880    6881
    716   132    4    6879    6880    6881    6882
    720   132    4    6880    6881    6882    6883
    724   132    4    6881    6882    6883    6884
    728   132    4    6882    6883    6884    6885
    732   132    4    6883    6884    6885    7959
    736   132    4    6884    6885    7959    7960
    536   136    4    8490    7961    6886    6887
    540   136    4    7961    6886    6887    6888
    544   136    4    6886    6887    6888    4704
    588   136    4    4711    6889    6890    4712
    700   136    4    4724    6893    6894    7962
    704   136    4    6893    6894    7962    7963
    536   140    4    8490    7961    6895    6896
    540   140    4    7961    6895    6896    4754
    700   140    4    4773    6898    6899    7962
    704   140    4    6898    6899    7962    7963
    536   144    4    8501    7974    6900    6901
    540   144    4    7974    6900    6901    4787
    688   144    4    4796    6903    6904    6905
    692   144    4    6903    6904    6905    6906
    696   144    4    6904    6905    6906    6907
    700   144    4    6905    6906    6907    7975
    704   144    4    6906    6907    7975    7976
    536   148    4    8501    7974    6908    6909
    540   148    4    7974    6908    6909    4808
    684   148    4    4820    6911    6912    6913
    688   148    4    6911    6912    6913    6914
    692   148    4    6912    6913    6914    6915
    696   148    4    6913    6914    6915    6916
    700   148    4    6914    6915    6916    7975
    704   148    4    6915    6916    7975    7976
    400   152    4    7977    7978    6917    6918
    404   152    4    7978    6917    6918    6919
    408   152    4    6917    6918    6919    6920
    412   152    4    6918    6919    6920    6921
    416   152    4    6919    6920    6921    6922
    420   152    4    6920    6921    6922    7979
    424   152    4    6921    6922    7979    8498
    536   152    4    8501    7980    6923    6924
    540   152    4    7980    6923    6924    4832
    684   152    4    4843    6926    6927    7981
    688   152    4    6926    6927    7981    7982
    400   156    4    7977    7978    6928    6929
    404   156    4    7978    6928    6929    4857
    420   156    4    4860    6930    6931    7979
    424   156    4    6930    6931    7979    8498
    536   156    4    8501    7980    6932    6933
    540   156    4    7980    6932    6933    4861
    676   156    4    4872    6935    6936    6937
    680   156    4    6935    6936    6937    6938
    684   156    4    6936    6937    6938    7981
    688   156    4    6937    6938    7981    7982
    400   160    4    7985    7986    6939    4892
    424   160    4    4896    6940    7987    8525
    536   160    4    7989    7990    6941    6942
    540   160    4    7990    6941    6942    4897
    644   160    4    4900    6943    6944    6945
    648   160    4    6943    6944    6945    4901
    672   160    4    4908    6946    6947    6948
    676   160    4    6946    6947    6948    7991
    680   160    4    6947    6948    7991    7992
    400   164    4    7985    7986    6949    4920
    424   164    4    4924    6950    7987    8525
    536   164    4    7989    7990    6951    4925
    640   164    4    4928    6952    6953    6954
    644   164    4    6952    6953    6954    6955
    648   164    4    6953    6954    6955    6956
    652   164    4    6954    6955    6956    6957
    656   164    4    6955    6956    6957    6958
    660   164    4    6956    6957    6958    6959
    664   164    4    6957    6958    6959    6960
    668   164    4    6958    6959    6960    6961
    672   164    4    6959    6960    6961    6962
    676   164    4    6960    6961    6962    7991
    680   164    4    6961    6962    7991    7992
    400   168    4    7994    7995    6963    4936
    424   168    4    4940    6964    7996    8525
    528   168    4    7997    7998    6965    6966
    532   168    4    7998    6965    6966    6967
    536   168    4    6965    6966    6967    4941
    640   168    4    4945    6968    7999    8000
    400   172    4    7994    7995    6969    4956
    420   172    4    4961    6970    6971    7996
    424   172    4    6970    6971    7996    8525
    528   172    4    7997    7998    6972    6973
    532   172    4    7998    6972    6973    6974
    536   172    4    6972    6973    6974    4962
    636   172    4    4964    6975    6976    7999
    640   172    4    6975    6976    7999    8000
    400   176    4    8013    8014    6977    6978
    404   176    4    8014    6977    6978    6979
    408   176    4    6977    6978    6979    6980
    412   176    4    6978    6979    6980    6981
    416   176    4    6979    6980    6981    6982
    420   176    4    6980    6981    6982    8015
    424   176    4    6981    6982    8015    8543
    528   176    4    8016    8017    6983    6984
    532   176    4    8017    6983    6984    4972
    640   176    4    4975    6985    6986    6987
    644   176    4    6985    6986    6987    8018
    648   176    4    6986    6987    8018    8019
    400   180    4    8013    8014    6988    6989
    404   180    4    8014    6988    6989    6990
    408   180    4    6988    6989    6990    6991
    412   180    4    6989    6990    6991    6992
    416   180    4    6990    6991    6992    6993
    420   180    4    6991    6992    6993    8015
    424   180    4    6992    6993    8015    8543
    528   180    4    8016    8017    6994    6995
    532   180    4    8017    6994    6995    4978
    640   180    4    4979    6996    6997    6998
    644   180    4    6996    6997    6998    8018
    648   180    4    6997    6998    8018    8019
    528   184    4    8033    8034    6999    7000
    532   184    4    8034    6999    7000    4984
    644   184    4    4987    7001    7002    8035
    648   184    4    7001    7002    8035    8036
    528   188    4    8033    8034    7003    7004
    532   188    4    8034    7003    7004    4992
    648   188    4    4995    7005    8035    8036
    168   192    4    8553    8050    7006    7007
    172   192    4    8050    7006    7007    7008
    176   192    4    7006    7007    7008    7009
    180   192    4    7007    7008    7009    7010
    184   192    4    7008    7009    7010    7011
    188   192    4    7009    7010    7011    8051
    192   192    4    7010    7011    8051    8052
    520   192    4    8564    8053    7012    7013
    524   192    4    8053    7012    7013    7014
    528   192    4    7012    7013    7014    7015
    532   192    4    7013    7014    7015    4999
    648   192    4    5000    7016    7017    7018
    652   192    4    7016    7017    7018    8054
    656   192    4    7017    7018    8054    8055
    168   196    4    8553    8050    7019    7020
    172   196    4    8050    7019    7020    7021
    176   196    4    7019    7020    7021    7022
    180   196    4    7020    7021    7022    7023
    184   196    4    7021    7022    7023    7024
    188   196    4    7022    7023    7024    8051
    192   196    4    7023    7024    8051    8052
    520   196    4    8564    8053    7025    7026
    524   196    4    8053    7025    7026    5010
    652   196    4    5016    7027    7028    8054
    656   196    4    7027    7028    8054    8055
    168   200    4    8553    8070    7029    7030
    172   200    4    8070    7029    7030    5026
    188   200    4    5029    7031    7032    8071
    192   200    4    7031    7032    8071    8072
    520   200    4    8564    8073    7033    7034
    524   200    4    8073    7033    7034    5030
    652   200    4    5036    7035    7036    8074
    656   200    4    7035    7036    8074    8075
    168   204    4    8553    8070    7037    7038
    172   204    4    8070    7037    7038    5047
    188   204    4    5050    7039    7040    8071
    192   204    4    7039    7040    8071    8072
    520   204    4    8564    8073    7041    7042
    524   204    4    8073    7041    7042    5051
    648   204    4    5058    7043    7044    7045
    652   204    4    7043    7044    7045    8074
    656   204    4    7044    7045    8074    8075
     40   208    4    8569    8078    7046    7047
     44   208    4    8078    7046    7047    7048
     48   208    4    7046    7047    7048    7049
     52   208    4    7047    7048    7049    7050
     56   208    4    7048    7049    7050    7051
     60   208    4    7049    7050    7051    8079
     64   208    4    7050    7051    8079    8080
     88   208    4    8080    8081    7052    7053
     92   208    4    8081    7052    7053    7054
     96   208    4    7052    7053    7054    7055
    100   208    4    7053    7054    7055    7056
    104   208    4    7054    7055    7056    7057
    108   208    4    7055    7056    7057    8082
    112   208    4    7056    7057    8082    8083
    168   208    4    8571    8084    7058    7059
    172   208    4    8084    7058    7059    7060
    176   208    4    7058    7059    7060    7061
    180   208    4    7059    7060    7061    7062
    184   208    4    7060    7061    7062    7063
    188   208    4    7061    7062    7063    8085
    192   208    4    7062    7063    8085    8086
    520   208    4    8582    8087    7064    7065
    524   208    4    8087    7064    7065    5067
    648   208    4    5071    7066    7067    7068
    652   208    4    7066    7067    7068    7069
    656   208    4    7067    7068    7069    7070
    660   208    4    7068    7069    7070    7071
    664   208    4    7069    7070    7071    7072
    668   208    4    7070    7071    7072    7073
    672   208    4    7071    7072    7073    7074
    676   208    4    7072    7073    7074    8088
    680   208    4    7073    7074    8088    8089
     40   212    4    8569    8078    7075    7076
     44   212    4    8078    7075    7076    7077
     48   212    4    7075    7076    7077    7078
     52   212    4    7076    7077    7078    7079
     56   212    4    7077    7078    7079    7080
     60   212    4    7078    7079    7080    8079
     64   212    4    7079    7080    8079    8080
     88   212    4    8080    8081    7081    7082
     92   212    4    8081    7081    7082    7083
     96   212    4    7081    7082    7083    7084
    100   212    4    7082    7083    7084    7085
    104   212    4    7083    7084    7085    7086
    108   212    4    7084    7085    7086    8082
    112   212    4    7085    7086    8082    8083
    168   212    4    8571    8084    7087    7088
    172   212    4    8084    7087    7088    7089
    176   212    4    7087    7088    7089    7090
    180   212    4    7088    7089    7090    7091
    184   212    4    7089    7090    7091    7092
    188   212    4    7090    7091    7092    8085
    192   212    4    7091    7092    8085    8086
    520   212    4    8582    8087    7093    5079
    652   212    4    5082    7094    7095    7096
    656   212    4    7094    7095    7096    7097
    660   212    4    7095    7096    7097    7098
    664   212    4    7096    7097    7098    7099
    668   212    4    7097    7098    7099    7100
    672   212    4    7098    7099    7100    7101
    676   212    4    7099    7100    7101    8088
    680   212    4    7100    7101    8088    8089
     40   216    4    8569    8091    7102    7103
     44   216    4    8091    7102    7103    5105
     60   216    4    5108    7104    7105    8092
     64   216    4    7104    7105    8092    8093
     88   216    4    8093    8094    7106    7107
     92   216    4    8094    7106    7107    5109
    108   216    4    5112    7108    7109    8095
    112   216    4    7108    7109    8095    8096
    520   216    4    8582    8103    7110    5113
    676   216    4    5122    7112    7113    7114
    680   216    4    7112    7113    7114    7115
    684   216    4    7113    7114    7115    8104
    688   216    4    7114    7115    8104    8105
     40   220    4    8569    8091    7116    7117
     44   220    4    8091    7116    7117    5145
     60   220    4    5147    7118    7119    8092
     64   220    4    7118    7119    8092    8093
     88   220    4    8093    8094    7120    7121
     92   220    4    8094    7120    7121    5148
    112   220    4    5152    7122    8095    8096
    520   220    4    8582    8103    7123    7124
    524   220    4    8103    7123    7124    5153
    680   220    4    5167    7125    7126    7127
    684   220    4    7125    7126    7127    8104
    688   220    4    7126    7127    8104    8105
     40   224    4    8107    8108    7128    7129
     44   224    4    8108    7128    7129    5188
     60   224    4    5191    7130    7131    8109
     64   224    4    7130    7131    8109    8110
     80   224    4    8109    8110    7132    7133
     84   224    4    8110    7132    7133    7134
     88   224    4    7132    7133    7134    7135
     92   224    4    7133    7134    7135    7136
     96   224    4    7134    7135    7136    5192
    112   224    4    5195    7137    8111    8112
    520   224    4    8592    8119    7138    5196
    560   224    4    5200    7139    7140    5201
    684   224    4    5205    7141    7142    8120
    688   224    4    7141    7142    8120    8121
     40   228    4    8107    8108    7143    7144
     44   228    4    8108    7143    7144    7145
     48   228    4    7143    7144    7145    7146
     52   228    4    7144    7145    7146    7147
     56   228    4    7145    7146    7147    7148
     60   228    4    7146    7147    7148    8109
     64   228    4    7147    7148    8109    8110
     80   228    4    8109    8110    7149    7150
     84   228    4    8110    7149    7150    7151
     88   228    4    7149    7150    7151    7152
     92   228    4    7150    7151    7152    7153
     96   228    4    7151    7152    7153    7154
    100   228    4    7152    7153    7154    7155
    104   228    4    7153    7154    7155    7156
    108   228    4    7154    7155    7156    8111
    112   228    4    7155    7156    8111    8112
    520   228    4    8592    8119    7157    5219
    556   228    4    5224    7158    7159    5225
    688   228    4    5232    7160    8120    8121
     40   232    4    8123    8124    7161    7162
     44   232    4    8124    7161    7162    7163
     48   232    4    7161    7162    7163    7164
     52   232    4    7162    7163    7164    7165
     56   232    4    7163    7164    7165    7166
     60   232    4    7164    7165    7166    7167
     64   232    4    7165    7166    7167    7168
     68   232    4    7166    7167    7168    7169
     72   232    4    7167    7168    7169    7170
     76   232    4    7168    7169    7170    7171
     80   232    4    7169    7170    7171    5243
     96   232    4    5246    7172    8125    8126
    208   232    4    8129    8130    7173    7174
    212   232    4    8130    7173    7174    7175
    216   232    4    7173    7174    7175    7176
    220   232    4    7174    7175    7176    7177
    224   232    4    7175    7176    7177    7178
    228   232    4    7176    7177    7178    8131
    232   232    4    7177    7178    8131    8590
    520   232    4    8592    8132    7179    7180
    524   232    4    8132    7179    7180    5247
    552   232    4    5248    7181    7182    7183
    556   232    4    7181    7182    7183    5249
    688   232    4    5253    7184    8133    8134
     40   236    4    8123    8124    7185    7186
     44   236    4    8124    7185    7186    7187
     48   236    4    7185    7186    7187    7188
     52   236    4    7186    7187    7188    7189
     56   236    4    7187    7188    7189    5274
     76   236    4    5277    7190    7191    7192
     80   236    4    7190    7191    7192    5278
     96   236    4    5281    7193    8125    8126
    208   236    4    8129    8130    7194    7195
    212   236    4    8130    7194    7195    5282
    228   236    4    5284    7196    7197    8131
    232   236    4    7196    7197    8131    8590
    520   236    4    8592    8132    7198    7199
    524   236    4    8132    7198    7199    5285
    552   236    4    5289    7200    7201    7202
    556   236    4    7200    7201    7202    5290
    688   236    4    5293    7203    8133    8134
     32   240    4    8135    8136    7204    7205
     36   240    4    8136    7204    7205    7206
     40   240    4    7204    7205    7206    5318
     56   240    4    5321    7207    7208    5322
     76   240    4    5327    7209    7210    7211
     80   240    4    7209    7210    7211    7212
     84   240    4    7210    7211    7212    7213
     88   240    4    7211    7212    7213    7214
     92   240    4    7212    7213    7214    8137
     96   240    4    7213    7214    8137    8138
    208   240    4    8141    8142    7215    7216
    212   240    4    8142    7215    7216    5328
    228   240    4    5331    7217    7218    8143
    232   240    4    7217    7218    8143    8600
    520   240    4    8602    8144    7219    7220
    524   240    4    8144    7219    7220    7221
    528   240    4    7219    7220    7221    5332
    552   240    4    5339    7222    7223    7224
    556   240    4    7222    7223    7224    5340
    688   240    4    5344    7225    7226    7227
    692   240    4    7225    7226    7227    8145
    696   240    4    7226    7227    8145    8146
     32   244    4    8135    8136    7228    5358
     56   244    4    5364    7229    7230    7231
     60   244    4    7229    7230    7231    7232
     64   244    4    7230    7231    7232    7233
     68   244    4    7231    7232    7233    7234
     72   244    4    7232    7233    7234    7235
     76   244    4    7233    7234    7235    7236
     80   244    4    7234    7235    7236    7237
     84   244    4    7235    7236    7237    7238
     88   244    4    7236    7237    7238    7239
     92   244    4    7237    7238    7239    8137
     96   244    4    7238    7239    8137    8138
    208   244    4    8141    8142    7240    7241
    212   244    4    8142    7240    7241    7242
    216   244    4    7240    7241    7242    7243
    220   244    4    7241    7242    7243    7244
    224   244    4    7242    7243    7244    7245
    228   244    4    7243    7244    7245    8143
    232   244    4    7244    7245    8143    8600
    520   244    4    8602    8144    7246    7247
    524   244    4    8144    7246    7247    7248
    528   244    4    7246    7247    7248    7249
    532   244    4    7247    7248    7249    7250
    536   244    4    7248    7249    7250    7251
    540   244    4    7249    7250    7251    7252
    544   244    4    7250    7251    7252    7253
    548   244    4    7251    7252    7253    7254
    552   244    4    7252    7253    7254    7255
    556   244    4    7253    7254    7255    5365
    692   244    4    5369    7256    7257    8145
    696   244    4    7256    7257    8145    8146
     32   248    4    8148    8149    7258    5379
     48   248    4    5381    7259    7260    7261
     52   248    4    7259    7260    7261    8150
     56   248    4    7260    7261    8150    8151
     96   248    4    8153    8154    7262    7263
    100   248    4    8154    7262    7263    7264
    104   248    4    7262    7263    7264    7265
    108   248    4    7263    7264    7265    7266
    112   248    4    7264    7265    7266    7267
    116   248    4    7265    7266    7267    8155
    120   248    4    7266    7267    8155    8596
    552   248    4    8165    8166    7268    5382
    692   248    4    5386    7269    7270    8167
    696   248    4    7269    7270    8167    8168
     32   252    4    8148    8149    7271    5399
     48   252    4    5402    7272    7273    7274
     52   252    4    7272    7273    7274    8150
     56   252    4    7273    7274    8150    8151
     96   252    4    8153    8154    7275    7276
    100   252    4    8154    7275    7276    5403
    116   252    4    5406    7277    7278    8155
    120   252    4    7277    7278    8155    8596
    552   252    4    8165    8166    7279    5407
    692   252    4    5410    7280    7281    8167
    696   252    4    7280    7281    8167    8168
     32   256    4    8170    8171    7282    7283
     36   256    4    8171    7282    7283    7284
     40   256    4    7282    7283    7284    7285
     44   256    4    7283    7284    7285    8172
     48   256    4    7284    7285    8172    8173
     72   256    4    8173    8174    7286    7287
     76   256    4    8174    7286    7287    7288
     80   256    4    7286    7287    7288    7289
     84   256    4    7287    7288    7289    7290
     88   256    4    7288    7289    7290    7291
     92   256    4    7289    7290    7291    7292
     96   256    4    7290    7291    7292    7293
    100   256    4    7291    7292    7293    5419
    116   256    4    5422    7294    7295    8175
    120   256    4    7294    7295    8175    8605
    552   256    4    8616    8176    7296    7297
    556   256    4    8176    7296    7297    5423
    696   256    4    5426    7298    7299    7300
    700   256    4    7298    7299    7300    8177
    704   256    4    7299    7300    8177    8178
     32   260    4    8170    8171    7301    7302
     36   260    4    8171    7301    7302    7303
     40   260    4    7301    7302    7303    7304
     44   260    4    7302    7303    7304    8172
     48   260    4    7303    7304    8172    8173
     72   260    4    8173    8174    7305    7306
     76   260    4    8174    7305    7306    7307
     80   260    4    7305    7306    7307    7308
     84   260    4    7306    7307    7308    7309
     88   260    4    7307    7308    7309    7310
     92   260    4    7308    7309    7310    7311
     96   260    4    7309    7310    7311    7312
    100   260    4    7310    7311    7312    7313
    104   260    4    7311    7312    7313    7314
    108   260    4    7312    7313    7314    7315
    112   260    4    7313    7314    7315    7316
    116   260    4    7314    7315    7316    8175
    120   260    4    7315    7316    8175    8605
    552   260    4    8616    8176    7317    7318
    556   260    4    8176    7317    7318    5432
    700   260    4    5436    7319    7320    8177
    704   260    4    7319    7320    8177    8178
     72   264    4    8184    8185    7321    7322
     76   264    4    8185    7321    7322    5445
     92   264    4    5447    7323    7324    8186
     96   264    4    7323    7324    8186    8187
    552   264    4    8616    8190    7325    7326
    556   264    4    8190    7325    7326    5448
    700   264    4    5451    7327    7328    8191
    704   264    4    7327    7328    8191    8192
     72   268    4    8184    8185    7329    7330
     76   268    4    8185    7329    7330    5460
     92   268    4    5463    7331    7332    8186
     96   268    4    7331    7332    8186    8187
    552   268    4    8616    8190    7333    7334
    556   268    4    8190    7333    7334    5464
    700   268    4    5468    7335    7336    8191
    704   268    4    7335    7336    8191    8192
     24   272    4    8618    8193    7337    7338
     28   272    4    8193    7337    7338    7339
     32   272    4    7337    7338    7339    7340
     36   272    4    7338    7339    7340    7341
     40   272    4    7339    7340    7341    7342
     44   272    4    7340    7341    7342    8194
     48   272    4    7341    7342    8194    8195
     72   272    4    8195    8196    7343    5478
     88   272    4    5481    7344    7345    7346
     92   272    4    7344    7345    7346    8197
     96   272    4    7345    7346    8197    8198
    552   272    4    8631    8199    7347    7348
    556   272    4    8199    7347    7348    7349
    560   272    4    7347    7348    7349    5482
    704   272    4    5487    7350    8200    8201
     24   276    4    8618    8193    7351    7352
     28   276    4    8193    7351    7352    7353
     32   276    4    7351    7352    7353    7354
     36   276    4    7352    7353    7354    7355
     40   276    4    7353    7354    7355    7356
     44   276    4    7354    7355    7356    8194
     48   276    4    7355    7356    8194    8195
     72   276    4    8195    8196    7357    5494
     88   276    4    5497    7358    7359    7360
     92   276    4    7358    7359    7360    8197
     96   276    4    7359    7360    8197    8198
    552   276    4    8631    8199    7361    7362
    556   276    4    8199    7361    7362    7363
    560   276    4    7361    7362    7363    7364
    564   276    4    7362    7363    7364    5498
    704   276    4    5500    7365    8200    8201
     24   280    4    8618    8202    7366    5510
     44   280    4    5512    7367    7368    8203
     48   280    4    7367    7368    8203    8204
     72   280    4    8204    8205    7369    7370
     76   280    4    8205    7369    7370    7371
     80   280    4    7369    7370    7371    7372
     84   280    4    7370    7371    7372    8206
     88   280    4    7371    7372    8206    8207
    560   280    4    8209    8210    7373    7374
    564   280    4    8210    7373    7374    5513
    704   280    4    5515    7375    8211    8212
     24   284    4    8618    8202    7376    5529
     44   284    4    5534    7377    7378    8203
     48   284    4    7377    7378    8203    8204
     72   284    4    8204    8205    7379    7380
     76   284    4    8205    7379    7380    7381
     80   284    4    7379    7380    7381    7382
     84   284    4    7380    7381    7382    8206
     88   284    4    7381    7382    8206    8207
    560   284    4    8209    8210    7383    5535
    704   284    4    5542    7384    8211    8212
     24   288    4    8633    8213    7385    7386
     28   288    4    8213    7385    7386    7387
     32   288    4    7385    7386    7387    7388
     36   288    4    7386    7387    7388    7389
     40   288    4    7387    7388    7389    7390
     44   288    4    7388    7389    7390    8214
     48   288    4    7389    7390    8214    8215
    560   288    4    8220    8221    7391    5548
    700   288    4    5551    7392    7393    8222
    704   288    4    7392    7393    8222    8223
     24   292    4    8633    8213    7394    7395
     28   292    4    8213    7394    7395    7396
     32   292    4    7394    7395    7396    7397
     36   292    4    7395    7396    7397    7398
     40   292    4    7396    7397    7398    7399
     44   292    4    7397    7398    7399    8214
     48   292    4    7398    7399    8214    8215
    560   292    4    8220    8221    7400    5557
    700   292    4    5560    7401    7402    8222
    704   292    4    7401    7402    8222    8223
    560   296    4    8234    8235    7403    5567
    700   296    4    5576    7404    7405    8236
    704   296    4    7404    7405    8236    8237
    560   300    4    8234    8235    7406    7407
    564   300    4    8235    7406    7407    5581
    688   300    4    5584    7408    7409    7410
    692   300    4    7408    7409    7410    7411
    696   300    4    7409    7410    7411    7412
    700   300    4    7410    7411    7412    8236
    704   300    4    7411    7412    8236    8237
    552   304    4    8648    8238    7413    7414
    556   304    4    8238    7413    7414    7415
    560   304    4    7413    7414    7415    5589
    684   304    4    5591    7416    7417    8239
    688   304    4    7416    7417    8239    8240
    552   308    4    8648    8238    7418    7419
    556   308    4    8238    7418    7419    5597
    684   308    4    5600    7420    7421    8239
    688   308    4    7420    7421    8239    8240
    552   312    4    8648    8243    7422    7423
    556   312    4    8243    7422    7423    5605
    684   312    4    5608    7424    7425    8244
    688   312    4    7424    7425    8244    8245
    552   316    4    8648    8243    7426    7427
    556   316    4    8243    7426    7427    5614
    684   316    4    5619    7428    7429    8244
    688   316    4    7428    7429    8244    8245
    552   320    4    8653    8248    7430    7431
    556   320    4    8248    7430    7431    7432
    560   320    4    7430    7431    7432    5626
    684   320    4    5630    7433    7434    8249
    688   320    4    7433    7434    8249    8250
    552   324    4    8653    8248    7435    7436
    556   324    4    8248    7435    7436    7437
    560   324    4    7435    7436    7437    5636
    684   324    4    5641    7438    7439    8249
    688   324    4    7438    7439    8249    8250
    560   328    4    8251    8252    7440    7441
    564   328    4    8252    7440    7441    5645
    684   328    4    5647    7442    7443    8253
    688   328    4    7442    7443    8253    8254
    560   332    4    8251    8252    7444    7445
    564   332    4    8252    7444    7445    5651
    684   332    4    5654    7446    7447    8253
    688   332    4    7446    7447    8253    8254
    560   336    4    8255    8256    7448    7449
    564   336    4    8256    7448    7449    5659
    684   336    4    5662    7450    7451    8257
    688   336    4    7450    7451    8257    8258
    560   340    4    8255    8256    7452    7453
    564   340    4    8256    7452    7453    5667
    684   340    4    5670    7454    7455    8257
    688   340    4    7454    7455    8257    8258
    560   344    4    8259    8260    7456    7457
    564   344    4    8260    7456    7457    5677
    688   344    4    5681    7458    7459    7460
    692   344    4    7458    7459    7460    8261
    696   344    4    7459    7460    8261    8660
    560   348    4    8259    8260    7461    7462
    564   348    4    8260    7461    7462    7463
    568   348    4    7461    7462    7463    5687
    692   348    4    5690    7464    7465    8261
    696   348    4    7464    7465    8261    8660
    568   352    4    8263    8264    7466    5695
    692   352    4    5704    7467    7468    8265
    696   352    4    7467    7468    8265    8670
    568   356    4    8263    8264    7469    7470
    572   356    4    8264    7469    7470    5715
    660   356    4    5723    7471    7472    5724
    692   356    4    5727    7473    7474    8265
    696   356    4    7473    7474    8265    8670
    568   360    4    8267    8268    7475    7476
    572   360    4    8268    7475    7476    5737
    648   360    4    5742    7477    7478    7479
    652   360    4    7477    7478    7479    7480
    656   360    4    7478    7479    7480    7481
    660   360    4    7479    7480    7481    7482
    664   360    4    7480    7481    7482    5743
    692   360    4    5748    7483    7484    8269
    696   360    4    7483    7484    8269    8670
    568   364    4    8267    8268    7485    7486
    572   364    4    8268    7485    7486    5756
    640   364    4    5761    7487    7488    7489
    644   364    4    7487    7488    7489    7490
    648   364    4    7488    7489    7490    7491
    652   364    4    7489    7490    7491    7492
    656   364    4    7490    7491    7492    7493
    660   364    4    7491    7492    7493    7494
    664   364    4    7492    7493    7494    5762
    688   364    4    5764    7495    7496    7497
    692   364    4    7495    7496    7497    8269
    696   364    4    7496    7497    8269    8670
    568   368    4    8680    8270    7498    7499
    572   368    4    8270    7498    7499    5777
    632   368    4    5788    7500    7501    7502
    636   368    4    7500    7501    7502    8271
    640   368    4    7501    7502    8271    8272
    664   368    4    8272    8273    7503    5789
    688   368    4    5794    7504    8274    8275
    568   372    4    8680    8270    7505    7506
    572   372    4    8270    7505    7506    7507
    576   372    4    7505    7506    7507    7508
    580   372    4    7506    7507    7508    7509
    584   372    4    7507    7508    7509    5806
    628   372    4    5821    7510    7511    7512
    632   372    4    7510    7511    7512    7513
    636   372    4    7511    7512    7513    8271
    640   372    4    7512    7513    8271    8272
    664   372    4    8272    8273    7514    5822
    680   372    4    5825    7515    7516    7517
    684   372    4    7515    7516    7517    8274
    688   372    4    7516    7517    8274    8275
    584   376    4    8277    8278    7518    5832
    604   376    4    5837    7519    7520    7521
    608   376    4    7519    7520    7521    7522
    612   376    4    7520    7521    7522    7523
    616   376    4    7521    7522    7523    7524
    620   376    4    7522    7523    7524    7525
    624   376    4    7523    7524    7525    7526
    628   376    4    7524    7525    7526    7527
    632   376    4    7525    7526    7527    7528
    636   376    4    7526    7527    7528    8279
    640   376    4    7527    7528    8279    7529
    648   376    4    7528    8279    7529    7530
    652   376    4    8279    7529    7530    7531
    656   376    4    7529    7530    7531    7532
    660   376    4    7530    7531    7532    7533
    664   376    4    7531    7532    7533    7534
    668   376    4    7532    7533    7534    7535
    672   376    4    7533    7534    7535    7536
    676   376    4    7534    7535    7536    8280
    680   376    4    7535    7536    8280    8281
    584   380    4    8277    8278    7537    7538
    588   380    4    8278    7537    7538    7539
    592   380    4    7537    7538    7539    7540
    596   380    4    7538    7539    7540    7541
    600   380    4    7539    7540    7541    7542
    604   380    4    7540    7541    7542    7543
    608   380    4    7541    7542    7543    7544
    612   380    4    7542    7543    7544    7545
    616   380    4    7543    7544    7545    7546
    620   380    4    7544    7545    7546    7547
    624   380    4    7545    7546    7547    7548
    628   380    4    7546    7547    7548    7549
    632   380    4    7547    7548    7549    7550
    636   380    4    7548    7549    7550    8279
    640   380    4    7549    7550    8279    7551
    648   380    4    7550    8279    7551    5842
    664   380    4    5845    7552    7553    7554
    668   380    4    7552    7553    7554    7555
    672   380    4    7553    7554    7555    7556
    676   380    4    7554    7555    7556    8280
    680   380    4    7555    7556    8280    8281
    608   384    4    8289    8290    7557    7558
    612   384    4    8290    7557    7558    5860
    640   384    4    5865    7559    8291    7560
    648   384    4    7559    8291    7560    5866
    668   384    4    5869    7561    7562    8292
    672   384    4    7561    7562    8292    8293
    608   388    4    8289    8290    7563    7564
    612   388    4    8290    7563    7564    5876
    640   388    4    5883    7565    8291    7566
    648   388    4    7565    8291    7566    5884
    672   388    4    5887    7567    8292    8293
    608   392    4    8302    8303    7568    7569
    612   392    4    8303    7568    7569    5900
    636   392    4    5907    7570    7571    8304
    640   392    4    7570    7571    8304    7572
    648   392    4    7571    8304    7572    5908
    672   392    4    5911    7573    7574    7575
    676   392    4    7573    7574    7575    7576
    680   392    4    7574    7575    7576    7577
    684   392    4    7575    7576    7577    8305
    688   392    4    7576    7577    8305    8306
    608   396    4    8302    8303    7578    5927
    628   396    4    5930    7579    7580    7581
    632   396    4    7579    7580    7581    7582
    636   396    4    7580    7581    7582    8304
    640   396    4    7581    7582    8304    7583
    648   396    4    7582    8304    7583    5931
    684   396    4    5942    7585    7586    8305
    688   396    4    7585    7586    8305    8306
     56   400    4    8692    8309    7587    7588
     60   400    4    8309    7587    7588    7589
     64   400    4    7587    7588    7589    7590
     68   400    4    7588    7589    7590    8310
     72   400    4    7589    7590    8310    8693
    608   400    4    8311    8312    7591    5950
    628   400    4    5953    7592    7593    7594
    632   400    4    7592    7593    7594    7595
    636   400    4    7593    7594    7595    7596
    640   400    4    7594    7595    7596    7597
    644   400    4    7595    7596    7597    7598
    648   400    4    7596    7597    7598    7599
    652   400    4    7597    7598    7599    7600
    656   400    4    7598    7599    7600    7601
    660   400    4    7599    7600    7601    7602
    664   400    4    7600    7601    7602    7603
    668   400    4    7601    7602    7603    5954
    684   400    4    5957    7604    7605    8313
    688   400    4    7604    7605    8313    8314
     56   404    4    8692    8309    7606    7607
     60   404    4    8309    7606    7607    7608
     64   404    4    7606    7607    7608    7609
     68   404    4    7607    7608    7609    8310
     72   404    4    7608    7609    8310    8693
    608   404    4    8311    8312    7610    5962
    628   404    4    5965    7611    7612    7613
    632   404    4    7611    7612    7613    7614
    636   404    4    7612    7613    7614    7615
    640   404    4    7613    7614    7615    7616
    644   404    4    7614    7615    7616    7617
    648   404    4    7615    7616    7617    7618
    652   404    4    7616    7617    7618    7619
    656   404    4    7617    7618    7619    7620
    660   404    4    7618    7619    7620    7621
    664   404    4    7619    7620    7621    7622
    668   404    4    7620    7621    7622    7623
    672   404    4    7621    7622    7623    7624
    676   404    4    7622    7623    7624    7625
    680   404    4    7623    7624    7625    7626
    684   404    4    7624    7625    7626    8313
    688   404    4    7625    7626    8313    8314
     56   408    4    8692    8317    7627    5984
     72   408    4    5986    7628    8318    8693
    608   408    4    8319    8320    7629    5987
    644   408    4    6000    7630    7631    8321
    648   408    4    7630    7631    8321    8322
     56   412    4    8692    8317    7632    6008
     72   412    4    6011    7633    8318    8693
    608   412    4    8319    8320    7634    7635
    612   412    4    8320    7634    7635    7636
    616   412    4    7634    7635    7636    7637
    620   412    4    7635    7636    7637    6012
    644   412    4    6013    7638    7639    8321
    648   412    4    7638    7639    8321    8322
      0   416    4    8943    8943    7640    7641
      4   416    4    8943    7640    7641    8328
      8   416    4    7640    7641    8328    8329
     56   416    4    8699    8331    7642    7643
     60   416    4    8331    7642    7643    7644
     64   416    4    7642    7643    7644    7645
     68   416    4    7643    7644    7645    8332
     72   416    4    7644    7645    8332    8700
    616   416    4    8334    8335    7646    6018
    644   416    4    6020    7647    7648    7649
    648   416    4    7647    7648    7649    7650
    652   416    4    7648    7649    7650    7651
    656   416    4    7649    7650    7651    7652
    660   416    4    7650    7651    7652    7653
    664   416    4    7651    7652    7653    7654
    668   416    4    7652    7653    7654    8336
    672   416    4    7653    7654    8336    8337
      0   420    4    8943    8943    7655    7656
      4   420    4    8943    7655    7656    8328
      8   420    4    7655    7656    8328    8329
     56   420    4    8699    8331    7657    7658
     60   420    4    8331    7657    7658    7659
     64   420    4    7657    7658    7659    7660
     68   420    4    7658    7659    7660    8332
     72   420    4    7659    7660    8332    8700
    616   420    4    8334    8335    7661    6036
    644   420    4    6044    7662    7663    7664
    648   420    4    7662    7663    7664    7665
    652   420    4    7663    7664    7665    6045
    672   420    4    6050    7666    8336    8337
      0   424    4    8943    8943    7667    7668
      4   424    4    8943    7667    7668    7669
      8   424    4    7667    7668    7669    7670
     12   424    4    7668    7669    7670    8338
     16   424    4    7669    7670    8338    8339
    616   424    4    8345    8346    7671    7672
    620   424    4    8346    7671    7672    7673
    624   424    4    7671    7672    7673    7674
    628   424    4    7672    7673    7674    6059
    644   424    4    6062    7675    7676    7677
    648   424    4    7675    7676    7677    7678
    652   424    4    7676    7677    7678    6063
    672   424    4    6064    7679    8347    8348
      8   428    4    6070    7680    7681    7682
     12   428    4    7680    7681    7682    8338
     16   428    4    7681    7682    8338    8339
    616   428    4    8345    8346    7683    7684
    620   428    4    8346    7683    7684    7685
    624   428    4    7683    7684    7685    7686
    628   428    4    7684    7685    7686    7687
    632   428    4    7685    7686    7687    7688
    636   428    4    7686    7687    7688    7689
    640   428    4    7687    7688    7689    7690
    644   428    4    7688    7689    7690    7691
    648   428    4    7689    7690    7691    7692
    652   428    4    7690    7691    7692    6071
    672   428    4    6074    7693    8347    8348
     16   432    4    6087    7694    8349    8350
    648   432    4    8354    8355    7695    7696
    652   432    4    8355    7695    7696    6088
    672   432    4    6093    7697    8356    8357
     16   436    4    6098    7698    8349    8350
    648   436    4    8354    8355    7699    7700
    652   436    4    8355    7699    7700    7701
    656   436    4    7699    7700    7701    7702
    660   436    4    7700    7701    7702    7703
    664   436    4    7701    7702    7703    7704
    668   436    4    7702    7703    7704    8356
    672   436    4    7703    7704    8356    8357
     12   440    4    6100    7705    7706    8360
     16   440    4    7705    7706    8360    8361
    664   440    4    8367    8368    7707    7708
    668   440    4    8368    7707    7708    7709
    672   440    4    7707    7708    7709    7710
    676   440    4    7708    7709    7710    8369
    680   440    4    7709    7710    8369    8370
     12   444    4    6103    7711    7712    8360
     16   444    4    7711    7712    8360    8361
    664   444    4    8367    8368    7713    7714
    668   444    4    8368    7713    7714    7715
    672   444    4    7713    7714    7715    7716
    676   444    4    7714    7715    7716    8369
    680   444    4    7715    7716    8369    8370
     12   448    4    6111    7717    7718    8372
     16   448    4    7717    7718    8372    8373
    664   448    4    8377    8378    7719    6112
    680   448    4    6115    7720    7721    7722
    684   448    4    7720    7721    7722    8379
    688   448    4    7721    7722    8379    8380
     12   452    4    6126    7723    7724    8372
     16   452    4    7723    7724    8372    8373
    664   452    4    8377    8378    7725    6127
    684   452    4    6130    7726    7727    8379
    688   452    4    7726    7727    8379    8380
      8   456    4    6139    7728    7729    7730
     12   456    4    7728    7729    7730    8381
     16   456    4    7729    7730    8381    8382
    664   456    4    8386    8387    7731    6140
    684   456    4    6145    7732    7733    8388
    688   456    4    7732    7733    8388    8389
      0   460    4    8943    8943    7734    7735
      4   460    4    8943    7734    7735    7736
      8   460    4    7734    7735    7736    7737
     12   460    4    7735    7736    7737    8381
     16   460    4    7736    7737    8381    8382
    664   460    4    8386    8387    7738    7739
    668   460    4    8387    7738    7739    7740
    672   460    4    7738    7739    7740    7741
    676   460    4    7739    7740    7741    7742
    680   460    4    7740    7741    7742    7743
    684   460    4    7741    7742    7743    8388
    688   460    4    7742    7743    8388    8389
    640   464    4    8394    8395    7744    7745
    644   464    4    8395    7744    7745    7746
    648   464    4    7744    7745    7746    7747
    652   464    4    7745    7746    7747    7748
    656   464    4    7746    7747    7748    7749
    660   464    4    7747    7748    7749    7750
    664   464    4    7748    7749    7750    7751
    668   464    4    7749    7750    7751    8396
    672   464    4    7750    7751    8396    8397
    640   468    4    8394    8395    7752    7753
    644   468    4    8395    7752    7753    7754
    648   468    4    7752    7753    7754    6150
    664   468    4    6153    7755    7756    7757
    668   468    4    7755    7756    7757    8396
    672   468    4    7756    7757    8396    8397
    640   472    4    8404    8405    7758    7759
    644   472    4    8405    7758    7759    6160
    668   472    4    6164    7760    7761    7762
    672   472    4    7760    7761    7762    7763
    676   472    4    7761    7762    7763    8406
    680   472    4    7762    7763    8406    8407
    640   476    4    8404    8405    7764    7765
    644   476    4    8405    7764    7765    6170
    672   476    4    6176    7766    7767    7768
    676   476    4    7766    7767    7768    8406
    680   476    4    7767    7768    8406    8407
    640   480    4    8413    8414    7769    7770
    644   480    4    8414    7769    7770    7771
    648   480    4    7769    7770    7771    7772
    652   480    4    7770    7771    7772    6182
    676   480    4    6186    7773    7774    8415
    680   480    4    7773    7774    8415    8742
    640   484    4    8413    8414    7775    7776
    644   484    4    8414    7775    7776    7777
    648   484    4    7775    7776    7777    7778
    652   484    4    7776    7777    7778    6191
    676   484    4    6198    7779    7780    8415
    680   484    4    7779    7780    8415    8742
    344   488    4    8739    8416    7781    7782
    348   488    4    8416    7781    7782    7783
    352   488    4    7781    7782    7783    7784
    356   488    4    7782    7783    7784    8417
    360   488    4    7783    7784    8417    8740
    640   488    4    8418    8419    7785    7786
    644   488    4    8419    7785    7786    7787
    648   488    4    7785    7786    7787    7788
    652   488    4    7786    7787    7788    7789
    656   488    4    7787    7788    7789    7790
    660   488    4    7788    7789    7790    7791
    664   488    4    7789    7790    7791    7792
    668   488    4    7790    7791    7792    7793
    672   488    4    7791    7792    7793    7794
    676   488    4    7792    7793    7794    8420
    680   488    4    7793    7794    8420    8742
    344   492    4    8739    8416    7795    6207
    360   492    4    6208    7796    8417    8740
    640   492    4    8418    8419    7797    7798
    644   492    4    8419    7797    7798    6209
    660   492    4    6212    7799    7800    7801
    664   492    4    7799    7800    7801    7802
    668   492    4    7800    7801    7802    7803
    672   492    4    7801    7802    7803    7804
    676   492    4    7802    7803    7804    8420
    680   492    4    7803    7804    8420    8742
    344   496    4    8749    8421    7805    6224
    360   496    4    6227    7806    8422    8750
    640   496    4    8423    8424    7807    7808
    644   496    4    8424    7807    7808    6228
    668   496    4    6230    7809    7810    8425
    672   496    4    7809    7810    8425    8426
    344   500    4    8749    8421    7811    6241
    360   500    4    6242    7812    8422    8750
    640   500    4    8423    8424    7813    7814
    644   500    4    8424    7813    7814    6243
    668   500    4    6247    7815    7816    8425
    672   500    4    7815    7816    8425    8426
    344   504    4    8749    8427    7817    6256
    360   504    4    6259    7818    8428    8750
    640   504    4    8429    8430    7819    7820
    644   504    4    8430    7819    7820    6260
    664   504    4    6263    7821    7822    7823
    668   504    4    7821    7822    7823    8431
    672   504    4    7822    7823    8431    8432
    344   508    4    8749    8427    7824    7825
    348   508    4    8427    7824    7825    7826
    352   508    4    7824    7825    7826    7827
    356   508    4    7825    7826    7827    8428
    360   508    4    7826    7827    8428    8750
    640   508    4    8429    8430    7828    7829
    644   508    4    8430    7828    7829    7830
    648   508    4    7828    7829    7830    6270
    668   508    4    6274    7831    7832    8431
    672   508    4    7831    7832    8431    8432
    512     0    8    8439    8440    7833    7834
    520     0    8    8440    7833    7834    6299
    584     0    8    6310    7835    7836    6311
    720     0    8    6317    7837    7838    6318
    888     0    8    6324    7839    7840    8441
    896     0    8    7839    7840    8441    8442
    512     8    8    8439    8440    7841    7842
    520     8    8    8440    7841    7842    7843
    528     8    8    7841    7842    7843    7844
    536     8    8    7842    7843    7844    7845
    544     8    8    7843    7844    7845    7846
    552     8    8    7844    7845    7846    6343
    720     8    8    6356    7848    7849    6357
    880     8    8    6367    7850    7851    7852
    888     8    8    7850    7851    7852    8441
    896     8    8    7851    7852    8441    8442
    544    16    8    8451    8452    7853    7854
    552    16    8    8452    7853    7854    6394
    704    16    8    6409    7856    7857    7858
    712    16    8    7856    7857    7858    7859
    720    16    8    7857    7858    7859    6410
    872    16    8    6433    7860    7861    8453
    880    16    8    7860    7861    8453    8454
    544    24    8    8451    8452    7862    7863
    552    24    8    8452    7862    7863    7864
    560    24    8    7862    7863    7864    7865
    568    24    8    7863    7864    7865    6455
    688    24    8    6460    7866    7867    7868
    696    24    8    7866    7867    7868    7869
    704    24    8    7867    7868    7869    6461
    816    24    8    6469    7870    7871    7872
    824    24    8    7870    7871    7872    7873
    832    24    8    7871    7872    7873    7874
    840    24    8    7872    7873    7874    7875
    848    24    8    7873    7874    7875    7876
    856    24    8    7874    7875    7876    7877
    864    24    8    7875    7876    7877    7878
    872    24    8    7876    7877    7878    8453
    880    24    8    7877    7878    8453    8454
    544    32    8    8456    8457    7879    7880
    552    32    8    8457    7879    7880    7881
    560    32    8    7879    7880    7881    7882
    568    32    8    7880    7881    7882    6482
    688    32    8    6489    7883    7884    7885
    696    32    8    7883    7884    7885    6490
    816    32    8    6495    7886    8458    8459
    544    40    8    8456    8457    7887    7888
    552    40    8    8457    7887    7888    7889
    560    40    8    7887    7888    7889    6516
    816    40    8    6528    7891    8458    8459
    544    48    8    8463    8464    7892    6548
    816    48    8    6566    7893    7894    7895
    824    48    8    7893    7894    7895    8465
    832    48    8    7894    7895    8465    8466
    544    56    8    8463    8464    7896    6590
    824    56    8    6613    7897    7898    8465
    832    56    8    7897    7898    8465    8466
    528    64    8    8783    8469    7899    7900
    536    64    8    8469    7899    7900    7901
    544    64    8    7899    7900    7901    6633
    824    64    8    6648    7902    7903    8470
    832    64    8    7902    7903    8470    8471
    528    72    8    8783    8469    7904    7905
    536    72    8    8469    7904    7905    6666
    824    72    8    6681    7907    7908    8470
    832    72    8    7907    7908    8470    8471
    528    80    8    8783    8472    7909    6696
    824    80    8    6703    7910    7911    8473
    832    80    8    7910    7911    8473    8474
    528    88    8    8783    8472    7912    6710
    824    88    8    6718    7913    7914    8473
    832    88    8    7913    7914    8473    8474
    528    96    8    8792    8475    7915    6730
    824    96    8    6748    7917    7918    8476
    832    96    8    7917    7918    8476    8477
    528   104    8    8792    8475    7919    7920
    536   104    8    8475    7919    7920    7921
    544   104    8    7919    7920    7921    7922
    552   104    8    7920    7921    7922    7923
    560   104    8    7921    7922    7923    6762
    768   104    8    6773    7924    7925    6774
    816   104    8    6781    7926    7927    7928
    824   104    8    7926    7927    7928    8476
    832   104    8    7927    7928    8476    8477
    528   112    8    8792    8478    7929    7930
    536   112    8    8478    7929    7930    7931
    544   112    8    7929    7930    7931    7932
    552   112    8    7930    7931    7932    6793
    744   112    8    6800    7933    7934    7935
    752   112    8    7933    7934    7935    7936
    760   112    8    7934    7935    7936    7937
    768   112    8    7935    7936    7937    7938
    776   112    8    7936    7937    7938    7939
    784   112    8    7937    7938    7939    7940
    792   112    8    7938    7939    7940    7941
    800   112    8    7939    7940    7941    7942
    808   112    8    7940    7941    7942    8479
    816   112    8    7941    7942    8479    8480
    528   120    8    8792    8478    7943    7944
    536   120    8    8478    7943    7944    7945
    544   120    8    7943    7944    7945    7946
    552   120    8    7944    7945    7946    6817
    744   120    8    6835    7947    7948    7949
    752   120    8    7947    7948    7949    7950
    760   120    8    7948    7949    7950    7951
    768   120    8    7949    7950    7951    7952
    776   120    8    7950    7951    7952    7953
    784   120    8    7951    7952    7953    7954
    792   120    8    7952    7953    7954    7955
    800   120    8    7953    7954    7955    7956
    808   120    8    7954    7955    7956    8479
    816   120    8    7955    7956    8479    8480
    528   128    8    8489    8490    7957    7958
    536   128    8    8490    7957    7958    6864
    744   128    8    6885    7959    7960    8491
    752   128    8    7959    7960    8491    8492
    528   136    8    8489    8490    7961    6895
    712   136    8    6899    7962    7963    7964
    720   136    8    7962    7963    7964    7965
    728   136    8    7963    7964    7965    7966
    736   136    8    7964    7965    7966    7967
    744   136    8    7965    7966    7967    8491
    752   136    8    7966    7967    8491    8492
    384   144    8    8496    8497    7968    7969
    392   144    8    8497    7968    7969    7970
    400   144    8    7968    7969    7970    7971
    408   144    8    7969    7970    7971    7972
    416   144    8    7970    7971    7972    7973
    424   144    8    7971    7972    7973    8498
    432   144    8    7972    7973    8498    8807
    528   144    8    8500    8501    7974    6908
    712   144    8    6916    7975    7976    8502
    720   144    8    7975    7976    8502    8503
    384   152    8    8496    8497    7977    7978
    392   152    8    8497    7977    7978    6928
    432   152    8    6931    7979    8498    8807
    528   152    8    8500    8501    7980    6932
    696   152    8    6938    7981    7982    7983
    704   152    8    7981    7982    7983    7984
    712   152    8    7982    7983    7984    8502
    720   152    8    7983    7984    8502    8503
    384   160    8    8523    8524    7985    7986
    392   160    8    8524    7985    7986    6949
    432   160    8    6950    7987    8525    8814
    512   160    8    8526    8527    7988    7989
    520   160    8    8527    7988    7989    7990
    528   160    8    7988    7989    7990    6951
    688   160    8    6962    7991    7992    7993
    696   160    8    7991    7992    7993    8528
    704   160    8    7992    7993    8528    8529
    384   168    8    8523    8524    7994    7995
    392   168    8    8524    7994    7995    6969
    432   168    8    6971    7996    8525    8814
    512   168    8    8526    8527    7997    7998
    520   168    8    8527    7997    7998    6972
    648   168    8    6976    7999    8000    8001
    656   168    8    7999    8000    8001    8002
    664   168    8    8000    8001    8002    8003
    672   168    8    8001    8002    8003    8004
    680   168    8    8002    8003    8004    8005
    688   168    8    8003    8004    8005    8006
    696   168    8    8004    8005    8006    8528
    704   168    8    8005    8006    8528    8529
    160   176    8    8538    8539    8007    8008
    168   176    8    8539    8007    8008    8009
    176   176    8    8007    8008    8009    8010
    184   176    8    8008    8009    8010    8011
    192   176    8    8009    8010    8011    8012
    200   176    8    8010    8011    8012    8540
    208   176    8    8011    8012    8540    8810
    384   176    8    8541    8542    8013    8014
    392   176    8    8542    8013    8014    6988
    432   176    8    6993    8015    8543    8814
    512   176    8    8544    8545    8016    8017
    520   176    8    8545    8016    8017    6994
    656   176    8    6998    8018    8019    8020
    664   176    8    8018    8019    8020    8546
    672   176    8    8019    8020    8546    8547
    160   184    8    8538    8539    8021    8022
    168   184    8    8539    8021    8022    8023
    176   184    8    8021    8022    8023    8024
    184   184    8    8022    8023    8024    8025
    192   184    8    8023    8024    8025    8026
    200   184    8    8024    8025    8026    8540
    208   184    8    8025    8026    8540    8810
    384   184    8    8541    8542    8027    8028
    392   184    8    8542    8027    8028    8029
    400   184    8    8027    8028    8029    8030
    408   184    8    8028    8029    8030    8031
    416   184    8    8029    8030    8031    8032
    424   184    8    8030    8031    8032    8543
    432   184    8    8031    8032    8543    8814
    512   184    8    8544    8545    8033    8034
    520   184    8    8545    8033    8034    7003
    656   184    8    7005    8035    8036    8037
    664   184    8    8035    8036    8037    8546
    672   184    8    8036    8037    8546    8547
     32   192    8    8550    8551    8038    8039
     40   192    8    8551    8038    8039    8040
     48   192    8    8038    8039    8040    8041
     56   192    8    8039    8040    8041    8042
     64   192    8    8040    8041    8042    8043
     72   192    8    8041    8042    8043    8044
     80   192    8    8042    8043    8044    8045
     88   192    8    8043    8044    8045    8046
     96   192    8    8044    8045    8046    8047
    104   192    8    8045    8046    8047    8048
    112   192    8    8046    8047    8048    8049
    120   192    8    8047    8048    8049    8552
    128   192    8    8048    8049    8552    8553
    160   192    8    8552    8553    8050    7019
    200   192    8    7024    8051    8052    8554
    208   192    8    8051    8052    8554    8555
    512   192    8    8563    8564    8053    7025
    664   192    8    7028    8054    8055    8056
    672   192    8    8054    8055    8056    8057
    680   192    8    8055    8056    8057    8565
    688   192    8    8056    8057    8565    8566
     32   200    8    8550    8551    8058    8059
     40   200    8    8551    8058    8059    8060
     48   200    8    8058    8059    8060    8061
     56   200    8    8059    8060    8061    8062
     64   200    8    8060    8061    8062    8063
     72   200    8    8061    8062    8063    8064
     80   200    8    8062    8063    8064    8065
     88   200    8    8063    8064    8065    8066
     96   200    8    8064    8065    8066    8067
    104   200    8    8065    8066    8067    8068
    112   200    8    8066    8067    8068    8069
    120   200    8    8067    8068    8069    8552
    128   200    8    8068    8069    8552    8553
    160   200    8    8552    8553    8070    7037
    200   200    8    7040    8071    8072    8554
    208   200    8    8071    8072    8554    8555
    512   200    8    8563    8564    8073    7041
    664   200    8    7045    8074    8075    8076
    672   200    8    8074    8075    8076    8077
    680   200    8    8075    8076    8077    8565
    688   200    8    8076    8077    8565    8566
     32   208    8    8568    8569    8078    7075
     72   208    8    7080    8079    8080    8081
     80   208    8    8079    8080    8081    7081
    120   208    8    7086    8082    8083    8570
    128   208    8    8082    8083    8570    8571
    160   208    8    8570    8571    8084    7087
    200   208    8    7092    8085    8086    8572
    208   208    8    8085    8086    8572    8573
    512   208    8    8581    8582    8087    7093
    688   208    8    7101    8088    8089    8090
    696   208    8    8088    8089    8090    8583
    704   208    8    8089    8090    8583    8584
     32   216    8    8568    8569    8091    7116
     72   216    8    7119    8092    8093    8094
     80   216    8    8092    8093    8094    7120
    120   216    8    7122    8095    8096    8570
    128   216    8    8095    8096    8570    8571
    160   216    8    8570    8571    8097    8098
    168   216    8    8571    8097    8098    8099
    176   216    8    8097    8098    8099    8100
    184   216    8    8098    8099    8100    8101
    192   216    8    8099    8100    8101    8102
    200   216    8    8100    8101    8102    8572
    208   216    8    8101    8102    8572    8573
    512   216    8    8581    8582    8103    7123
    696   216    8    7127    8104    8105    8583
    704   216    8    8104    8105    8583    8584
     16   224    8    8924    8585    8106    8107
     24   224    8    8585    8106    8107    8108
     32   224    8    8106    8107    8108    7143
     72   224    8    7148    8109    8110    7149
    120   224    8    7156    8111    8112    8586
    128   224    8    8111    8112    8586    8587
    192   224    8    8588    8589    8113    8114
    200   224    8    8589    8113    8114    8115
    208   224    8    8113    8114    8115    8116
    216   224    8    8114    8115    8116    8117
    224   224    8    8115    8116    8117    8118
    232   224    8    8116    8117    8118    8590
    240   224    8    8117    8118    8590    8825
    512   224    8    8591    8592    8119    7157
    696   224    8    7160    8120    8121    8593
    704   224    8    8120    8121    8593    8594
     16   232    8    8924    8585    8122    8123
     24   232    8    8585    8122    8123    8124
     32   232    8    8122    8123    8124    7185
    104   232    8    7193    8125    8126    8127
    112   232    8    8125    8126    8127    8128
    120   232    8    8126    8127    8128    8586
    128   232    8    8127    8128    8586    8587
    192   232    8    8588    8589    8129    8130
    200   232    8    8589    8129    8130    7194
    240   232    8    7197    8131    8590    8825
    512   232    8    8591    8592    8132    7198
    696   232    8    7203    8133    8134    8593
    704   232    8    8133    8134    8593    8594
     16   240    8    8924    8595    8135    8136
     24   240    8    8595    8135    8136    7228
    104   240    8    7239    8137    8138    8139
    112   240    8    8137    8138    8139    8140
    120   240    8    8138    8139    8140    8596
    128   240    8    8139    8140    8596    8597
    192   240    8    8598    8599    8141    8142
    200   240    8    8599    8141    8142    7240
    240   240    8    7245    8143    8600    8825
    512   240    8    8601    8602    8144    7246
    704   240    8    7257    8145    8146    8147
    712   240    8    8145    8146    8147    8603
    720   240    8    8146    8147    8603    8832
     16   248    8    8924    8595    8148    8149
     24   248    8    8595    8148    8149    7271
     64   248    8    7274    8150    8151    8152
     72   248    8    8150    8151    8152    8153
     80   248    8    8151    8152    8153    8154
     88   248    8    8152    8153    8154    7275
    128   248    8    7278    8155    8596    8597
    192   248    8    8598    8599    8156    8157
    200   248    8    8599    8156    8157    8158
    208   248    8    8156    8157    8158    8159
    216   248    8    8157    8158    8159    8160
    224   248    8    8158    8159    8160    8161
    232   248    8    8159    8160    8161    8600
    240   248    8    8160    8161    8600    8825
    512   248    8    8601    8602    8162    8163
    520   248    8    8602    8162    8163    8164
    528   248    8    8162    8163    8164    8165
    536   248    8    8163    8164    8165    8166
    544   248    8    8164    8165    8166    7279
    704   248    8    7281    8167    8168    8169
    712   248    8    8167    8168    8169    8603
    720   248    8    8168    8169    8603    8832
     16   256    8    8942    8604    8170    8171
     24   256    8    8604    8170    8171    7301
     56   256    8    7304    8172    8173    8174
     64   256    8    8172    8173    8174    7305
    128   256    8    7316    8175    8605    8606
    544   256    8    8615    8616    8176    7317
    712   256    8    7320    8177    8178    8617
    720   256    8    8177    8178    8617    8836
     16   264    8    8942    8604    8179    8180
     24   264    8    8604    8179    8180    8181
     32   264    8    8179    8180    8181    8182
     40   264    8    8180    8181    8182    8183
     48   264    8    8181    8182    8183    8184
     56   264    8    8182    8183    8184    8185
     64   264    8    8183    8184    8185    7329
    104   264    8    7332    8186    8187    8188
    112   264    8    8186    8187    8188    8189
    120   264    8    8187    8188    8189    8605
    128   264    8    8188    8189    8605    8606
    544   264    8    8615    8616    8190    7333
    712   264    8    7336    8191    8192    8617
    720   264    8    8191    8192    8617    8836
     16   272    8    8942    8618    8193    7351
     56   272    8    7356    8194    8195    8196
     64   272    8    8194    8195    8196    7357
    104   272    8    7360    8197    8198    8619
    112   272    8    8197    8198    8619    8620
    544   272    8    8630    8631    8199    7361
    712   272    8    7365    8200    8201    8632
    720   272    8    8200    8201    8632    8836
     16   280    8    8942    8618    8202    7376
     56   280    8    7378    8203    8204    8205
     64   280    8    8203    8204    8205    7379
     96   280    8    7382    8206    8207    8208
    104   280    8    8206    8207    8208    8619
    112   280    8    8207    8208    8619    8620
    544   280    8    8630    8631    8209    8210
    552   280    8    8631    8209    8210    7383
    712   280    8    7384    8211    8212    8632
    720   280    8    8211    8212    8632    8836
     16   288    8    8942    8633    8213    7394
     56   288    8    7399    8214    8215    8216
     64   288    8    8214    8215    8216    8217
     72   288    8    8215    8216    8217    8218
     80   288    8    8216    8217    8218    8219
     88   288    8    8217    8218    8219    8634
     96   288    8    8218    8219    8634    8635
    544   288    8    8636    8637    8220    8221
    552   288    8    8637    8220    8221    7400
    712   288    8    7402    8222    8223    8638
    720   288    8    8222    8223    8638    8845
     16   296    8    8942    8633    8224    8225
     24   296    8    8633    8224    8225    8226
     32   296    8    8224    8225    8226    8227
     40   296    8    8225    8226    8227    8228
     48   296    8    8226    8227    8228    8229
     56   296    8    8227    8228    8229    8230
     64   296    8    8228    8229    8230    8231
     72   296    8    8229    8230    8231    8232
     80   296    8    8230    8231    8232    8233
     88   296    8    8231    8232    8233    8634
     96   296    8    8232    8233    8634    8635
    544   296    8    8636    8637    8234    8235
    552   296    8    8637    8234    8235    7406
    712   296    8    7412    8236    8237    8638
    720   296    8    8236    8237    8638    8845
    544   304    8    8647    8648    8238    7418
    696   304    8    7421    8239    8240    8241
    704   304    8    8239    8240    8241    8242
    712   304    8    8240    8241    8242    8649
    720   304    8    8241    8242    8649    8845
    544   312    8    8647    8648    8243    7426
    696   312    8    7429    8244    8245    8246
    704   312    8    8244    8245    8246    8247
    712   312    8    8245    8246    8247    8649
    720   312    8    8246    8247    8649    8845
    544   320    8    8652    8653    8248    7435
    696   320    8    7439    8249    8250    8654
    704   320    8    8249    8250    8654    8655
    544   328    8    8652    8653    8251    8252
    552   328    8    8653    8251    8252    7444
    696   328    8    7447    8253    8254    8654
    704   328    8    8253    8254    8654    8655
    544   336    8    8658    8659    8255    8256
    552   336    8    8659    8255    8256    7452
    696   336    8    7455    8257    8258    8660
    704   336    8    8257    8258    8660    8661
    544   344    8    8658    8659    8259    8260
    552   344    8    8659    8259    8260    7461
    704   344    8    7465    8261    8660    8661
    544   352    8    8668    8669    8262    8263
    552   352    8    8669    8262    8263    8264
    560   352    8    8262    8263    8264    7469
    704   352    8    7474    8265    8670    8671
    544   360    8    8668    8669    8266    8267
    552   360    8    8669    8266    8267    8268
    560   360    8    8266    8267    8268    7485
    704   360    8    7497    8269    8670    8671
    560   368    8    8679    8680    8270    7505
    648   368    8    7513    8271    8272    8273
    656   368    8    8271    8272    8273    7514
    696   368    8    7517    8274    8275    8681
    704   368    8    8274    8275    8681    8682
    560   376    8    8679    8680    8276    8277
    568   376    8    8680    8276    8277    8278
    576   376    8    8276    8277    8278    7537
    688   376    8    7556    8280    8281    8282
    696   376    8    8280    8281    8282    8681
    704   376    8    8281    8282    8681    8682
     48   384    8    8684    8685    8283    8284
     56   384    8    8685    8283    8284    8285
     64   384    8    8283    8284    8285    8286
     72   384    8    8284    8285    8286    8686
     80   384    8    8285    8286    8686    8860
    576   384    8    8687    8688    8287    8288
    584   384    8    8688    8287    8288    8289
    592   384    8    8287    8288    8289    8290
    600   384    8    8288    8289    8290    7563
    680   384    8    7567    8292    8293    8294
    688   384    8    8292    8293    8294    8295
    696   384    8    8293    8294    8295    8689
    704   384    8    8294    8295    8689    8690
     48   392    8    8684    8685    8296    8297
     56   392    8    8685    8296    8297    8298
     64   392    8    8296    8297    8298    8299
     72   392    8    8297    8298    8299    8686
     80   392    8    8298    8299    8686    8860
    576   392    8    8687    8688    8300    8301
    584   392    8    8688    8300    8301    8302
    592   392    8    8300    8301    8302    8303
    600   392    8    8301    8302    8303    7578
    696   392    8    7586    8305    8306    8689
    704   392    8    8305    8306    8689    8690
      0   400    8    8943    8943    8307    8308
      8   400    8    8943    8307    8308    8691
     16   400    8    8307    8308    8691    8692
     48   400    8    8691    8692    8309    7606
     80   400    8    7609    8310    8693    8860
    592   400    8    8695    8696    8311    8312
    600   400    8    8696    8311    8312    7610
    696   400    8    7626    8313    8314    8697
    704   400    8    8313    8314    8697    8698
      0   408    8    8943    8943    8315    8316
      8   408    8    8943    8315    8316    8691
     16   408    8    8315    8316    8691    8692
     48   408    8    8691    8692    8317    7632
     80   408    8    7633    8318    8693    8860
    592   408    8    8695    8696    8319    8320
    600   408    8    8696    8319    8320    7634
    656   408    8    7639    8321    8322    8323
    664   408    8    8321    8322    8323    8324
    672   408    8    8322    8323    8324    8325
    680   408    8    8323    8324    8325    8326
    688   408    8    8324    8325    8326    8327
    696   408    8    8325    8326    8327    8697
    704   408    8    8326    8327    8697    8698
     16   416    8    7656    8328    8329    8330
     24   416    8    8328    8329    8330    8699
     32   416    8    8329    8330    8699    8331
     48   416    8    8330    8699    8331    7657
     80   416    8    7660    8332    8700    8871
    592   416    8    8881    8701    8333    8334
    600   416    8    8701    8333    8334    8335
    608   416    8    8333    8334    8335    7661
    680   416    8    7666    8336    8337    8702
    688   416    8    8336    8337    8702    8703
     24   424    8    7682    8338    8339    8699
     32   424    8    8338    8339    8699    8340
     48   424    8    8339    8699    8340    8341
     56   424    8    8699    8340    8341    8342
     64   424    8    8340    8341    8342    8343
     72   424    8    8341    8342    8343    8700
     80   424    8    8342    8343    8700    8871
    592   424    8    8881    8701    8344    8345
    600   424    8    8701    8344    8345    8346
    608   424    8    8344    8345    8346    7683
    680   424    8    7693    8347    8348    8702
    688   424    8    8347    8348    8702    8703
     24   432    8    7698    8349    8350    8705
     32   432    8    8349    8350    8705    8706
    608   432    8    8709    8710    8351    8352
    616   432    8    8710    8351    8352    8353
    624   432    8    8351    8352    8353    8354
    632   432    8    8352    8353    8354    8355
    640   432    8    8353    8354    8355    7699
    680   432    8    7704    8356    8357    8358
    688   432    8    8356    8357    8358    8359
    696   432    8    8357    8358    8359    8711
    704   432    8    8358    8359    8711    8712
     24   440    8    7712    8360    8361    8705
     32   440    8    8360    8361    8705    8706
    608   440    8    8709    8710    8362    8363
    616   440    8    8710    8362    8363    8364
    624   440    8    8362    8363    8364    8365
    632   440    8    8363    8364    8365    8366
    640   440    8    8364    8365    8366    8367
    648   440    8    8365    8366    8367    8368
    656   440    8    8366    8367    8368    7713
    688   440    8    7716    8369    8370    8371
    696   440    8    8369    8370    8371    8711
    704   440    8    8370    8371    8711    8712
     24   448    8    7724    8372    8373    8713
     32   448    8    8372    8373    8713    8714
    624   448    8    8720    8721    8374    8375
    632   448    8    8721    8374    8375    8376
    640   448    8    8374    8375    8376    8377
    648   448    8    8375    8376    8377    8378
    656   448    8    8376    8377    8378    7725
    696   448    8    7727    8379    8380    8722
    704   448    8    8379    8380    8722    8723
     24   456    8    7737    8381    8382    8713
     32   456    8    8381    8382    8713    8714
    624   456    8    8720    8721    8383    8384
    632   456    8    8721    8383    8384    8385
    640   456    8    8383    8384    8385    8386
    648   456    8    8384    8385    8386    8387
    656   456    8    8385    8386    8387    7738
    696   456    8    7743    8388    8389    8722
    704   456    8    8388    8389    8722    8723
      0   464    8    8943    8943    8390    8391
      8   464    8    8943    8390    8391    8392
     16   464    8    8390    8391    8392    8393
     24   464    8    8391    8392    8393    8724
     32   464    8    8392    8393    8724    8725
    624   464    8    8731    8732    8394    8395
    632   464    8    8732    8394    8395    7752
    680   464    8    7757    8396    8397    8398
    688   464    8    8396    8397    8398    8399
    696   464    8    8397    8398    8399    8733
    704   464    8    8398    8399    8733    8734
      0   472    8    8943    8943    8400    8401
      8   472    8    8943    8400    8401    8402
     16   472    8    8400    8401    8402    8403
     24   472    8    8401    8402    8403    8724
     32   472    8    8402    8403    8724    8725
    624   472    8    8731    8732    8404    8405
    632   472    8    8732    8404    8405    7764
    688   472    8    7768    8406    8407    8408
    696   472    8    8406    8407    8408    8733
    704   472    8    8407    8408    8733    8734
    336   480    8    8903    8739    8409    8410
    344   480    8    8739    8409    8410    8411
    352   480    8    8409    8410    8411    8412
    360   480    8    8410    8411    8412    8740
    368   480    8    8411    8412    8740    8904
    624   480    8    8908    8741    8413    8414
    632   480    8    8741    8413    8414    7775
    688   480    8    7780    8415    8742    8743
    336   488    8    8903    8739    8416    7795
    368   488    8    7796    8417    8740    8904
    624   488    8    8908    8741    8418    8419
    632   488    8    8741    8418    8419    7797
    688   488    8    7804    8420    8742    8743
    336   496    8    8903    8749    8421    7811
    368   496    8    7812    8422    8750    8904
    624   496    8    8908    8751    8423    8424
    632   496    8    8751    8423    8424    7813
    680   496    8    7816    8425    8426    8752
    688   496    8    8425    8426    8752    8753
    336   504    8    8903    8749    8427    7824
    368   504    8    7827    8428    8750    8904
    624   504    8    8908    8751    8429    8430
    632   504    8    8751    8429    8430    7828
    680   504    8    7832    8431    8432    8752
    688   504    8    8431    8432    8752    8753
    320     0   16    8759    8760    8433    8434
    336     0   16    8760    8433    8434    8435
    352     0   16    8433    8434    8435    8436
    368     0   16    8434    8435    8436    8437
    384     0   16    8435    8436    8437    8438
    400     0   16    8436    8437    8438    8761
    416     0   16    8437    8438    8761    8762
    480     0   16    8761    8762    8439    8440
    496     0   16    8762    8439    8440    7841
    912     0   16    7852    8441    8442    8763
    928     0   16    8441    8442    8763    8912
    320    16   16    8759    8760    8443    8444
    336    16   16    8760    8443    8444    8445
    352    16   16    8443    8444    8445    8446
    368    16   16    8444    8445    8446    8447
    384    16   16    8445    8446    8447    8448
    400    16   16    8446    8447    8448    8761
    416    16   16    8447    8448    8761    8762
    480    16   16    8761    8762    8449    8450
    496    16   16    8762    8449    8450    8451
    512    16   16    8449    8450    8451    8452
    528    16   16    8450    8451    8452    7862
    896    16   16    7878    8453    8454    8455
    912    16   16    8453    8454    8455    8763
    928    16   16    8454    8455    8763    8912
    512    32   16    8774    8775    8456    8457
    528    32   16    8775    8456    8457    7887
    832    32   16    7891    8458    8459    8460
    848    32   16    8458    8459    8460    8461
    864    32   16    8459    8460    8461    8462
    880    32   16    8460    8461    8462    8776
    896    32   16    8461    8462    8776    8777
    512    48   16    8774    8775    8463    8464
    528    48   16    8775    8463    8464    7896
    848    48   16    7898    8465    8466    8467
    864    48   16    8465    8466    8467    8468
    880    48   16    8466    8467    8468    8776
    896    48   16    8467    8468    8776    8777
    512    64   16    8782    8783    8469    7904
    848    64   16    7908    8470    8471    8784
    864    64   16    8470    8471    8784    8785
    512    80   16    8782    8783    8472    7912
    848    80   16    7914    8473    8474    8784
    864    80   16    8473    8474    8784    8785
    512    96   16    8791    8792    8475    7919
    848    96   16    7928    8476    8477    8793
    864    96   16    8476    8477    8793    8794
    512   112   16    8791    8792    8478    7943
    832   112   16    7956    8479    8480    8481
    848   112   16    8479    8480    8481    8793
    864   112   16    8480    8481    8793    8794
    352   128   16    8805    8806    8482    8483
    368   128   16    8806    8482    8483    8484
    384   128   16    8482    8483    8484    8485
    400   128   16    8483    8484    8485    8486
    416   128   16    8484    8485    8486    8487
    432   128   16    8485    8486    8487    8807
    448   128   16    8486    8487    8807    8488
    480   128   16    8487    8807    8488    8489
    496   128   16    8807    8488    8489    8490
    512   128   16    8488    8489    8490    7961
    768   128   16    7967    8491    8492    8493
    784   128   16    8491    8492    8493    8494
    800   128   16    8492    8493    8494    8495
    816   128   16    8493    8494    8495    8808
    832   128   16    8494    8495    8808    8809
    352   144   16    8805    8806    8496    8497
    368   144   16    8806    8496    8497    7977
    448   144   16    7979    8498    8807    8499
    480   144   16    8498    8807    8499    8500
    496   144   16    8807    8499    8500    8501
    512   144   16    8499    8500    8501    7980
    736   144   16    7984    8502    8503    8504
    752   144   16    8502    8503    8504    8505
    768   144   16    8503    8504    8505    8506
    784   144   16    8504    8505    8506    8507
    800   144   16    8505    8506    8507    8508
    816   144   16    8506    8507    8508    8808
    832   144   16    8507    8508    8808    8809
      0   160   16    8920    8920    8509    8510
     16   160   16    8920    8509    8510    8511
     32   160   16    8509    8510    8511    8512
     48   160   16    8510    8511    8512    8513
     64   160   16    8511    8512    8513    8514
     80   160   16    8512    8513    8514    8515
     96   160   16    8513    8514    8515    8516
    112   160   16    8514    8515    8516    8517
    128   160   16    8515    8516    8517    8518
    144   160   16    8516    8517    8518    8519
    160   160   16    8517    8518    8519    8520
    176   160   16    8518    8519    8520    8521
    192   160   16    8519    8520    8521    8522
    208   160   16    8520    8521    8522    8810
    224   160   16    8521    8522    8810    8811
    352   160   16    8812    8813    8523    8524
    368   160   16    8813    8523    8524    7994
    448   160   16    7996    8525    8814    8526
    480   160   16    8525    8814    8526    8527
    496   160   16    8814    8526    8527    7997
    720   160   16    8006    8528    8529    8815
    736   160   16    8528    8529    8815    8816
      0   176   16    8919    8920    8530    8531
     16   176   16    8920    8530    8531    8532
     32   176   16    8530    8531    8532    8533
     48   176   16    8531    8532    8533    8534
     64   176   16    8532    8533    8534    8535
     80   176   16    8533    8534    8535    8536
     96   176   16    8534    8535    8536    8537
    112   176   16    8535    8536    8537    8538
    128   176   16    8536    8537    8538    8539
    144   176   16    8537    8538    8539    8021
    224   176   16    8026    8540    8810    8811
    352   176   16    8812    8813    8541    8542
    368   176   16    8813    8541    8542    8027
    448   176   16    8032    8543    8814    8544
    480   176   16    8543    8814    8544    8545
    496   176   16    8814    8544    8545    8033
    688   176   16    8037    8546    8547    8548
    704   176   16    8546    8547    8548    8549
    720   176   16    8547    8548    8549    8815
    736   176   16    8548    8549    8815    8816
      0   192   16    8923    8924    8550    8551
     16   192   16    8924    8550    8551    8058
    144   192   16    8069    8552    8553    8070
    224   192   16    8072    8554    8555    8556
    240   192   16    8554    8555    8556    8820
    256   192   16    8555    8556    8820    8821
    352   192   16    8821    8822    8557    8558
    368   192   16    8822    8557    8558    8559
    384   192   16    8557    8558    8559    8560
    400   192   16    8558    8559    8560    8561
    416   192   16    8559    8560    8561    8562
    432   192   16    8560    8561    8562    8823
    448   192   16    8561    8562    8823    8563
    480   192   16    8562    8823    8563    8564
    496   192   16    8823    8563    8564    8073
    704   192   16    8077    8565    8566    8567
    720   192   16    8565    8566    8567    8824
    736   192   16    8566    8567    8824    8921
      0   208   16    8924    8924    8568    8569
     16   208   16    8924    8568    8569    8091
    144   208   16    8096    8570    8571    8097
    224   208   16    8102    8572    8573    8574
    240   208   16    8572    8573    8574    8820
    256   208   16    8573    8574    8820    8821
    352   208   16    8821    8822    8575    8576
    368   208   16    8822    8575    8576    8577
    384   208   16    8575    8576    8577    8578
    400   208   16    8576    8577    8578    8579
    416   208   16    8577    8578    8579    8580
    432   208   16    8578    8579    8580    8823
    448   208   16    8579    8580    8823    8581
    480   208   16    8580    8823    8581    8582
    496   208   16    8823    8581    8582    8103
    720   208   16    8105    8583    8584    8824
    736   208   16    8583    8584    8824    8921
      0   224   16    8924    8924    8585    8122
    144   224   16    8128    8586    8587    8588
    160   224   16    8586    8587    8588    8589
    176   224   16    8587    8588    8589    8129
    256   224   16    8131    8590    8825    8826
    480   224   16    8830    8831    8591    8592
    496   224   16    8831    8591    8592    8132
    720   224   16    8134    8593    8594    8832
    736   224   16    8593    8594    8832    8921
      0   240   16    8923    8924    8595    8148
    144   240   16    8155    8596    8597    8598
    160   240   16    8596    8597    8598    8599
    176   240   16    8597    8598    8599    8156
    256   240   16    8161    8600    8825    8826
    480   240   16    8830    8831    8601    8602
    496   240   16    8831    8601    8602    8162
    736   240   16    8169    8603    8832    8921
      0   256   16    8928    8942    8604    8179
    144   256   16    8189    8605    8606    8607
    160   256   16    8605    8606    8607    8608
    176   256   16    8606    8607    8608    8609
    192   256   16    8607    8608    8609    8610
    208   256   16    8608    8609    8610    8611
    224   256   16    8609    8610    8611    8612
    240   256   16    8610    8611    8612    8833
    256   256   16    8611    8612    8833    8834
    480   256   16    8926    8835    8613    8614
    496   256   16    8835    8613    8614    8615
    512   256   16    8613    8614    8615    8616
    528   256   16    8614    8615    8616    8190
    736   256   16    8192    8617    8836    8927
      0   272   16    8942    8942    8618    8202
    128   272   16    8208    8619    8620    8621
    144   272   16    8619    8620    8621    8622
    160   272   16    8620    8621    8622    8623
    176   272   16    8621    8622    8623    8624
    192   272   16    8622    8623    8624    8625
    208   272   16    8623    8624    8625    8626
    224   272   16    8624    8625    8626    8627
    240   272   16    8625    8626    8627    8833
    256   272   16    8626    8627    8833    8834
    480   272   16    8926    8835    8628    8629
    496   272   16    8835    8628    8629    8630
    512   272   16    8628    8629    8630    8631
    528   272   16    8629    8630    8631    8209
    736   272   16    8212    8632    8836    8927
      0   288   16    8942    8942    8633    8224
    112   288   16    8233    8634    8635    8837
    128   288   16    8634    8635    8837    8838
    512   288   16    8843    8844    8636    8637
    528   288   16    8844    8636    8637    8234
    736   288   16    8237    8638    8845    8927
      0   304   16    8928    8942    8639    8640
     16   304   16    8942    8639    8640    8641
     32   304   16    8639    8640    8641    8642
     48   304   16    8640    8641    8642    8643
     64   304   16    8641    8642    8643    8644
     80   304   16    8642    8643    8644    8645
     96   304   16    8643    8644    8645    8646
    112   304   16    8644    8645    8646    8837
    128   304   16    8645    8646    8837    8838
    512   304   16    8843    8844    8647    8648
    528   304   16    8844    8647    8648    8243
    736   304   16    8247    8649    8845    8927
      0   320   16    8934    8942    8650    8651
     16   320   16    8942    8650    8651    8846
     32   320   16    8650    8651    8846    8847
    512   320   16    8851    8852    8652    8653
    528   320   16    8852    8652    8653    8251
    720   320   16    8254    8654    8655    8853
    736   320   16    8654    8655    8853    8933
      0   336   16    8942    8942    8656    8657
     16   336   16    8942    8656    8657    8846
     32   336   16    8656    8657    8846    8847
    512   336   16    8851    8852    8658    8659
    528   336   16    8852    8658    8659    8259
    720   336   16    8261    8660    8661    8853
    736   336   16    8660    8661    8853    8933
      0   352   16    8942    8942    8662    8663
     16   352   16    8942    8662    8663    8664
     32   352   16    8662    8663    8664    8665
     48   352   16    8663    8664    8665    8666
     64   352   16    8664    8665    8666    8667
     80   352   16    8665    8666    8667    8854
     96   352   16    8666    8667    8854    8855
    512   352   16    8857    8858    8668    8669
    528   352   16    8858    8668    8669    8266
    720   352   16    8269    8670    8671    8859
    736   352   16    8670    8671    8859    8933
      0   368   16    8934    8942    8672    8673
     16   368   16    8942    8672    8673    8674
     32   368   16    8672    8673    8674    8675
     48   368   16    8673    8674    8675    8676
     64   368   16    8674    8675    8676    8677
     80   368   16    8675    8676    8677    8854
     96   368   16    8676    8677    8854    8855
    512   368   16    8857    8858    8678    8679
    528   368   16    8858    8678    8679    8680
    544   368   16    8678    8679    8680    8276
    720   368   16    8282    8681    8682    8859
    736   368   16    8681    8682    8859    8933
      0   384   16    8938    8943    8683    8684
     16   384   16    8943    8683    8684    8685
     32   384   16    8683    8684    8685    8296
     96   384   16    8299    8686    8860    8935
    544   384   16    8868    8869    8687    8688
    560   384   16    8869    8687    8688    8300
    720   384   16    8306    8689    8690    8870
    736   384   16    8689    8690    8870    8937
     32   400   16    8316    8691    8692    8317
     96   400   16    8318    8693    8860    8935
    544   400   16    8868    8869    8694    8695
    560   400   16    8869    8694    8695    8696
    576   400   16    8694    8695    8696    8319
    720   400   16    8327    8697    8698    8870
    736   400   16    8697    8698    8870    8937
     96   416   16    8343    8700    8871    8935
    576   416   16    8880    8881    8701    8344
    704   416   16    8348    8702    8703    8704
    720   416   16    8702    8703    8704    8882
    736   416   16    8703    8704    8882    8937
     48   432   16    8361    8705    8706    8707
     64   432   16    8705    8706    8707    8708
     80   432   16    8706    8707    8708    8871
     96   432   16    8707    8708    8871    8935
    576   432   16    8880    8881    8709    8710
    592   432   16    8881    8709    8710    8362
    720   432   16    8371    8711    8712    8882
    736   432   16    8711    8712    8882    8937
     48   448   16    8382    8713    8714    8883
     64   448   16    8713    8714    8883    8884
    320   448   16    8889    8890    8715    8716
    336   448   16    8890    8715    8716    8717
    352   448   16    8715    8716    8717    8718
    368   448   16    8716    8717    8718    8891
    384   448   16    8717    8718    8891    8892
    576   448   16    8893    8894    8719    8720
    592   448   16    8894    8719    8720    8721
    608   448   16    8719    8720    8721    8383
    720   448   16    8389    8722    8723    8895
    736   448   16    8722    8723    8895    8940
     48   464   16    8403    8724    8725    8883
     64   464   16    8724    8725    8883    8884
    320   464   16    8889    8890    8726    8727
    336   464   16    8890    8726    8727    8728
    352   464   16    8726    8727    8728    8729
    368   464   16    8727    8728    8729    8891
    384   464   16    8728    8729    8891    8892
    576   464   16    8893    8894    8730    8731
    592   464   16    8894    8730    8731    8732
    608   464   16    8730    8731    8732    8404
    720   464   16    8408    8733    8734    8895
    736   464   16    8733    8734    8895    8940
      0   480   16    8943    8943    8735    8736
     16   480   16    8943    8735    8736    8737
     32   480   16    8735    8736    8737    8738
     48   480   16    8736    8737    8738    8896
     64   480   16    8737    8738    8896    8897
    320   480   16    8902    8903    8739    8416
    384   480   16    8417    8740    8904    8905
    608   480   16    8907    8908    8741    8418
    704   480   16    8420    8742    8743    8744
    720   480   16    8742    8743    8744    8909
    736   480   16    8743    8744    8909    8940
      0   496   16    8941    8943    8745    8746
     16   496   16    8943    8745    8746    8747
     32   496   16    8745    8746    8747    8748
     48   496   16    8746    8747    8748    8896
     64   496   16    8747    8748    8896    8897
    320   496   16    8902    8903    8749    8427
    384   496   16    8428    8750    8904    8905
    608   496   16    8907    8908    8751    8429
    704   496   16    8432    8752    8753    8754
    720   496   16    8752    8753    8754    8909
    736   496   16    8753    8754    8909    8940
      0   432   25    8943    8943      -4      -4
    128     0   32    8910    8911    8755    8756
    160     0   32    8911    8755    8756    8757
    192     0   32    8755    8756    8757    8758
    224     0   32    8756    8757    8758    8759
    256     0   32    8757    8758    8759    8760
    288     0   32    8758    8759    8760    8443
    448     0   32    8448    8761    8762    8449
    960     0   32    8455    8763    8912    8910
    128    32   32    8910    8911    8764    8765
    160    32   32    8911    8764    8765    8766
    192    32   32    8764    8765    8766    8767
    224    32   32    8765    8766    8767    8768
    256    32   32    8766    8767    8768    8769
    288    32   32    8767    8768    8769    8770
    320    32   32    8768    8769    8770    8771
    352    32   32    8769    8770    8771    8772
    384    32   32    8770    8771    8772    8773
    416    32   32    8771    8772    8773    8774
    448    32   32    8772    8773    8774    8775
    480    32   32    8773    8774    8775    8463
    928    32   32    8468    8776    8777    8912
    960    32   32    8776    8777    8912    8910
    320    64   32    8916    8917    8778    8779
    352    64   32    8917    8778    8779    8780
    384    64   32    8778    8779    8780    8781
    416    64   32    8779    8780    8781    8782
    448    64   32    8780    8781    8782    8783
    480    64   32    8781    8782    8783    8472
    896    64   32    8474    8784    8785    8786
    928    64   32    8784    8785    8786    8918
    960    64   32    8785    8786    8918    8913
    320    96   32    8916    8917    8787    8788
    352    96   32    8917    8787    8788    8789
    384    96   32    8787    8788    8789    8790
    416    96   32    8788    8789    8790    8791
    448    96   32    8789    8790    8791    8792
    480    96   32    8790    8791    8792    8478
    896    96   32    8481    8793    8794    8795
    928    96   32    8793    8794    8795    8918
    960    96   32    8794    8795    8918    8913
      0   128   32    8919    8920    8796    8797
     32   128   32    8920    8796    8797    8798
     64   128   32    8796    8797    8798    8799
     96   128   32    8797    8798    8799    8800
    128   128   32    8798    8799    8800    8801
    160   128   32    8799    8800    8801    8802
    192   128   32    8800    8801    8802    8803
    224   128   32    8801    8802    8803    8804
    256   128   32    8802    8803    8804    8805
    288   128   32    8803    8804    8805    8806
    320   128   32    8804    8805    8806    8496
    864   128   32    8508    8808    8809    8919
    896   128   32    8808    8809    8919    8920
    256   160   32    8540    8810    8811    8812
    288   160   32    8810    8811    8812    8813
    320   160   32    8811    8812    8813    8541
    768   160   32    8549    8815    8816    8817
    800   160   32    8815    8816    8817    8818
    832   160   32    8816    8817    8818    8819
    864   160   32    8817    8818    8819    8919
    896   160   32    8818    8819    8919    8920
    288   192   32    8574    8820    8821    8822
    320   192   32    8820    8821    8822    8575
    768   192   32    8584    8824    8921    8922
    288   224   32    8600    8825    8826    8827
    320   224   32    8825    8826    8827    8828
    352   224   32    8826    8827    8828    8829
    384   224   32    8827    8828    8829    8830
    416   224   32    8828    8829    8830    8831
    448   224   32    8829    8830    8831    8601
    768   224   32    8603    8832    8921    8922
    288   256   32    8627    8833    8834    8925
    320   256   32    8833    8834    8925    8926
    448   256   32    8925    8926    8835    8628
    768   256   32    8632    8836    8927    8928
    160   288   32    8646    8837    8838    8839
    192   288   32    8837    8838    8839    8840
    224   288   32    8838    8839    8840    8841
    256   288   32    8839    8840    8841    8842
    288   288   32    8840    8841    8842    8925
    320   288   32    8841    8842    8925    8926
    448   288   32    8925    8926    8843    8844
    480   288   32    8926    8843    8844    8647
    768   288   32    8649    8845    8927    8928
     64   320   32    8657    8846    8847    8848
     96   320   32    8846    8847    8848    8849
    128   320   32    8847    8848    8849    8850
    160   320   32    8848    8849    8850    8929
    192   320   32    8849    8850    8929    8930
    448   320   32    8931    8932    8851    8852
    480   320   32    8932    8851    8852    8658
    768   320   32    8661    8853    8933    8934
    128   352   32    8677    8854    8855    8856
    160   352   32    8854    8855    8856    8929
    192   352   32    8855    8856    8929    8930
    448   352   32    8931    8932    8857    8858
    480   352   32    8932    8857    8858    8678
    768   352   32    8682    8859    8933    8934
    128   384   32    8693    8860    8935    8936
    256   384   32    8935    8936    8861    8862
    288   384   32    8936    8861    8862    8863
    320   384   32    8861    8862    8863    8864
    352   384   32    8862    8863    8864    8865
    384   384   32    8863    8864    8865    8866
    416   384   32    8864    8865    8866    8867
    448   384   32    8865    8866    8867    8868
    480   384   32    8866    8867    8868    8869
    512   384   32    8867    8868    8869    8694
    768   384   32    8698    8870    8937    8938
    128   416   32    8708    8871    8935    8936
    256   416   32    8935    8936    8872    8873
    288   416   32    8936    8872    8873    8874
    320   416   32    8872    8873    8874    8875
    352   416   32    8873    8874    8875    8876
    384   416   32    8874    8875    8876    8877
    416   416   32    8875    8876    8877    8878
    448   416   32    8876    8877    8878    8879
    480   416   32    8877    8878    8879    8880
    512   416   32    8878    8879    8880    8881
    544   416   32    8879    8880    8881    8709
    768   416   32    8712    8882    8937    8938
     96   448   32    8725    8883    8884    8885
    128   448   32    8883    8884    8885    8886
    160   448   32    8884    8885    8886    8887
    192   448   32    8885    8886    8887    8888
    224   448   32    8886    8887    8888    8889
    256   448   32    8887    8888    8889    8890
    288   448   32    8888    8889    8890    8726
    416   448   32    8729    8891    8892    8939
    448   448   32    8891    8892    8939    8893
    512   448   32    8892    8939    8893    8894
    544   448   32    8939    8893    8894    8730
    768   448   32    8734    8895    8940    8941
     96   480   32    8748    8896    8897    8898
    128   480   32    8896    8897    8898    8899
    160   480   32    8897    8898    8899    8900
    192   480   32    8898    8899    8900    8901
    224   480   32    8899    8900    8901    8902
    256   480   32    8900    8901    8902    8903
    288   480   32    8901    8902    8903    8749
    416   480   32    8750    8904    8905    8939
    448   480   32    8904    8905    8939    8906
    512   480   32    8905    8939    8906    8907
    544   480   32    8939    8906    8907    8908
    576   480   32    8906    8907    8908    8751
    768   480   32    8754    8909    8940    8941
      0     0   64    8777    8912    8910    8911
     64     0   64    8912    8910    8911    8764
      0    64   64    8795    8918    8913    8914
     64    64   64    8918    8913    8914    8915
    128    64   64    8913    8914    8915    8916
    192    64   64    8914    8915    8916    8917
    256    64   64    8915    8916    8917    8787
    960   128   64    8819    8919    8920    8796
    832   192   64    8832    8921    8922    8923
    896   192   64    8921    8922    8923    8924
    960   192   64    8922    8923    8924    8595
    384   256   64    8842    8925    8926    8843
    832   256   64    8845    8927    8928    8942
    896   256   64    8927    8928    8942    8639
    256   320   64    8856    8929    8930    8931
    320   320   64    8929    8930    8931    8932
    384   320   64    8930    8931    8932    8857
    832   320   64    8859    8933    8934    8942
    896   320   64    8933    8934    8942    8672
    192   384   64    8871    8935    8936    8872
    832   384   64    8882    8937    8938    8943
    896   384   64    8937    8938    8943    8683
    832   448   64    8909    8940    8941    8943
    896   448   64    8940    8941    8943    8745
