    7789       0    5817    1072     505     226     112      36      20       1       0
600 0 2 2 629
602 0 2 2 222
604 0 2 2 8
628 0 2 2 1
630 0 2 2 22
660 0 2 2 23
662 0 2 2 1
670 0 2 2 184
688 0 2 2 669
706 0 2 2 103
736 0 2 2 30
738 0 2 2 4
740 0 2 2 1
758 0 2 2 1
760 0 2 2 26
762 0 2 2 63
764 0 2 2 88
766 0 2 2 71
784 0 2 2 1
786 0 2 2 2
792 0 2 2 5
796 0 2 2 6
798 0 2 2 1
800 0 2 2 1
802 0 2 2 2
864 0 2 2 4
866 0 2 2 114
600 2 2 2 297
602 2 2 2 5
628 2 2 2 1
630 2 2 2 26
660 2 2 2 41
662 2 2 2 26
664 2 2 2 1
670 2 2 2 94
688 2 2 2 199
704 2 2 2 1
706 2 2 2 149
736 2 2 2 28
738 2 2 2 5
740 2 2 2 1
758 2 2 2 60
760 2 2 2 173
762 2 2 2 170
764 2 2 2 127
770 2 2 2 1
784 2 2 2 7
786 2 2 2 6
794 2 2 2 1
796 2 2 2 5
798 2 2 2 1
800 2 2 2 1
802 2 2 2 1
862 2 2 2 18
864 2 2 2 40
866 2 2 2 349
600 4 2 2 57
630 4 2 2 3
664 4 2 2 1
670 4 2 2 1
680 4 2 2 338
682 4 2 2 271
684 4 2 2 698
686 4 2 2 635
688 4 2 2 183
690 4 2 2 3
704 4 2 2 11
706 4 2 2 227
736 4 2 2 21
738 4 2 2 1
744 4 2 2 1
746 4 2 2 1
754 4 2 2 7
756 4 2 2 36
758 4 2 2 88
764 4 2 2 1
770 4 2 2 8
794 4 2 2 4
800 4 2 2 1
862 4 2 2 34
630 6 2 2 1
664 6 2 2 1
684 6 2 2 271
686 6 2 2 597
688 6 2 2 302
690 6 2 2 75
692 6 2 2 29
694 6 2 2 11
696 6 2 2 1
698 6 2 2 24
700 6 2 2 54
702 6 2 2 3
704 6 2 2 15
706 6 2 2 407
736 6 2 2 20
738 6 2 2 1
746 6 2 2 1
750 6 2 2 1
752 6 2 2 1
754 6 2 2 119
756 6 2 2 183
758 6 2 2 125
770 6 2 2 25
792 6 2 2 3
794 6 2 2 5
800 6 2 2 1
820 6 2 2 1
822 6 2 2 1
824 6 2 2 1
860 6 2 2 14
862 6 2 2 172
596 8 2 2 532
598 8 2 2 106
634 8 2 2 29
664 8 2 2 1
672 8 2 2 291
674 8 2 2 1024
676 8 2 2 1072
678 8 2 2 240
684 8 2 2 194
686 8 2 2 444
696 8 2 2 8
698 8 2 2 79
736 8 2 2 38
738 8 2 2 1
746 8 2 2 15
748 8 2 2 5
750 8 2 2 36
760 8 2 2 120
768 8 2 2 1
770 8 2 2 68
780 8 2 2 19
782 8 2 2 7
784 8 2 2 1
790 8 2 2 1
804 8 2 2 1
806 8 2 2 1
812 8 2 2 1
814 8 2 2 1
828 8 2 2 5
830 8 2 2 2
832 8 2 2 2
834 8 2 2 2
836 8 2 2 1
856 8 2 2 1
858 8 2 2 26
596 10 2 2 413
598 10 2 2 105
600 10 2 2 1
634 10 2 2 1
672 10 2 2 62
674 10 2 2 753
676 10 2 2 777
682 10 2 2 1
684 10 2 2 204
686 10 2 2 276
696 10 2 2 143
698 10 2 2 215
736 10 2 2 54
738 10 2 2 1
740 10 2 2 1
742 10 2 2 1
744 10 2 2 1
746 10 2 2 31
748 10 2 2 127
750 10 2 2 286
760 10 2 2 35
768 10 2 2 11
770 10 2 2 107
780 10 2 2 9
790 10 2 2 2
800 10 2 2 1
802 10 2 2 1
804 10 2 2 2
808 10 2 2 1
810 10 2 2 1
812 10 2 2 4
814 10 2 2 4
828 10 2 2 8
830 10 2 2 4
832 10 2 2 3
834 10 2 2 3
836 10 2 2 1
838 10 2 2 1
840 10 2 2 1
842 10 2 2 2
848 10 2 2 1
850 10 2 2 1
852 10 2 2 1
854 10 2 2 7
856 10 2 2 48
858 10 2 2 103
596 12 2 2 350
598 12 2 2 80
636 12 2 2 18
638 12 2 2 272
664 12 2 2 3
672 12 2 2 23
674 12 2 2 363
676 12 2 2 515
678 12 2 2 30
682 12 2 2 75
736 12 2 2 69
738 12 2 2 1
740 12 2 2 40
742 12 2 2 43
756 12 2 2 616
758 12 2 2 191
760 12 2 2 1
776 12 2 2 101
778 12 2 2 18
780 12 2 2 1
790 12 2 2 1
804 12 2 2 2
808 12 2 2 2
810 12 2 2 1
846 12 2 2 1
848 12 2 2 1
850 12 2 2 7
596 14 2 2 183
598 14 2 2 1
636 14 2 2 1
638 14 2 2 161
664 14 2 2 56
666 14 2 2 32
668 14 2 2 3
674 14 2 2 88
676 14 2 2 156
678 14 2 2 7
680 14 2 2 28
682 14 2 2 234
736 14 2 2 97
738 14 2 2 132
740 14 2 2 346
742 14 2 2 440
756 14 2 2 596
758 14 2 2 91
764 14 2 2 1
766 14 2 2 31
776 14 2 2 34
778 14 2 2 1
790 14 2 2 1
804 14 2 2 2
806 14 2 2 1
808 14 2 2 1
810 14 2 2 4
844 14 2 2 1
846 14 2 2 1
848 14 2 2 1
850 14 2 2 33
568 16 2 2 122
570 16 2 2 1
592 16 2 2 687
594 16 2 2 259
596 16 2 2 22
636 16 2 2 5
638 16 2 2 152
668 16 2 2 41
670 16 2 2 1
672 16 2 2 30
674 16 2 2 110
676 16 2 2 114
678 16 2 2 26
744 16 2 2 616
746 16 2 2 524
756 16 2 2 624
758 16 2 2 134
762 16 2 2 1
772 16 2 2 138
774 16 2 2 60
776 16 2 2 1
792 16 2 2 1
794 16 2 2 5
804 16 2 2 2
808 16 2 2 1
810 16 2 2 17
844 16 2 2 16
846 16 2 2 1
848 16 2 2 31
850 16 2 2 140
568 18 2 2 162
570 18 2 2 2
592 18 2 2 175
594 18 2 2 14
636 18 2 2 51
638 18 2 2 214
668 18 2 2 87
670 18 2 2 87
672 18 2 2 136
674 18 2 2 187
676 18 2 2 212
678 18 2 2 219
744 18 2 2 62
746 18 2 2 1
756 18 2 2 627
758 18 2 2 174
760 18 2 2 20
762 18 2 2 70
772 18 2 2 130
774 18 2 2 27
792 18 2 2 1
794 18 2 2 7
804 18 2 2 12
806 18 2 2 18
808 18 2 2 33
810 18 2 2 47
844 18 2 2 106
846 18 2 2 53
848 18 2 2 122
850 18 2 2 375
588 20 2 2 1009
590 20 2 2 410
634 20 2 2 11
664 20 2 2 269
666 20 2 2 146
740 20 2 2 547
742 20 2 2 99
746 20 2 2 155
772 20 2 2 68
774 20 2 2 8
792 20 2 2 1
794 20 2 2 10
588 22 2 2 1002
590 22 2 2 175
632 22 2 2 1
634 22 2 2 32
664 22 2 2 294
666 22 2 2 16
740 22 2 2 239
742 22 2 2 1
744 22 2 2 126
746 22 2 2 454
772 22 2 2 43
774 22 2 2 2
792 22 2 2 1
794 22 2 2 16
588 24 2 2 811
590 24 2 2 1
632 24 2 2 1
634 24 2 2 103
664 24 2 2 166
668 24 2 2 1
670 24 2 2 137
736 24 2 2 477
738 24 2 2 359
740 24 2 2 28
742 24 2 2 34
768 24 2 2 76
770 24 2 2 38
772 24 2 2 17
774 24 2 2 1
794 24 2 2 21
588 26 2 2 207
634 26 2 2 110
664 26 2 2 358
666 26 2 2 72
668 26 2 2 47
670 26 2 2 97
736 26 2 2 1
738 26 2 2 1
740 26 2 2 1
742 26 2 2 184
768 26 2 2 13
770 26 2 2 5
772 26 2 2 1
774 26 2 2 1
794 26 2 2 31
588 28 2 2 90
590 28 2 2 1
634 28 2 2 117
644 28 2 2 378
646 28 2 2 309
648 28 2 2 333
650 28 2 2 386
664 28 2 2 188
666 28 2 2 363
668 28 2 2 248
670 28 2 2 218
732 28 2 2 248
734 28 2 2 8
740 28 2 2 1
742 28 2 2 224
760 28 2 2 87
762 28 2 2 17
764 28 2 2 6
766 28 2 2 1
772 28 2 2 1
774 28 2 2 1
776 28 2 2 1
778 28 2 2 1
780 28 2 2 2
782 28 2 2 1
784 28 2 2 1
792 28 2 2 1
794 28 2 2 45
588 30 2 2 49
590 30 2 2 2
634 30 2 2 109
644 30 2 2 127
646 30 2 2 1
648 30 2 2 139
650 30 2 2 317
664 30 2 2 200
666 30 2 2 176
668 30 2 2 1
670 30 2 2 274
732 30 2 2 1
736 30 2 2 1
738 30 2 2 2
740 30 2 2 36
742 30 2 2 216
760 30 2 2 1
764 30 2 2 1
776 30 2 2 1
778 30 2 2 3
780 30 2 2 6
782 30 2 2 7
784 30 2 2 7
792 30 2 2 9
794 30 2 2 62
588 32 2 2 21
590 32 2 2 1
634 32 2 2 102
644 32 2 2 50
646 32 2 2 1
648 32 2 2 82
650 32 2 2 251
664 32 2 2 400
666 32 2 2 1
670 32 2 2 108
728 32 2 2 135
730 32 2 2 1
734 32 2 2 10
752 32 2 2 303
754 32 2 2 111
756 32 2 2 10
778 32 2 2 3
780 32 2 2 4
782 32 2 2 5
784 32 2 2 9
786 32 2 2 1
792 32 2 2 4
794 32 2 2 65
588 34 2 2 6
634 34 2 2 92
644 34 2 2 116
646 34 2 2 44
648 34 2 2 171
650 34 2 2 231
664 34 2 2 320
666 34 2 2 98
668 34 2 2 57
670 34 2 2 82
728 34 2 2 1
732 34 2 2 1
734 34 2 2 35
752 34 2 2 139
754 34 2 2 1
778 34 2 2 1
784 34 2 2 1
792 34 2 2 1
794 34 2 2 39
588 36 2 2 2
634 36 2 2 103
660 36 2 2 138
662 36 2 2 298
720 36 2 2 488
722 36 2 2 51
724 36 2 2 1
732 36 2 2 5
734 36 2 2 75
740 36 2 2 189
742 36 2 2 55
744 36 2 2 52
746 36 2 2 95
748 36 2 2 115
750 36 2 2 57
788 36 2 2 1
794 36 2 2 5
588 38 2 2 1
634 38 2 2 47
660 38 2 2 119
662 38 2 2 251
720 38 2 2 11
730 38 2 2 1
732 38 2 2 23
734 38 2 2 96
740 38 2 2 50
742 38 2 2 1
746 38 2 2 1
748 38 2 2 1
786 38 2 2 1
788 38 2 2 15
790 38 2 2 1
584 40 2 2 81
586 40 2 2 5
636 40 2 2 10
638 40 2 2 294
720 40 2 2 1
730 40 2 2 11
740 40 2 2 10
770 40 2 2 1
772 40 2 2 1
784 40 2 2 1
786 40 2 2 48
788 40 2 2 97
790 40 2 2 49
792 40 2 2 1
794 40 2 2 6
796 40 2 2 30
798 40 2 2 263
584 42 2 2 41
586 42 2 2 1
638 42 2 2 241
728 42 2 2 6
730 42 2 2 21
740 42 2 2 8
772 42 2 2 4
774 42 2 2 1
780 42 2 2 1
782 42 2 2 1
784 42 2 2 39
786 42 2 2 141
788 42 2 2 252
790 42 2 2 178
792 42 2 2 112
794 42 2 2 141
796 42 2 2 271
798 42 2 2 492
584 44 2 2 9
630 44 2 2 1
632 44 2 2 1
634 44 2 2 1
636 44 2 2 32
638 44 2 2 237
664 44 2 2 583
666 44 2 2 597
696 44 2 2 943
698 44 2 2 781
700 44 2 2 607
702 44 2 2 594
716 44 2 2 6
718 44 2 2 5
720 44 2 2 1
724 44 2 2 1
726 44 2 2 3
740 44 2 2 9
770 44 2 2 9
776 44 2 2 5
778 44 2 2 15
788 44 2 2 379
790 44 2 2 324
792 44 2 2 295
794 44 2 2 246
796 44 2 2 327
798 44 2 2 701
630 46 2 2 1
632 46 2 2 37
634 46 2 2 84
636 46 2 2 149
638 46 2 2 314
664 46 2 2 378
666 46 2 2 578
696 46 2 2 697
698 46 2 2 51
702 46 2 2 117
716 46 2 2 3
718 46 2 2 6
720 46 2 2 5
722 46 2 2 11
724 46 2 2 17
726 46 2 2 28
740 46 2 2 12
742 46 2 2 1
770 46 2 2 24
776 46 2 2 33
778 46 2 2 49
788 46 2 2 404
790 46 2 2 120
792 46 2 2 107
794 46 2 2 1
796 46 2 2 1
798 46 2 2 726
576 48 2 2 250
578 48 2 2 60
580 48 2 2 1
630 48 2 2 1
652 48 2 2 234
654 48 2 2 467
656 48 2 2 515
658 48 2 2 502
660 48 2 2 534
662 48 2 2 62
666 48 2 2 83
692 48 2 2 1133
694 48 2 2 865
696 48 2 2 63
704 48 2 2 7
706 48 2 2 14
740 48 2 2 12
742 48 2 2 1
770 48 2 2 7
772 48 2 2 39
774 48 2 2 90
776 48 2 2 170
778 48 2 2 140
780 48 2 2 203
782 48 2 2 300
784 48 2 2 124
786 48 2 2 116
788 48 2 2 1
796 48 2 2 1
798 48 2 2 518
626 50 2 2 1
628 50 2 2 1
630 50 2 2 23
652 50 2 2 156
654 50 2 2 107
656 50 2 2 137
658 50 2 2 157
660 50 2 2 65
666 50 2 2 1
692 50 2 2 910
694 50 2 2 95
706 50 2 2 6
740 50 2 2 10
742 50 2 2 1
778 50 2 2 23
780 50 2 2 1
788 50 2 2 1
790 50 2 2 1
792 50 2 2 1
794 50 2 2 23
796 50 2 2 14
798 50 2 2 346
572 52 2 2 164
574 52 2 2 1
626 52 2 2 9
652 52 2 2 343
654 52 2 2 52
656 52 2 2 1
658 52 2 2 1
666 52 2 2 1
668 52 2 2 270
670 52 2 2 785
692 52 2 2 452
694 52 2 2 6
706 52 2 2 12
736 52 2 2 82
738 52 2 2 23
774 52 2 2 1
778 52 2 2 1
786 52 2 2 1
788 52 2 2 1
790 52 2 2 30
792 52 2 2 41
794 52 2 2 30
572 54 2 2 1
624 54 2 2 15
626 54 2 2 83
652 54 2 2 185
654 54 2 2 5
668 54 2 2 32
670 54 2 2 554
692 54 2 2 142
694 54 2 2 9
706 54 2 2 7
736 54 2 2 115
738 54 2 2 1
770 54 2 2 1
772 54 2 2 4
774 54 2 2 1
780 54 2 2 1
782 54 2 2 12
784 54 2 2 24
786 54 2 2 38
788 54 2 2 83
790 54 2 2 115
792 54 2 2 187
794 54 2 2 324
564 56 2 2 1264
566 56 2 2 803
568 56 2 2 308
570 56 2 2 30
572 56 2 2 1
622 56 2 2 11
652 56 2 2 95
654 56 2 2 1
672 56 2 2 432
674 56 2 2 785
692 56 2 2 46
694 56 2 2 12
704 56 2 2 1
706 56 2 2 1
736 56 2 2 1
768 56 2 2 1
770 56 2 2 7
772 56 2 2 4
774 56 2 2 1
776 56 2 2 1
778 56 2 2 1
564 58 2 2 285
566 58 2 2 73
568 58 2 2 17
570 58 2 2 8
618 58 2 2 1
620 58 2 2 19
622 58 2 2 64
652 58 2 2 69
672 58 2 2 7
674 58 2 2 344
692 58 2 2 51
704 58 2 2 1
706 58 2 2 18
736 58 2 2 1
768 58 2 2 3
770 58 2 2 1
774 58 2 2 8
776 58 2 2 18
778 58 2 2 37
560 60 2 2 2112
562 60 2 2 393
568 60 2 2 1
570 60 2 2 5
606 60 2 2 1
608 60 2 2 5
612 60 2 2 1
618 60 2 2 36
652 60 2 2 68
672 60 2 2 1
674 60 2 2 113
688 60 2 2 434
690 60 2 2 195
692 60 2 2 24
704 60 2 2 13
706 60 2 2 50
732 60 2 2 347
734 60 2 2 205
736 60 2 2 1
766 60 2 2 1
768 60 2 2 22
770 60 2 2 7
560 62 2 2 1545
562 62 2 2 1
604 62 2 2 1
606 62 2 2 35
608 62 2 2 46
610 62 2 2 50
612 62 2 2 37
614 62 2 2 2
616 62 2 2 2
618 62 2 2 78
652 62 2 2 47
672 62 2 2 7
674 62 2 2 47
688 62 2 2 320
690 62 2 2 50
702 62 2 2 1
704 62 2 2 31
706 62 2 2 63
732 62 2 2 127
734 62 2 2 1
766 62 2 2 16
768 62 2 2 35
770 62 2 2 79
560 64 2 2 1271
562 64 2 2 80
588 64 2 2 1
590 64 2 2 1
592 64 2 2 1
602 64 2 2 1
612 64 2 2 91
614 64 2 2 2
652 64 2 2 57
670 64 2 2 1
672 64 2 2 6
674 64 2 2 23
688 64 2 2 43
702 64 2 2 14
720 64 2 2 524
722 64 2 2 518
724 64 2 2 563
726 64 2 2 472
728 64 2 2 241
730 64 2 2 3
764 64 2 2 1
766 64 2 2 33
796 64 2 2 85
798 64 2 2 8
560 66 2 2 1248
562 66 2 2 232
564 66 2 2 1
572 66 2 2 1
576 66 2 2 1
578 66 2 2 1
580 66 2 2 130
582 66 2 2 134
584 66 2 2 109
586 66 2 2 64
588 66 2 2 67
590 66 2 2 140
592 66 2 2 115
594 66 2 2 49
596 66 2 2 1
598 66 2 2 1
600 66 2 2 1
602 66 2 2 1
612 66 2 2 159
614 66 2 2 63
652 66 2 2 119
654 66 2 2 9
670 66 2 2 2
672 66 2 2 3
674 66 2 2 1
688 66 2 2 1
700 66 2 2 1
702 66 2 2 19
720 66 2 2 570
722 66 2 2 163
724 66 2 2 135
726 66 2 2 1
762 66 2 2 3
764 66 2 2 55
766 66 2 2 112
796 66 2 2 7
798 66 2 2 3
568 68 2 2 125
570 68 2 2 122
604 68 2 2 295
606 68 2 2 196
608 68 2 2 1
610 68 2 2 105
658 68 2 2 5
660 68 2 2 1
662 68 2 2 4
664 68 2 2 1
666 68 2 2 3
668 68 2 2 4
670 68 2 2 1
672 68 2 2 2
674 68 2 2 4
680 68 2 2 167
682 68 2 2 162
684 68 2 2 53
686 68 2 2 1
700 68 2 2 1
702 68 2 2 31
716 68 2 2 552
718 68 2 2 387
720 68 2 2 135
760 68 2 2 1
762 68 2 2 148
792 68 2 2 25
794 68 2 2 1
796 68 2 2 1
798 68 2 2 2
800 68 2 2 2
802 68 2 2 4
804 68 2 2 10
806 68 2 2 33
568 70 2 2 514
570 70 2 2 712
604 70 2 2 340
606 70 2 2 90
608 70 2 2 1
610 70 2 2 85
656 70 2 2 14
658 70 2 2 60
660 70 2 2 33
662 70 2 2 34
664 70 2 2 22
666 70 2 2 15
668 70 2 2 12
670 70 2 2 8
672 70 2 2 6
674 70 2 2 6
680 70 2 2 15
682 70 2 2 11
698 70 2 2 1
700 70 2 2 21
702 70 2 2 92
716 70 2 2 290
756 70 2 2 1
758 70 2 2 2
760 70 2 2 74
762 70 2 2 210
792 70 2 2 1
798 70 2 2 2
800 70 2 2 3
802 70 2 2 1
804 70 2 2 1
806 70 2 2 13
564 72 2 2 1184
566 72 2 2 885
568 72 2 2 696
570 72 2 2 708
592 72 2 2 596
594 72 2 2 579
596 72 2 2 533
598 72 2 2 514
600 72 2 2 478
602 72 2 2 434
604 72 2 2 404
606 72 2 2 213
608 72 2 2 60
610 72 2 2 233
612 72 2 2 319
614 72 2 2 367
616 72 2 2 402
618 72 2 2 54
622 72 2 2 34
624 72 2 2 407
626 72 2 2 516
628 72 2 2 603
630 72 2 2 709
676 72 2 2 1
696 72 2 2 1
698 72 2 2 18
712 72 2 2 511
714 72 2 2 212
716 72 2 2 1
756 72 2 2 4
758 72 2 2 35
784 72 2 2 386
786 72 2 2 75
788 72 2 2 1
806 72 2 2 8
808 72 2 2 16
810 72 2 2 31
564 74 2 2 512
566 74 2 2 56
570 74 2 2 267
592 74 2 2 567
594 74 2 2 151
600 74 2 2 1
602 74 2 2 173
604 74 2 2 385
606 74 2 2 1
612 74 2 2 1
614 74 2 2 29
624 74 2 2 6
626 74 2 2 313
628 74 2 2 372
630 74 2 2 411
694 74 2 2 1
696 74 2 2 16
698 74 2 2 41
712 74 2 2 136
756 74 2 2 13
758 74 2 2 86
784 74 2 2 249
786 74 2 2 1
806 74 2 2 1
808 74 2 2 9
810 74 2 2 29
556 76 2 2 985
558 76 2 2 535
560 76 2 2 47
562 76 2 2 56
564 76 2 2 1
566 76 2 2 1
592 76 2 2 404
594 76 2 2 1
596 76 2 2 1
598 76 2 2 23
600 76 2 2 82
602 76 2 2 329
604 76 2 2 437
606 76 2 2 76
626 76 2 2 1
628 76 2 2 1
632 76 2 2 273
634 76 2 2 594
672 76 2 2 8
674 76 2 2 1
694 76 2 2 6
708 76 2 2 434
710 76 2 2 67
712 76 2 2 1
714 76 2 2 1
756 76 2 2 1
758 76 2 2 114
760 76 2 2 240
762 76 2 2 222
764 76 2 2 208
766 76 2 2 215
768 76 2 2 276
770 76 2 2 360
772 76 2 2 202
774 76 2 2 517
776 76 2 2 693
778 76 2 2 684
780 76 2 2 558
782 76 2 2 392
784 76 2 2 104
786 76 2 2 1
808 76 2 2 1
810 76 2 2 26
556 78 2 2 226
558 78 2 2 1
560 78 2 2 1
562 78 2 2 1
564 78 2 2 4
566 78 2 2 24
592 78 2 2 227
594 78 2 2 45
596 78 2 2 1
600 78 2 2 166
602 78 2 2 377
604 78 2 2 327
606 78 2 2 17
630 78 2 2 1
632 78 2 2 102
634 78 2 2 376
672 78 2 2 3
694 78 2 2 7
708 78 2 2 245
710 78 2 2 9
712 78 2 2 2
714 78 2 2 1
758 78 2 2 16
760 78 2 2 76
762 78 2 2 1
764 78 2 2 61
766 78 2 2 28
768 78 2 2 1
776 78 2 2 283
778 78 2 2 324
780 78 2 2 178
782 78 2 2 88
784 78 2 2 33
786 78 2 2 6
788 78 2 2 1
808 78 2 2 4
810 78 2 2 25
548 80 2 2 2218
550 80 2 2 1439
552 80 2 2 511
554 80 2 2 1
560 80 2 2 1
562 80 2 2 4
584 80 2 2 367
586 80 2 2 419
596 80 2 2 73
600 80 2 2 1
602 80 2 2 198
604 80 2 2 163
606 80 2 2 14
630 80 2 2 12
664 80 2 2 36
666 80 2 2 25
668 80 2 2 17
670 80 2 2 8
708 80 2 2 54
710 80 2 2 8
712 80 2 2 1
730 80 2 2 1
732 80 2 2 1
734 80 2 2 2
736 80 2 2 3
738 80 2 2 1
782 80 2 2 1
788 80 2 2 3
790 80 2 2 1
808 80 2 2 1
810 80 2 2 23
548 82 2 2 1280
550 82 2 2 139
560 82 2 2 1
562 82 2 2 1
584 82 2 2 53
586 82 2 2 317
596 82 2 2 198
598 82 2 2 43
602 82 2 2 1
604 82 2 2 9
630 82 2 2 14
664 82 2 2 18
666 82 2 2 6
668 82 2 2 1
670 82 2 2 1
694 82 2 2 1
708 82 2 2 7
710 82 2 2 1
728 82 2 2 5
730 82 2 2 6
732 82 2 2 5
734 82 2 2 5
736 82 2 2 5
738 82 2 2 5
740 82 2 2 1
782 82 2 2 4
788 82 2 2 3
790 82 2 2 1
808 82 2 2 1
810 82 2 2 24
548 84 2 2 637
558 84 2 2 1
564 84 2 2 8
566 84 2 2 48
580 84 2 2 109
584 84 2 2 62
586 84 2 2 251
596 84 2 2 277
598 84 2 2 1
630 84 2 2 1
632 84 2 2 53
634 84 2 2 223
660 84 2 2 26
662 84 2 2 2
664 84 2 2 1
700 84 2 2 26
702 84 2 2 20
704 84 2 2 1
706 84 2 2 3
728 84 2 2 4
730 84 2 2 5
740 84 2 2 4
742 84 2 2 2
776 84 2 2 1
778 84 2 2 1
780 84 2 2 3
782 84 2 2 5
810 84 2 2 25
548 86 2 2 23
554 86 2 2 17
556 86 2 2 22
558 86 2 2 20
560 86 2 2 3
562 86 2 2 1
564 86 2 2 13
566 86 2 2 72
580 86 2 2 54
584 86 2 2 40
586 86 2 2 1
596 86 2 2 278
598 86 2 2 9
632 86 2 2 1
634 86 2 2 49
660 86 2 2 6
662 86 2 2 1
694 86 2 2 1
700 86 2 2 10
702 86 2 2 1
728 86 2 2 2
730 86 2 2 4
740 86 2 2 8
742 86 2 2 1
772 86 2 2 1
774 86 2 2 1
776 86 2 2 4
778 86 2 2 7
780 86 2 2 6
782 86 2 2 4
810 86 2 2 20
544 88 2 2 556
546 88 2 2 1
548 88 2 2 25
550 88 2 2 16
580 88 2 2 34
586 88 2 2 1
592 88 2 2 289
594 88 2 2 279
596 88 2 2 144
598 88 2 2 2
636 88 2 2 1
638 88 2 2 37
640 88 2 2 77
642 88 2 2 85
644 88 2 2 68
646 88 2 2 53
648 88 2 2 24
650 88 2 2 7
652 88 2 2 13
654 88 2 2 13
656 88 2 2 5
692 88 2 2 1
694 88 2 2 4
696 88 2 2 4
698 88 2 2 5
700 88 2 2 5
702 88 2 2 1
728 88 2 2 1
730 88 2 2 2
740 88 2 2 6
770 88 2 2 1
772 88 2 2 2
808 88 2 2 1
810 88 2 2 10
544 90 2 2 409
546 90 2 2 50
548 90 2 2 171
550 90 2 2 169
580 90 2 2 28
586 90 2 2 3
592 90 2 2 75
594 90 2 2 13
596 90 2 2 1
642 90 2 2 5
644 90 2 2 12
646 90 2 2 11
648 90 2 2 1
652 90 2 2 1
676 90 2 2 1
678 90 2 2 1
690 90 2 2 1
692 90 2 2 3
694 90 2 2 3
696 90 2 2 3
730 90 2 2 1
740 90 2 2 3
760 90 2 2 1
762 90 2 2 1
764 90 2 2 2
768 90 2 2 1
770 90 2 2 2
772 90 2 2 1
774 90 2 2 1
792 90 2 2 1
806 90 2 2 1
808 90 2 2 2
810 90 2 2 4
580 92 2 2 13
646 92 2 2 1
648 92 2 2 1
652 92 2 2 1
668 92 2 2 1
670 92 2 2 1
672 92 2 2 3
674 92 2 2 2
676 92 2 2 1
678 92 2 2 1
690 92 2 2 1
696 92 2 2 1
730 92 2 2 3
736 92 2 2 4
738 92 2 2 4
740 92 2 2 1
750 92 2 2 1
754 92 2 2 1
756 92 2 2 1
764 92 2 2 1
766 92 2 2 1
772 92 2 2 1
774 92 2 2 1
776 92 2 2 3
778 92 2 2 3
792 92 2 2 1
802 92 2 2 1
806 92 2 2 3
580 94 2 2 1
664 94 2 2 1
666 94 2 2 4
668 94 2 2 5
670 94 2 2 4
672 94 2 2 3
674 94 2 2 1
678 94 2 2 1
680 94 2 2 1
730 94 2 2 4
736 94 2 2 3
750 94 2 2 1
752 94 2 2 2
754 94 2 2 1
756 94 2 2 1
760 94 2 2 2
764 94 2 2 1
766 94 2 2 3
772 94 2 2 1
774 94 2 2 1
776 94 2 2 3
778 94 2 2 3
802 94 2 2 1
804 94 2 2 1
806 94 2 2 5
580 96 2 2 1
658 96 2 2 1
660 96 2 2 1
662 96 2 2 4
668 96 2 2 4
670 96 2 2 4
672 96 2 2 1
676 96 2 2 2
678 96 2 2 5
680 96 2 2 6
726 96 2 2 1
728 96 2 2 4
730 96 2 2 4
736 96 2 2 2
738 96 2 2 1
748 96 2 2 1
750 96 2 2 3
784 96 2 2 3
786 96 2 2 1
788 96 2 2 2
790 96 2 2 2
800 96 2 2 1
802 96 2 2 4
580 98 2 2 1
658 98 2 2 2
660 98 2 2 4
662 98 2 2 4
668 98 2 2 2
670 98 2 2 1
674 98 2 2 1
676 98 2 2 4
678 98 2 2 4
680 98 2 2 1
726 98 2 2 3
728 98 2 2 4
730 98 2 2 1
736 98 2 2 2
738 98 2 2 1
740 98 2 2 1
746 98 2 2 1
748 98 2 2 4
750 98 2 2 4
784 98 2 2 3
786 98 2 2 1
788 98 2 2 2
790 98 2 2 2
800 98 2 2 3
802 98 2 2 6
580 100 2 2 5
654 100 2 2 1
664 100 2 2 3
666 100 2 2 1
672 100 2 2 1
674 100 2 2 6
676 100 2 2 4
678 100 2 2 1
726 100 2 2 1
728 100 2 2 1
730 100 2 2 1
740 100 2 2 1
742 100 2 2 1
746 100 2 2 4
792 100 2 2 2
794 100 2 2 1
798 100 2 2 1
580 102 2 2 1
652 102 2 2 1
654 102 2 2 4
664 102 2 2 1
670 102 2 2 1
672 102 2 2 6
674 102 2 2 6
682 102 2 2 1
684 102 2 2 1
724 102 2 2 1
726 102 2 2 1
728 102 2 2 1
730 102 2 2 2
740 102 2 2 3
742 102 2 2 1
744 102 2 2 1
746 102 2 2 4
792 102 2 2 3
794 102 2 2 3
796 102 2 2 1
798 102 2 2 6
576 104 2 2 15
578 104 2 2 1
650 104 2 2 1
660 104 2 2 1
666 104 2 2 1
668 104 2 2 2
670 104 2 2 4
672 104 2 2 5
674 104 2 2 1
680 104 2 2 1
682 104 2 2 1
684 104 2 2 1
722 104 2 2 1
724 104 2 2 4
726 104 2 2 2
728 104 2 2 1
730 104 2 2 2
740 104 2 2 3
742 104 2 2 1
576 106 2 2 23
578 106 2 2 1
648 106 2 2 1
650 106 2 2 3
664 106 2 2 1
666 106 2 2 4
668 106 2 2 5
670 106 2 2 5
672 106 2 2 3
674 106 2 2 2
676 106 2 2 1
680 106 2 2 1
682 106 2 2 2
720 106 2 2 1
722 106 2 2 4
724 106 2 2 5
726 106 2 2 4
728 106 2 2 3
730 106 2 2 2
740 106 2 2 3
742 106 2 2 3
576 108 2 2 33
578 108 2 2 1
650 108 2 2 3
656 108 2 2 4
658 108 2 2 1
662 108 2 2 1
676 108 2 2 4
678 108 2 2 1
680 108 2 2 1
682 108 2 2 2
684 108 2 2 1
576 110 2 2 51
578 110 2 2 15
580 110 2 2 1
650 110 2 2 3
656 110 2 2 4
658 110 2 2 2
660 110 2 2 1
662 110 2 2 4
676 110 2 2 4
678 110 2 2 1
680 110 2 2 1
682 110 2 2 2
684 110 2 2 1
716 110 2 2 1
718 110 2 2 4
580 112 2 2 7
582 112 2 2 1
648 112 2 2 1
650 112 2 2 5
652 112 2 2 1
654 112 2 2 1
684 112 2 2 3
686 112 2 2 1
712 112 2 2 1
716 112 2 2 1
718 112 2 2 4
580 114 2 2 12
582 114 2 2 3
584 114 2 2 4
586 114 2 2 3
648 114 2 2 1
650 114 2 2 6
652 114 2 2 1
654 114 2 2 1
684 114 2 2 3
686 114 2 2 2
688 114 2 2 1
700 114 2 2 1
712 114 2 2 1
714 114 2 2 2
716 114 2 2 3
718 114 2 2 3
576 116 2 2 48
578 116 2 2 23
580 116 2 2 9
582 116 2 2 5
588 116 2 2 5
590 116 2 2 1
646 116 2 2 1
692 116 2 2 1
694 116 2 2 1
696 116 2 2 1
698 116 2 2 1
704 116 2 2 1
706 116 2 2 1
708 116 2 2 2
710 116 2 2 2
712 116 2 2 3
714 116 2 2 3
720 116 2 2 3
722 116 2 2 3
576 118 2 2 12
578 118 2 2 1
580 118 2 2 2
582 118 2 2 4
588 118 2 2 6
590 118 2 2 3
592 118 2 2 1
646 118 2 2 4
692 118 2 2 4
694 118 2 2 3
696 118 2 2 3
698 118 2 2 4
704 118 2 2 3
706 118 2 2 3
708 118 2 2 3
710 118 2 2 3
712 118 2 2 2
714 118 2 2 3
720 118 2 2 2
722 118 2 2 2
568 120 2 2 69
570 120 2 2 45
572 120 2 2 9
574 120 2 2 5
576 120 2 2 2
578 120 2 2 1
592 120 2 2 4
594 120 2 2 1
644 120 2 2 2
646 120 2 2 7
664 120 2 2 3
666 120 2 2 1
712 120 2 2 1
714 120 2 2 3
716 120 2 2 3
718 120 2 2 3
720 120 2 2 1
722 120 2 2 1
724 120 2 2 3
726 120 2 2 3
568 122 2 2 14
570 122 2 2 1
592 122 2 2 6
594 122 2 2 5
596 122 2 2 1
644 122 2 2 8
646 122 2 2 10
664 122 2 2 3
666 122 2 2 1
712 122 2 2 3
714 122 2 2 3
716 122 2 2 3
718 122 2 2 1
720 122 2 2 1
722 122 2 2 1
724 122 2 2 2
726 122 2 2 4
564 124 2 2 28
566 124 2 2 6
580 124 2 2 1
582 124 2 2 4
596 124 2 2 2
598 124 2 2 1
600 124 2 2 2
602 124 2 2 1
642 124 2 2 1
712 124 2 2 3
714 124 2 2 2
716 124 2 2 3
718 124 2 2 1
722 124 2 2 3
564 126 2 2 20
566 126 2 2 1
580 126 2 2 1
582 126 2 2 4
596 126 2 2 4
598 126 2 2 2
600 126 2 2 6
602 126 2 2 4
642 126 2 2 1
712 126 2 2 2
714 126 2 2 3
716 126 2 2 3
718 126 2 2 3
720 126 2 2 2
722 126 2 2 5
564 128 2 2 15
566 128 2 2 1
580 128 2 2 1
582 128 2 2 5
600 128 2 2 7
602 128 2 2 4
642 128 2 2 5
564 130 2 2 9
566 130 2 2 1
580 130 2 2 3
582 130 2 2 6
600 130 2 2 6
602 130 2 2 1
642 130 2 2 6
560 132 2 2 26
562 132 2 2 11
564 132 2 2 3
566 132 2 2 1
600 132 2 2 3
642 132 2 2 7
656 132 2 2 6
658 132 2 2 4
660 132 2 2 4
662 132 2 2 3
560 134 2 2 17
562 134 2 2 1
578 134 2 2 1
600 134 2 2 2
640 134 2 2 1
642 134 2 2 7
656 134 2 2 7
658 134 2 2 1
662 134 2 2 1
556 136 2 2 81
558 136 2 2 28
560 136 2 2 1
578 136 2 2 2
596 136 2 2 5
598 136 2 2 4
640 136 2 2 1
642 136 2 2 1
644 136 2 2 7
646 136 2 2 7
656 136 2 2 8
658 136 2 2 1
664 136 2 2 1
666 136 2 2 3
680 136 2 2 5
682 136 2 2 3
684 136 2 2 2
686 136 2 2 1
688 136 2 2 2
690 136 2 2 7
556 138 2 2 37
558 138 2 2 1
576 138 2 2 1
578 138 2 2 7
596 138 2 2 3
598 138 2 2 1
644 138 2 2 1
646 138 2 2 1
656 138 2 2 11
658 138 2 2 1
666 138 2 2 1
680 138 2 2 4
682 138 2 2 2
684 138 2 2 1
690 138 2 2 2
548 140 2 2 46
550 140 2 2 4
552 140 2 2 1
554 140 2 2 1
556 140 2 2 12
558 140 2 2 1
576 140 2 2 1
578 140 2 2 9
580 140 2 2 9
582 140 2 2 7
584 140 2 2 6
586 140 2 2 6
588 140 2 2 5
590 140 2 2 4
592 140 2 2 3
594 140 2 2 1
646 140 2 2 12
656 140 2 2 13
658 140 2 2 2
666 140 2 2 2
672 140 2 2 4
674 140 2 2 4
676 140 2 2 3
678 140 2 2 1
688 140 2 2 3
690 140 2 2 6
548 142 2 2 16
556 142 2 2 1
558 142 2 2 1
576 142 2 2 1
578 142 2 2 7
580 142 2 2 6
582 142 2 2 2
584 142 2 2 1
586 142 2 2 1
642 142 2 2 1
644 142 2 2 14
646 142 2 2 42
656 142 2 2 16
658 142 2 2 1
666 142 2 2 3
672 142 2 2 4
674 142 2 2 1
688 142 2 2 15
690 142 2 2 13
548 144 2 2 1
556 144 2 2 1
558 144 2 2 3
560 144 2 2 1
578 144 2 2 1
580 144 2 2 1
640 144 2 2 1
642 144 2 2 8
656 144 2 2 18
658 144 2 2 1
666 144 2 2 3
668 144 2 2 5
670 144 2 2 1
676 144 2 2 1
678 144 2 2 1
548 146 2 2 1
558 146 2 2 1
640 146 2 2 1
642 146 2 2 24
656 146 2 2 4
664 146 2 2 1
666 146 2 2 1
668 146 2 2 1
670 146 2 2 1
672 146 2 2 1
674 146 2 2 1
676 146 2 2 1
678 146 2 2 8
556 148 2 2 1
640 148 2 2 3
642 148 2 2 42
656 148 2 2 1
662 148 2 2 1
664 148 2 2 1
666 148 2 2 1
668 148 2 2 2
670 148 2 2 5
672 148 2 2 2
674 148 2 2 1
638 150 2 2 1
640 150 2 2 9
642 150 2 2 59
664 150 2 2 1
666 150 2 2 5
668 150 2 2 37
670 150 2 2 46
672 150 2 2 5
674 150 2 2 5
638 152 2 2 1
652 152 2 2 1
666 152 2 2 5
672 152 2 2 32
674 152 2 2 27
638 154 2 2 1
652 154 2 2 39
664 154 2 2 1
672 154 2 2 111
674 154 2 2 115
636 156 2 2 1
638 156 2 2 41
652 156 2 2 51
666 156 2 2 14
634 158 2 2 1
636 158 2 2 33
638 158 2 2 84
652 158 2 2 54
654 158 2 2 17
656 158 2 2 22
658 158 2 2 1
662 158 2 2 1
664 158 2 2 10
666 158 2 2 113
404 160 2 2 2614
406 160 2 2 1362
408 160 2 2 867
410 160 2 2 1161
412 160 2 2 853
414 160 2 2 1126
544 160 2 2 9
546 160 2 2 5
634 160 2 2 1
404 162 2 2 1366
406 162 2 2 245
408 162 2 2 1
410 162 2 2 1
412 162 2 2 1
414 162 2 2 84
544 162 2 2 16
546 162 2 2 1
634 162 2 2 42
404 164 2 2 405
406 164 2 2 19
412 164 2 2 2
414 164 2 2 6
544 164 2 2 21
546 164 2 2 1
634 164 2 2 62
404 166 2 2 201
406 166 2 2 1
412 166 2 2 1
414 166 2 2 5
544 166 2 2 19
632 166 2 2 1
634 166 2 2 63
404 168 2 2 228
406 168 2 2 8
408 168 2 2 5
410 168 2 2 1
412 168 2 2 34
414 168 2 2 570
544 168 2 2 8
630 168 2 2 1
632 168 2 2 28
634 168 2 2 84
404 170 2 2 259
406 170 2 2 1
408 170 2 2 1
410 170 2 2 143
412 170 2 2 881
414 170 2 2 1954
544 170 2 2 1
628 170 2 2 1
630 170 2 2 28
632 170 2 2 44
634 170 2 2 83
540 172 2 2 178
542 172 2 2 23
544 172 2 2 1
540 174 2 2 28
542 174 2 2 3
626 174 2 2 1
540 176 2 2 8
626 176 2 2 1
628 176 2 2 9
630 176 2 2 32
540 178 2 2 1
628 178 2 2 1
630 178 2 2 1
536 180 2 2 60
538 180 2 2 1
632 180 2 2 16
634 180 2 2 146
536 182 2 2 67
538 182 2 2 1
632 182 2 2 1
634 182 2 2 157
536 184 2 2 159
538 184 2 2 1
634 184 2 2 102
536 186 2 2 213
538 186 2 2 1
540 186 2 2 1
634 186 2 2 43
536 188 2 2 291
538 188 2 2 10
540 188 2 2 1
634 188 2 2 1
636 188 2 2 39
638 188 2 2 164
536 190 2 2 291
538 190 2 2 12
636 190 2 2 1
638 190 2 2 49
536 192 2 2 88
538 192 2 2 2
638 192 2 2 1
640 192 2 2 187
642 192 2 2 520
536 194 2 2 35
538 194 2 2 4
640 194 2 2 1
642 194 2 2 300
536 196 2 2 18
538 196 2 2 5
642 196 2 2 142
536 198 2 2 5
538 198 2 2 1
642 198 2 2 1
532 200 2 2 8
534 200 2 2 2
536 200 2 2 1
642 200 2 2 1
532 202 2 2 1
534 202 2 2 2
536 202 2 2 4
538 202 2 2 1
638 202 2 2 4
640 202 2 2 8
642 202 2 2 25
180 204 2 2 6
182 204 2 2 33
532 204 2 2 1
534 204 2 2 2
536 204 2 2 2
638 204 2 2 14
180 206 2 2 23
182 206 2 2 34
532 206 2 2 2
534 206 2 2 2
536 206 2 2 3
538 206 2 2 1
636 206 2 2 1
638 206 2 2 17
532 208 2 2 2
534 208 2 2 2
536 208 2 2 3
638 208 2 2 13
532 210 2 2 2
534 210 2 2 2
536 210 2 2 1
638 210 2 2 1
528 212 2 2 520
532 212 2 2 1
534 212 2 2 4
640 212 2 2 1
642 212 2 2 26
528 214 2 2 320
642 214 2 2 1
528 216 2 2 372
644 216 2 2 1
646 216 2 2 51
660 216 2 2 150
662 216 2 2 229
664 216 2 2 983
666 216 2 2 1779
528 218 2 2 436
552 218 2 2 1
554 218 2 2 1
556 218 2 2 1
558 218 2 2 1
560 218 2 2 1
646 218 2 2 1
660 218 2 2 159
662 218 2 2 17
666 218 2 2 645
52 220 2 2 20
54 220 2 2 131
100 220 2 2 3
102 220 2 2 95
528 220 2 2 444
550 220 2 2 1
560 220 2 2 7
562 220 2 2 4
564 220 2 2 1
648 220 2 2 1
650 220 2 2 1
652 220 2 2 1
654 220 2 2 84
656 220 2 2 171
658 220 2 2 210
664 220 2 2 1
668 220 2 2 587
670 220 2 2 1584
52 222 2 2 19
54 222 2 2 90
100 222 2 2 51
102 222 2 2 19
528 222 2 2 392
550 222 2 2 1
560 222 2 2 9
562 222 2 2 9
564 222 2 2 7
566 222 2 2 1
656 222 2 2 26
658 222 2 2 58
664 222 2 2 13
666 222 2 2 1
668 222 2 2 57
670 222 2 2 762
528 224 2 2 466
530 224 2 2 1
550 224 2 2 1
568 224 2 2 1
662 224 2 2 1
664 224 2 2 12
666 224 2 2 6
668 224 2 2 1
670 224 2 2 75
672 224 2 2 773
674 224 2 2 1544
528 226 2 2 375
544 226 2 2 1
548 226 2 2 1
550 226 2 2 4
568 226 2 2 3
664 226 2 2 1
666 226 2 2 1
668 226 2 2 2
672 226 2 2 98
674 226 2 2 839
528 228 2 2 512
542 228 2 2 1
544 228 2 2 5
546 228 2 2 2
568 228 2 2 1
668 228 2 2 1
670 228 2 2 1
674 228 2 2 82
676 228 2 2 830
678 228 2 2 1579
528 230 2 2 838
530 230 2 2 1
540 230 2 2 1
542 230 2 2 1
544 230 2 2 1
546 230 2 2 3
568 230 2 2 1
668 230 2 2 1
670 230 2 2 5
676 230 2 2 58
678 230 2 2 700
528 232 2 2 942
540 232 2 2 1
544 232 2 2 1
546 232 2 2 4
564 232 2 2 2
676 232 2 2 1
678 232 2 2 193
528 234 2 2 780
530 234 2 2 99
544 234 2 2 1
546 234 2 2 4
564 234 2 2 1
676 234 2 2 1
678 234 2 2 73
64 236 2 2 55
66 236 2 2 31
84 236 2 2 42
86 236 2 2 3
88 236 2 2 5
90 236 2 2 25
216 236 2 2 59
218 236 2 2 66
544 236 2 2 3
546 236 2 2 5
564 236 2 2 1
676 236 2 2 1
678 236 2 2 19
64 238 2 2 11
66 238 2 2 13
84 238 2 2 158
86 238 2 2 43
88 238 2 2 14
90 238 2 2 10
216 238 2 2 54
218 238 2 2 14
532 238 2 2 142
534 238 2 2 15
542 238 2 2 2
544 238 2 2 6
546 238 2 2 8
678 238 2 2 1
536 240 2 2 4
538 240 2 2 1
540 240 2 2 1
542 240 2 2 6
676 240 2 2 1
678 240 2 2 1
536 242 2 2 26
538 242 2 2 9
540 242 2 2 11
542 242 2 2 19
676 242 2 2 1
678 242 2 2 3
36 244 2 2 3
38 244 2 2 2
48 244 2 2 1
50 244 2 2 142
560 244 2 2 7
562 244 2 2 3
678 244 2 2 1
36 246 2 2 43
38 246 2 2 9
48 246 2 2 1
50 246 2 2 18
560 246 2 2 7
562 246 2 2 1
678 246 2 2 1
36 248 2 2 62
38 248 2 2 30
560 248 2 2 10
562 248 2 2 1
682 248 2 2 124
36 250 2 2 105
38 250 2 2 24
560 250 2 2 10
562 250 2 2 1
682 250 2 2 1
560 252 2 2 10
684 252 2 2 164
686 252 2 2 665
560 254 2 2 37
562 254 2 2 1
684 254 2 2 1
686 254 2 2 726
108 256 2 2 5
110 256 2 2 160
564 256 2 2 1
686 256 2 2 230
108 258 2 2 24
110 258 2 2 205
564 258 2 2 1
564 260 2 2 1
688 260 2 2 43
690 260 2 2 550
690 262 2 2 173
84 264 2 2 34
86 264 2 2 34
690 264 2 2 19
84 266 2 2 14
86 266 2 2 33
564 266 2 2 3
690 266 2 2 1
564 268 2 2 42
566 268 2 2 26
692 268 2 2 37
694 268 2 2 114
564 270 2 2 187
566 270 2 2 72
568 270 2 2 4
692 270 2 2 8
694 270 2 2 84
568 272 2 2 33
692 272 2 2 1
694 272 2 2 67
568 274 2 2 107
570 274 2 2 8
692 274 2 2 1
694 274 2 2 60
76 276 2 2 56
78 276 2 2 30
568 276 2 2 119
570 276 2 2 13
694 276 2 2 20
76 278 2 2 278
78 278 2 2 253
568 278 2 2 114
570 278 2 2 13
694 278 2 2 1
32 280 2 2 43
34 280 2 2 67
36 280 2 2 154
38 280 2 2 352
568 280 2 2 155
570 280 2 2 10
32 282 2 2 5
34 282 2 2 8
36 282 2 2 22
38 282 2 2 164
568 282 2 2 148
570 282 2 2 1
568 284 2 2 100
688 284 2 2 1
690 284 2 2 28
692 284 2 2 36
694 284 2 2 1
568 286 2 2 123
688 286 2 2 1
690 286 2 2 68
692 286 2 2 65
694 286 2 2 17
568 288 2 2 35
690 288 2 2 75
568 290 2 2 26
690 290 2 2 20
568 292 2 2 74
690 292 2 2 1
568 294 2 2 111
690 294 2 2 26
568 296 2 2 197
570 296 2 2 1
682 296 2 2 1
684 296 2 2 1
688 296 2 2 1
690 296 2 2 107
568 298 2 2 300
570 298 2 2 31
678 298 2 2 1
680 298 2 2 2
682 298 2 2 2
684 298 2 2 2
686 298 2 2 2
688 298 2 2 15
690 298 2 2 252
568 300 2 2 400
570 300 2 2 71
678 300 2 2 1
568 302 2 2 351
570 302 2 2 1
678 302 2 2 4
568 304 2 2 78
676 304 2 2 1
678 304 2 2 22
568 306 2 2 1
676 306 2 2 15
678 306 2 2 42
564 308 2 2 18
564 310 2 2 9
674 310 2 2 1
564 312 2 2 10
674 312 2 2 5
564 314 2 2 26
674 314 2 2 16
564 316 2 2 45
674 316 2 2 35
564 318 2 2 124
566 318 2 2 21
568 318 2 2 1
674 318 2 2 35
568 320 2 2 11
672 320 2 2 1
674 320 2 2 52
568 322 2 2 1
672 322 2 2 1
674 322 2 2 60
568 324 2 2 4
672 324 2 2 1
674 324 2 2 98
568 326 2 2 28
570 326 2 2 2
674 326 2 2 53
568 328 2 2 35
570 328 2 2 1
674 328 2 2 23
568 330 2 2 20
570 330 2 2 1
568 332 2 2 22
570 332 2 2 8
572 332 2 2 1
674 332 2 2 1
568 334 2 2 59
570 334 2 2 37
572 334 2 2 1
674 334 2 2 1
572 336 2 2 7
572 338 2 2 1
674 338 2 2 1
572 340 2 2 1
674 340 2 2 1
572 342 2 2 15
674 342 2 2 1
572 344 2 2 43
574 344 2 2 1
676 344 2 2 1
678 344 2 2 103
680 344 2 2 462
682 344 2 2 946
572 346 2 2 52
574 346 2 2 13
680 346 2 2 62
682 346 2 2 530
682 348 2 2 157
576 350 2 2 15
682 350 2 2 1
576 352 2 2 33
578 352 2 2 1
656 352 2 2 1
658 352 2 2 2
660 352 2 2 1
662 352 2 2 1
684 352 2 2 50
686 352 2 2 166
576 354 2 2 40
578 354 2 2 17
646 354 2 2 1
648 354 2 2 8
650 354 2 2 1
652 354 2 2 5
654 354 2 2 11
656 354 2 2 16
658 354 2 2 20
660 354 2 2 22
662 354 2 2 18
664 354 2 2 10
666 354 2 2 1
684 354 2 2 25
686 354 2 2 78
642 356 2 2 1
644 356 2 2 1
646 356 2 2 5
668 356 2 2 1
684 356 2 2 45
686 356 2 2 147
640 358 2 2 11
642 358 2 2 9
644 358 2 2 18
646 358 2 2 24
668 358 2 2 20
670 358 2 2 1
684 358 2 2 57
686 358 2 2 284
576 360 2 2 143
578 360 2 2 13
636 360 2 2 6
638 360 2 2 15
682 360 2 2 2
576 362 2 2 126
578 362 2 2 1
632 362 2 2 6
634 362 2 2 17
636 362 2 2 32
638 362 2 2 52
680 362 2 2 18
682 362 2 2 48
576 364 2 2 111
578 364 2 2 1
628 364 2 2 1
630 364 2 2 14
668 364 2 2 81
670 364 2 2 32
672 364 2 2 1
678 364 2 2 1
576 366 2 2 145
578 366 2 2 3
624 366 2 2 8
626 366 2 2 27
628 366 2 2 28
630 366 2 2 34
668 366 2 2 157
670 366 2 2 18
672 366 2 2 1
678 366 2 2 1
580 368 2 2 13
582 368 2 2 1
584 368 2 2 1
586 368 2 2 19
588 368 2 2 11
590 368 2 2 1
620 368 2 2 1
622 368 2 2 17
668 368 2 2 176
670 368 2 2 1
674 368 2 2 8
580 370 2 2 35
582 370 2 2 34
584 370 2 2 57
586 370 2 2 78
588 370 2 2 51
590 370 2 2 12
598 370 2 2 1
600 370 2 2 28
618 370 2 2 3
620 370 2 2 30
622 370 2 2 32
668 370 2 2 213
670 370 2 2 33
674 370 2 2 19
588 372 2 2 88
590 372 2 2 14
596 372 2 2 1
598 372 2 2 122
604 372 2 2 1
608 372 2 2 1
614 372 2 2 1
616 372 2 2 11
618 372 2 2 32
588 374 2 2 202
590 374 2 2 45
592 374 2 2 1
594 374 2 2 1
596 374 2 2 59
598 374 2 2 246
604 374 2 2 121
606 374 2 2 56
608 374 2 2 33
610 374 2 2 20
612 374 2 2 22
614 374 2 2 34
616 374 2 2 44
618 374 2 2 48
620 384 2 2 374
622 384 2 2 393
624 384 2 2 409
626 384 2 2 449
628 384 2 2 468
630 384 2 2 484
652 384 2 2 793
654 384 2 2 280
656 384 2 2 583
658 384 2 2 1078
620 386 2 2 64
622 386 2 2 10
624 386 2 2 26
626 386 2 2 84
628 386 2 2 120
630 386 2 2 156
652 386 2 2 329
656 386 2 2 1
658 386 2 2 547
616 388 2 2 113
618 388 2 2 11
632 388 2 2 6
634 388 2 2 255
652 388 2 2 149
654 388 2 2 1
658 388 2 2 1
660 388 2 2 378
662 388 2 2 745
616 390 2 2 75
618 390 2 2 34
620 390 2 2 42
622 390 2 2 39
624 390 2 2 51
626 390 2 2 21
628 390 2 2 1
630 390 2 2 35
632 390 2 2 35
634 390 2 2 127
652 390 2 2 142
654 390 2 2 5
662 390 2 2 298
662 392 2 2 1
656 394 2 2 1
662 394 2 2 1
616 396 2 2 19
618 396 2 2 28
656 396 2 2 54
658 396 2 2 1
660 396 2 2 11
662 396 2 2 55
616 398 2 2 1
656 398 2 2 93
658 398 2 2 128
660 398 2 2 140
662 398 2 2 184
676 400 2 2 160
678 400 2 2 975
618 402 2 2 1
676 402 2 2 147
678 402 2 2 733
616 404 2 2 1
618 404 2 2 4
616 406 2 2 28
618 406 2 2 28
60 408 2 2 11
62 408 2 2 10
60 410 2 2 22
62 410 2 2 3
624 412 2 2 422
626 412 2 2 437
628 412 2 2 132
630 412 2 2 1
636 412 2 2 12
638 412 2 2 242
624 414 2 2 223
626 414 2 2 80
636 414 2 2 62
638 414 2 2 391
624 416 2 2 116
636 416 2 2 88
638 416 2 2 484
624 418 2 2 42
626 418 2 2 1
630 418 2 2 1
632 418 2 2 1
634 418 2 2 1
636 418 2 2 65
638 418 2 2 447
628 420 2 2 6
630 420 2 2 31
632 420 2 2 87
634 420 2 2 47
628 422 2 2 185
630 422 2 2 229
632 422 2 2 193
634 422 2 2 1
656 424 2 2 738
658 424 2 2 586
660 424 2 2 210
662 424 2 2 231
664 424 2 2 721
666 424 2 2 1161
656 426 2 2 269
658 426 2 2 29
664 426 2 2 159
666 426 2 2 694
656 428 2 2 203
664 428 2 2 45
666 428 2 2 428
656 430 2 2 314
658 430 2 2 37
660 430 2 2 18
662 430 2 2 1
664 430 2 2 99
666 430 2 2 353
0 432 2 2 1
2 432 2 2 7
4 432 2 2 21
6 432 2 2 26
2 434 2 2 1
4 434 2 2 1
6 434 2 2 1
6 436 2 2 9
4 438 2 2 1
6 438 2 2 24
4 440 2 2 6
6 440 2 2 25
4 442 2 2 5
6 442 2 2 21
4 444 2 2 5
6 444 2 2 17
4 446 2 2 7
6 446 2 2 15
2 448 2 2 1
2 450 2 2 1
2 452 2 2 7
672 452 2 2 3
674 452 2 2 225
2 454 2 2 14
672 454 2 2 63
674 454 2 2 168
0 456 2 2 1
2 456 2 2 20
0 458 2 2 18
2 458 2 2 25
652 472 2 2 506
654 472 2 2 19
656 472 2 2 1
658 472 2 2 160
652 474 2 2 1
654 474 2 2 1
658 474 2 2 108
648 476 2 2 529
650 476 2 2 101
652 476 2 2 1
654 476 2 2 1
656 476 2 2 1
658 476 2 2 31
660 476 2 2 68
662 476 2 2 503
648 478 2 2 762
650 478 2 2 298
652 478 2 2 82
654 478 2 2 22
656 478 2 2 113
658 478 2 2 24
662 478 2 2 17
656 480 2 2 278
658 480 2 2 67
660 480 2 2 1
662 480 2 2 1
664 480 2 2 346
666 480 2 2 957
656 482 2 2 882
658 482 2 2 381
660 482 2 2 69
664 482 2 2 31
666 482 2 2 429
660 484 2 2 178
662 484 2 2 1
666 484 2 2 92
660 486 2 2 486
662 486 2 2 129
664 486 2 2 97
666 486 2 2 177
348 492 2 2 92
350 492 2 2 27
352 492 2 2 17
354 492 2 2 37
348 494 2 2 15
350 494 2 2 3
352 494 2 2 4
354 494 2 2 9
648 496 2 2 995
650 496 2 2 998
652 496 2 2 401
654 496 2 2 813
656 496 2 2 978
658 496 2 2 948
660 496 2 2 756
662 496 2 2 657
648 498 2 2 945
650 498 2 2 268
654 498 2 2 77
656 498 2 2 433
658 498 2 2 204
660 498 2 2 158
662 498 2 2 725
348 500 2 2 13
350 500 2 2 4
352 500 2 2 4
354 500 2 2 8
656 500 2 2 72
658 500 2 2 92
348 502 2 2 15
350 502 2 2 4
352 502 2 2 3
354 502 2 2 6
652 502 2 2 23
656 502 2 2 1
658 502 2 2 142
652 504 2 2 235
656 504 2 2 1
658 504 2 2 149
652 506 2 2 512
654 506 2 2 44
656 506 2 2 19
658 506 2 2 139
656 508 2 2 329
658 508 2 2 232
656 510 2 2 514
658 510 2 2 89
656 512 2 2 488
658 512 2 2 69
660 512 2 2 125
662 512 2 2 661
656 514 2 2 392
658 514 2 2 94
660 514 2 2 222
662 514 2 2 738
660 520 2 2 105
662 520 2 2 593
660 522 2 2 18
662 522 2 2 417
12 536 2 2 11
14 536 2 2 11
12 538 2 2 10
14 538 2 2 1
0 540 2 2 4
2 540 2 2 6
4 540 2 2 6
6 540 2 2 8
16 540 2 2 6
18 540 2 2 7
20 540 2 2 4
22 540 2 2 10
4 542 2 2 1
6 542 2 2 3
16 542 2 2 4
18 542 2 2 2
20 542 2 2 1
22 542 2 2 1
8 544 2 2 1
14 544 2 2 1
16 544 2 2 1
18 544 2 2 2
20 544 2 2 2
24 544 2 2 1
26 544 2 2 2
28 544 2 2 4
30 544 2 2 4
32 544 2 2 4
34 544 2 2 9
36 544 2 2 12
38 544 2 2 12
40 544 2 2 13
42 544 2 2 15
4 546 2 2 1
6 546 2 2 2
8 546 2 2 1
16 546 2 2 1
18 546 2 2 1
26 546 2 2 1
28 546 2 2 1
30 546 2 2 2
32 546 2 2 1
34 546 2 2 1
36 546 2 2 1
38 546 2 2 6
40 546 2 2 5
42 546 2 2 6
26 548 2 2 1
30 548 2 2 1
38 548 2 2 1
44 548 2 2 1
46 548 2 2 8
52 548 2 2 9
54 548 2 2 13
56 548 2 2 16
58 548 2 2 18
72 548 2 2 12
74 548 2 2 2
108 548 2 2 19
110 548 2 2 21
112 548 2 2 28
114 548 2 2 31
30 550 2 2 1
44 550 2 2 1
46 550 2 2 5
52 550 2 2 1
56 550 2 2 1
58 550 2 2 12
72 550 2 2 10
74 550 2 2 10
108 550 2 2 10
110 550 2 2 1
112 550 2 2 1
114 550 2 2 23
46 552 2 2 1
48 552 2 2 1
50 552 2 2 2
52 552 2 2 2
54 552 2 2 1
58 552 2 2 1
60 552 2 2 1
62 552 2 2 1
64 552 2 2 5
66 552 2 2 12
68 552 2 2 12
70 552 2 2 10
72 552 2 2 4
74 552 2 2 11
88 552 2 2 12
90 552 2 2 11
92 552 2 2 9
94 552 2 2 2
98 552 2 2 1
100 552 2 2 1
102 552 2 2 4
104 552 2 2 4
106 552 2 2 6
108 552 2 2 1
112 552 2 2 1
114 552 2 2 14
118 552 2 2 13
50 554 2 2 1
52 554 2 2 2
54 554 2 2 1
66 554 2 2 11
68 554 2 2 10
70 554 2 2 3
72 554 2 2 11
74 554 2 2 12
88 554 2 2 7
90 554 2 2 2
92 554 2 2 2
94 554 2 2 2
96 554 2 2 1
104 554 2 2 2
106 554 2 2 3
108 554 2 2 1
112 554 2 2 1
114 554 2 2 18
116 554 2 2 21
118 554 2 2 20
50 556 2 2 1
52 556 2 2 1
54 556 2 2 3
56 556 2 2 2
58 556 2 2 2
76 556 2 2 7
78 556 2 2 6
80 556 2 2 6
82 556 2 2 7
84 556 2 2 6
86 556 2 2 4
88 556 2 2 3
90 556 2 2 1
92 556 2 2 1
94 556 2 2 2
96 556 2 2 1
98 556 2 2 1
102 556 2 2 1
104 556 2 2 1
106 556 2 2 1
108 556 2 2 1
110 556 2 2 1
112 556 2 2 1
114 556 2 2 14
52 558 2 2 4
54 558 2 2 2
56 558 2 2 1
58 558 2 2 1
76 558 2 2 4
78 558 2 2 1
84 558 2 2 2
86 558 2 2 1
88 558 2 2 1
90 558 2 2 1
92 558 2 2 3
94 558 2 2 4
96 558 2 2 3
98 558 2 2 1
100 558 2 2 1
104 558 2 2 1
106 558 2 2 1
112 558 2 2 1
114 558 2 2 12
46 560 2 2 1
48 560 2 2 2
50 560 2 2 3
52 560 2 2 1
54 560 2 2 1
60 560 2 2 1
62 560 2 2 2
64 560 2 2 1
66 560 2 2 1
68 560 2 2 4
70 560 2 2 6
76 560 2 2 1
88 560 2 2 1
90 560 2 2 2
96 560 2 2 4
98 560 2 2 1
100 560 2 2 2
102 560 2 2 3
108 560 2 2 1
114 560 2 2 1
116 560 2 2 1
118 560 2 2 13
44 562 2 2 1
50 562 2 2 1
64 562 2 2 1
66 562 2 2 1
68 562 2 2 2
70 562 2 2 3
90 562 2 2 3
96 562 2 2 1
100 562 2 2 1
102 562 2 2 2
108 562 2 2 3
110 562 2 2 1
112 562 2 2 1
114 562 2 2 1
116 562 2 2 1
118 562 2 2 11
62 564 2 2 8
64 564 2 2 7
72 564 2 2 1
74 564 2 2 1
90 564 2 2 4
92 564 2 2 8
94 564 2 2 2
96 564 2 2 1
98 564 2 2 1
100 564 2 2 1
104 564 2 2 6
106 564 2 2 5
116 564 2 2 9
118 564 2 2 8
124 564 2 2 8
126 564 2 2 10
132 564 2 2 12
134 564 2 2 16
180 564 2 2 10
182 564 2 2 10
58 566 2 2 1
64 566 2 2 5
74 566 2 2 4
76 566 2 2 1
88 566 2 2 1
90 566 2 2 21
92 566 2 2 45
94 566 2 2 1
102 566 2 2 1
104 566 2 2 1
106 566 2 2 3
116 566 2 2 5
118 566 2 2 1
124 566 2 2 1
126 566 2 2 4
132 566 2 2 1
134 566 2 2 7
180 566 2 2 19
182 566 2 2 10
66 568 2 2 1
74 568 2 2 1
88 568 2 2 1
90 568 2 2 14
102 568 2 2 1
106 568 2 2 1
108 568 2 2 2
110 568 2 2 4
116 568 2 2 1
122 568 2 2 1
124 568 2 2 1
126 568 2 2 1
128 568 2 2 2
130 568 2 2 2
132 568 2 2 1
134 568 2 2 1
136 568 2 2 2
138 568 2 2 3
140 568 2 2 1
142 568 2 2 11
184 568 2 2 2
186 568 2 2 2
592 568 2 2 183
594 568 2 2 117
88 570 2 2 1
110 570 2 2 5
116 570 2 2 1
124 570 2 2 1
126 570 2 2 2
128 570 2 2 2
130 570 2 2 1
132 570 2 2 1
134 570 2 2 1
136 570 2 2 1
142 570 2 2 4
184 570 2 2 20
186 570 2 2 1
592 570 2 2 69
594 570 2 2 1
86 572 2 2 1
88 572 2 2 2
90 572 2 2 1
110 572 2 2 2
112 572 2 2 4
114 572 2 2 4
126 572 2 2 1
132 572 2 2 1
134 572 2 2 1
136 572 2 2 1
140 572 2 2 1
142 572 2 2 2
164 572 2 2 1
166 572 2 2 1
168 572 2 2 1
170 572 2 2 21
192 572 2 2 22
194 572 2 2 20
584 572 2 2 140
586 572 2 2 1
588 572 2 2 1
590 572 2 2 14
592 572 2 2 1
594 572 2 2 1
640 572 2 2 375
642 572 2 2 746
94 574 2 2 1
114 574 2 2 1
126 574 2 2 2
132 574 2 2 3
134 574 2 2 1
136 574 2 2 1
138 574 2 2 3
140 574 2 2 2
142 574 2 2 2
164 574 2 2 5
166 574 2 2 2
168 574 2 2 1
170 574 2 2 1
192 574 2 2 1
194 574 2 2 5
584 574 2 2 230
586 574 2 2 1
594 574 2 2 1
640 574 2 2 4
642 574 2 2 479
112 576 2 2 1
114 576 2 2 7
124 576 2 2 1
126 576 2 2 4
132 576 2 2 4
134 576 2 2 2
140 576 2 2 2
142 576 2 2 1
148 576 2 2 1
150 576 2 2 3
164 576 2 2 9
166 576 2 2 1
168 576 2 2 3
170 576 2 2 11
172 576 2 2 7
174 576 2 2 5
176 576 2 2 16
178 576 2 2 21
184 576 2 2 21
186 576 2 2 23
192 576 2 2 11
194 576 2 2 1
198 576 2 2 3
200 576 2 2 6
202 576 2 2 10
584 576 2 2 96
596 576 2 2 1
598 576 2 2 340
632 576 2 2 1195
634 576 2 2 1059
636 576 2 2 391
640 576 2 2 85
642 576 2 2 665
86 578 2 2 1
114 578 2 2 1
124 578 2 2 1
126 578 2 2 9
132 578 2 2 4
134 578 2 2 11
136 578 2 2 1
140 578 2 2 1
142 578 2 2 1
148 578 2 2 1
150 578 2 2 2
164 578 2 2 1
166 578 2 2 1
168 578 2 2 12
170 578 2 2 16
172 578 2 2 14
174 578 2 2 9
176 578 2 2 8
178 578 2 2 1
184 578 2 2 1
186 578 2 2 21
192 578 2 2 28
194 578 2 2 26
196 578 2 2 18
198 578 2 2 1
202 578 2 2 1
584 578 2 2 40
598 578 2 2 126
632 578 2 2 998
634 578 2 2 131
638 578 2 2 1
640 578 2 2 161
642 578 2 2 866
110 580 2 2 1
122 580 2 2 1
124 580 2 2 4
126 580 2 2 9
128 580 2 2 7
130 580 2 2 3
132 580 2 2 9
134 580 2 2 20
136 580 2 2 1
142 580 2 2 1
144 580 2 2 1
148 580 2 2 1
150 580 2 2 1
152 580 2 2 1
154 580 2 2 1
156 580 2 2 1
158 580 2 2 2
164 580 2 2 3
166 580 2 2 6
176 580 2 2 10
178 580 2 2 8
184 580 2 2 20
186 580 2 2 13
200 580 2 2 23
202 580 2 2 1
584 580 2 2 40
586 580 2 2 1
598 580 2 2 106
632 580 2 2 465
638 580 2 2 1
110 582 2 2 1
122 582 2 2 2
124 582 2 2 2
126 582 2 2 7
128 582 2 2 6
130 582 2 2 3
132 582 2 2 12
136 582 2 2 1
138 582 2 2 2
140 582 2 2 1
142 582 2 2 1
144 582 2 2 2
146 582 2 2 3
148 582 2 2 3
150 582 2 2 3
152 582 2 2 1
156 582 2 2 1
158 582 2 2 1
164 582 2 2 3
166 582 2 2 1
176 582 2 2 1
178 582 2 2 8
184 582 2 2 12
186 582 2 2 1
200 582 2 2 28
202 582 2 2 28
584 582 2 2 55
586 582 2 2 1
598 582 2 2 93
632 582 2 2 210
634 582 2 2 22
636 582 2 2 1
638 582 2 2 188
126 584 2 2 3
128 584 2 2 4
130 584 2 2 5
132 584 2 2 1
138 584 2 2 1
140 584 2 2 2
142 584 2 2 2
144 584 2 2 1
146 584 2 2 3
148 584 2 2 4
150 584 2 2 3
152 584 2 2 1
154 584 2 2 1
156 584 2 2 1
158 584 2 2 1
164 584 2 2 3
166 584 2 2 1
172 584 2 2 1
174 584 2 2 4
176 584 2 2 8
178 584 2 2 7
188 584 2 2 15
190 584 2 2 21
192 584 2 2 24
194 584 2 2 25
196 584 2 2 25
198 584 2 2 20
200 584 2 2 18
202 584 2 2 28
584 584 2 2 53
598 584 2 2 67
126 586 2 2 1
128 586 2 2 2
130 586 2 2 2
140 586 2 2 1
142 586 2 2 1
144 586 2 2 3
146 586 2 2 2
148 586 2 2 3
150 586 2 2 1
152 586 2 2 1
156 586 2 2 1
158 586 2 2 1
164 586 2 2 3
166 586 2 2 2
172 586 2 2 2
174 586 2 2 10
176 586 2 2 8
188 586 2 2 14
190 586 2 2 4
192 586 2 2 1
194 586 2 2 11
196 586 2 2 13
198 586 2 2 1
200 586 2 2 1
202 586 2 2 13
584 586 2 2 20
598 586 2 2 73
130 588 2 2 1
148 588 2 2 3
158 588 2 2 3
172 588 2 2 11
174 588 2 2 1
176 588 2 2 1
178 588 2 2 1
180 588 2 2 4
182 588 2 2 1
184 588 2 2 1
186 588 2 2 1
188 588 2 2 9
190 588 2 2 1
194 588 2 2 2
196 588 2 2 1
198 588 2 2 1
200 588 2 2 2
202 588 2 2 8
584 588 2 2 1
598 588 2 2 70
142 590 2 2 1
148 590 2 2 1
150 590 2 2 2
152 590 2 2 1
158 590 2 2 1
172 590 2 2 10
174 590 2 2 1
186 590 2 2 1
188 590 2 2 4
190 590 2 2 1
192 590 2 2 1
200 590 2 2 1
202 590 2 2 2
598 590 2 2 78
142 592 2 2 3
144 592 2 2 3
148 592 2 2 1
150 592 2 2 3
152 592 2 2 1
160 592 2 2 2
162 592 2 2 3
176 592 2 2 1
186 592 2 2 1
188 592 2 2 2
190 592 2 2 1
202 592 2 2 1
204 592 2 2 2
206 592 2 2 8
580 592 2 2 27
582 592 2 2 1
598 592 2 2 74
128 594 2 2 1
134 594 2 2 1
136 594 2 2 9
138 594 2 2 15
142 594 2 2 1
144 594 2 2 1
158 594 2 2 1
160 594 2 2 1
162 594 2 2 2
176 594 2 2 4
178 594 2 2 1
180 594 2 2 1
182 594 2 2 1
186 594 2 2 1
188 594 2 2 2
190 594 2 2 1
192 594 2 2 1
202 594 2 2 1
204 594 2 2 1
206 594 2 2 7
580 594 2 2 13
582 594 2 2 1
598 594 2 2 59
100 596 2 2 1
128 596 2 2 1
134 596 2 2 6
136 596 2 2 15
138 596 2 2 1
142 596 2 2 1
144 596 2 2 1
160 596 2 2 1
162 596 2 2 2
176 596 2 2 3
178 596 2 2 2
180 596 2 2 2
182 596 2 2 2
184 596 2 2 1
188 596 2 2 1
190 596 2 2 1
200 596 2 2 1
206 596 2 2 1
564 596 2 2 68
566 596 2 2 1
576 596 2 2 22
578 596 2 2 15
580 596 2 2 1
598 596 2 2 32
100 598 2 2 1
102 598 2 2 1
106 598 2 2 1
108 598 2 2 1
128 598 2 2 3
130 598 2 2 1
134 598 2 2 5
136 598 2 2 14
138 598 2 2 1
142 598 2 2 1
158 598 2 2 1
160 598 2 2 1
162 598 2 2 2
176 598 2 2 2
178 598 2 2 1
200 598 2 2 1
564 598 2 2 159
566 598 2 2 50
576 598 2 2 13
578 598 2 2 1
598 598 2 2 1
106 600 2 2 1
108 600 2 2 5
124 600 2 2 1
126 600 2 2 5
128 600 2 2 16
130 600 2 2 1
138 600 2 2 1
140 600 2 2 13
142 600 2 2 3
156 600 2 2 2
158 600 2 2 8
160 600 2 2 1
168 600 2 2 3
170 600 2 2 1
174 600 2 2 2
176 600 2 2 3
178 600 2 2 1
208 600 2 2 9
210 600 2 2 26
212 600 2 2 28
214 600 2 2 25
220 600 2 2 25
222 600 2 2 18
572 600 2 2 16
574 600 2 2 9
600 600 2 2 122
602 600 2 2 647
108 602 2 2 1
112 602 2 2 1
120 602 2 2 1
122 602 2 2 4
124 602 2 2 3
126 602 2 2 4
128 602 2 2 8
136 602 2 2 2
138 602 2 2 26
140 602 2 2 7
156 602 2 2 1
158 602 2 2 7
160 602 2 2 5
162 602 2 2 1
168 602 2 2 3
170 602 2 2 2
172 602 2 2 2
174 602 2 2 2
176 602 2 2 2
178 602 2 2 1
180 602 2 2 1
196 602 2 2 1
200 602 2 2 1
206 602 2 2 1
208 602 2 2 1
210 602 2 2 24
212 602 2 2 20
214 602 2 2 4
220 602 2 2 9
222 602 2 2 1
572 602 2 2 2
600 602 2 2 19
602 602 2 2 613
112 604 2 2 3
114 604 2 2 1
116 604 2 2 1
118 604 2 2 1
120 604 2 2 11
122 604 2 2 1
124 604 2 2 2
126 604 2 2 1
128 604 2 2 1
130 604 2 2 1
134 604 2 2 1
136 604 2 2 7
138 604 2 2 1
158 604 2 2 3
172 604 2 2 2
174 604 2 2 2
176 604 2 2 1
178 604 2 2 1
180 604 2 2 2
182 604 2 2 1
184 604 2 2 1
206 604 2 2 3
212 604 2 2 1
216 604 2 2 1
218 604 2 2 5
220 604 2 2 1
222 604 2 2 1
232 604 2 2 22
234 604 2 2 25
564 604 2 2 18
566 604 2 2 11
568 604 2 2 16
570 604 2 2 1
602 604 2 2 477
116 606 2 2 6
118 606 2 2 14
120 606 2 2 3
122 606 2 2 1
124 606 2 2 1
126 606 2 2 1
128 606 2 2 2
130 606 2 2 1
132 606 2 2 9
134 606 2 2 21
136 606 2 2 12
138 606 2 2 1
158 606 2 2 1
172 606 2 2 3
174 606 2 2 1
176 606 2 2 1
180 606 2 2 3
182 606 2 2 5
184 606 2 2 3
186 606 2 2 1
204 606 2 2 1
206 606 2 2 5
212 606 2 2 1
222 606 2 2 3
232 606 2 2 15
234 606 2 2 1
564 606 2 2 6
602 606 2 2 239
128 608 2 2 1
130 608 2 2 2
132 608 2 2 3
134 608 2 2 17
136 608 2 2 24
138 608 2 2 4
140 608 2 2 1
142 608 2 2 1
158 608 2 2 1
172 608 2 2 4
174 608 2 2 2
176 608 2 2 3
178 608 2 2 1
200 608 2 2 1
202 608 2 2 1
208 608 2 2 9
210 608 2 2 1
212 608 2 2 1
220 608 2 2 1
222 608 2 2 7
236 608 2 2 6
238 608 2 2 10
560 608 2 2 19
562 608 2 2 5
602 608 2 2 38
604 608 2 2 670
606 608 2 2 901
132 610 2 2 1
134 610 2 2 5
136 610 2 2 3
138 610 2 2 5
140 610 2 2 12
142 610 2 2 15
144 610 2 2 2
146 610 2 2 1
148 610 2 2 3
150 610 2 2 1
152 610 2 2 1
154 610 2 2 1
156 610 2 2 1
158 610 2 2 1
172 610 2 2 7
174 610 2 2 1
200 610 2 2 1
202 610 2 2 4
208 610 2 2 7
210 610 2 2 1
214 610 2 2 1
216 610 2 2 1
218 610 2 2 8
220 610 2 2 11
222 610 2 2 1
236 610 2 2 2
238 610 2 2 1
560 610 2 2 9
602 610 2 2 1
604 610 2 2 383
606 610 2 2 768
132 612 2 2 1
134 612 2 2 1
136 612 2 2 2
138 612 2 2 4
140 612 2 2 6
142 612 2 2 3
144 612 2 2 14
146 612 2 2 10
148 612 2 2 12
150 612 2 2 8
152 612 2 2 1
154 612 2 2 2
172 612 2 2 6
206 612 2 2 1
208 612 2 2 1
218 612 2 2 1
220 612 2 2 7
222 612 2 2 3
228 612 2 2 1
238 612 2 2 1
240 612 2 2 10
242 612 2 2 16
556 612 2 2 68
558 612 2 2 14
604 612 2 2 1
606 612 2 2 547
632 612 2 2 1051
634 612 2 2 1366
132 614 2 2 5
134 614 2 2 1
136 614 2 2 2
138 614 2 2 4
140 614 2 2 1
142 614 2 2 5
144 614 2 2 21
146 614 2 2 29
148 614 2 2 22
150 614 2 2 8
152 614 2 2 2
154 614 2 2 2
172 614 2 2 1
220 614 2 2 2
222 614 2 2 2
228 614 2 2 1
240 614 2 2 4
242 614 2 2 11
556 614 2 2 26
558 614 2 2 1
606 614 2 2 428
632 614 2 2 71
634 614 2 2 181
128 616 2 2 1
132 616 2 2 1
134 616 2 2 1
136 616 2 2 1
140 616 2 2 4
142 616 2 2 2
144 616 2 2 2
146 616 2 2 8
148 616 2 2 7
150 616 2 2 1
152 616 2 2 2
154 616 2 2 1
168 616 2 2 7
170 616 2 2 3
216 616 2 2 1
218 616 2 2 1
220 616 2 2 1
222 616 2 2 2
228 616 2 2 1
242 616 2 2 1
244 616 2 2 6
246 616 2 2 9
264 616 2 2 13
266 616 2 2 9
268 616 2 2 5
270 616 2 2 6
272 616 2 2 7
274 616 2 2 4
276 616 2 2 1
278 616 2 2 1
556 616 2 2 19
558 616 2 2 1
606 616 2 2 1
608 616 2 2 322
610 616 2 2 484
632 616 2 2 1
634 616 2 2 1
128 618 2 2 2
134 618 2 2 1
136 618 2 2 1
138 618 2 2 2
140 618 2 2 2
142 618 2 2 2
144 618 2 2 1
146 618 2 2 2
148 618 2 2 2
150 618 2 2 1
152 618 2 2 2
154 618 2 2 2
168 618 2 2 5
170 618 2 2 1
218 618 2 2 1
220 618 2 2 2
222 618 2 2 3
228 618 2 2 1
246 618 2 2 5
264 618 2 2 1
270 618 2 2 1
276 618 2 2 1
278 618 2 2 3
556 618 2 2 16
558 618 2 2 6
608 618 2 2 1
610 618 2 2 28
632 618 2 2 28
634 618 2 2 95
128 620 2 2 1
134 620 2 2 7
136 620 2 2 5
138 620 2 2 1
140 620 2 2 3
142 620 2 2 3
144 620 2 2 1
146 620 2 2 1
148 620 2 2 3
150 620 2 2 3
156 620 2 2 1
158 620 2 2 1
160 620 2 2 1
162 620 2 2 1
164 620 2 2 1
166 620 2 2 3
168 620 2 2 3
170 620 2 2 1
218 620 2 2 1
220 620 2 2 2
222 620 2 2 3
224 620 2 2 3
226 620 2 2 3
228 620 2 2 1
236 620 2 2 1
246 620 2 2 2
248 620 2 2 6
250 620 2 2 6
252 620 2 2 6
254 620 2 2 3
256 620 2 2 8
258 620 2 2 8
260 620 2 2 6
262 620 2 2 4
264 620 2 2 1
276 620 2 2 2
280 620 2 2 1
282 620 2 2 8
292 620 2 2 1
294 620 2 2 7
556 620 2 2 11
558 620 2 2 1
612 620 2 2 1
614 620 2 2 126
128 622 2 2 1
130 622 2 2 3
132 622 2 2 1
134 622 2 2 1
136 622 2 2 7
144 622 2 2 2
146 622 2 2 1
148 622 2 2 1
150 622 2 2 3
156 622 2 2 1
160 622 2 2 1
162 622 2 2 1
166 622 2 2 1
168 622 2 2 1
170 622 2 2 1
224 622 2 2 1
226 622 2 2 1
228 622 2 2 1
230 622 2 2 1
232 622 2 2 1
248 622 2 2 2
250 622 2 2 1
252 622 2 2 2
254 622 2 2 1
256 622 2 2 4
258 622 2 2 2
260 622 2 2 1
262 622 2 2 2
264 622 2 2 1
266 622 2 2 1
268 622 2 2 1
276 622 2 2 1
278 622 2 2 3
280 622 2 2 8
282 622 2 2 10
294 622 2 2 1
556 622 2 2 8
614 622 2 2 6
120 624 2 2 1
122 624 2 2 3
130 624 2 2 3
132 624 2 2 4
134 624 2 2 3
136 624 2 2 2
142 624 2 2 2
144 624 2 2 4
146 624 2 2 2
148 624 2 2 1
150 624 2 2 2
152 624 2 2 2
156 624 2 2 1
158 624 2 2 1
160 624 2 2 1
230 624 2 2 1
232 624 2 2 1
250 624 2 2 1
252 624 2 2 1
256 624 2 2 4
258 624 2 2 1
278 624 2 2 3
288 624 2 2 3
290 624 2 2 2
300 624 2 2 1
302 624 2 2 4
304 624 2 2 13
306 624 2 2 15
308 624 2 2 11
310 624 2 2 7
312 624 2 2 13
314 624 2 2 17
556 624 2 2 1
616 624 2 2 98
618 624 2 2 533
120 626 2 2 2
122 626 2 2 1
124 626 2 2 1
130 626 2 2 1
132 626 2 2 3
134 626 2 2 7
136 626 2 2 2
140 626 2 2 1
142 626 2 2 2
144 626 2 2 2
146 626 2 2 1
148 626 2 2 1
150 626 2 2 2
152 626 2 2 2
154 626 2 2 1
156 626 2 2 1
158 626 2 2 2
160 626 2 2 2
162 626 2 2 1
256 626 2 2 1
264 626 2 2 1
278 626 2 2 1
288 626 2 2 1
304 626 2 2 1
306 626 2 2 4
308 626 2 2 1
312 626 2 2 1
314 626 2 2 12
556 626 2 2 1
616 626 2 2 53
618 626 2 2 298
122 628 2 2 1
124 628 2 2 1
128 628 2 2 1
132 628 2 2 1
134 628 2 2 2
136 628 2 2 1
138 628 2 2 1
140 628 2 2 1
142 628 2 2 2
144 628 2 2 2
146 628 2 2 2
160 628 2 2 3
162 628 2 2 1
260 628 2 2 2
262 628 2 2 7
280 628 2 2 1
282 628 2 2 2
284 628 2 2 1
314 628 2 2 1
316 628 2 2 8
318 628 2 2 13
552 628 2 2 18
554 628 2 2 4
618 628 2 2 35
620 628 2 2 273
622 628 2 2 478
108 630 2 2 1
110 630 2 2 1
112 630 2 2 7
128 630 2 2 1
130 630 2 2 15
132 630 2 2 11
134 630 2 2 4
136 630 2 2 1
138 630 2 2 2
140 630 2 2 1
144 630 2 2 1
146 630 2 2 2
160 630 2 2 2
162 630 2 2 1
260 630 2 2 1
316 630 2 2 1
318 630 2 2 8
552 630 2 2 12
554 630 2 2 1
620 630 2 2 37
622 630 2 2 171
112 632 2 2 2
114 632 2 2 1
116 632 2 2 8
118 632 2 2 1
130 632 2 2 1
132 632 2 2 7
134 632 2 2 7
136 632 2 2 2
140 632 2 2 1
148 632 2 2 1
150 632 2 2 1
152 632 2 2 2
154 632 2 2 2
160 632 2 2 2
162 632 2 2 1
272 632 2 2 1
284 632 2 2 1
318 632 2 2 1
320 632 2 2 4
322 632 2 2 6
324 632 2 2 1
328 632 2 2 1
330 632 2 2 1
332 632 2 2 1
334 632 2 2 4
552 632 2 2 13
554 632 2 2 1
620 632 2 2 1
622 632 2 2 41
132 634 2 2 2
134 634 2 2 2
136 634 2 2 6
138 634 2 2 1
140 634 2 2 1
154 634 2 2 1
160 634 2 2 3
162 634 2 2 4
164 634 2 2 1
334 634 2 2 1
552 634 2 2 6
622 634 2 2 1
118 636 2 2 3
120 636 2 2 3
122 636 2 2 1
124 636 2 2 1
132 636 2 2 1
134 636 2 2 2
136 636 2 2 3
138 636 2 2 2
152 636 2 2 1
154 636 2 2 1
156 636 2 2 2
158 636 2 2 2
160 636 2 2 3
162 636 2 2 10
164 636 2 2 3
336 636 2 2 1
338 636 2 2 8
548 636 2 2 9
550 636 2 2 6
552 636 2 2 1
554 636 2 2 1
624 636 2 2 22
626 636 2 2 60
106 638 2 2 1
110 638 2 2 1
112 638 2 2 1
114 638 2 2 1
118 638 2 2 1
120 638 2 2 1
132 638 2 2 1
138 638 2 2 1
140 638 2 2 1
144 638 2 2 1
152 638 2 2 1
154 638 2 2 1
156 638 2 2 1
158 638 2 2 1
160 638 2 2 9
162 638 2 2 5
164 638 2 2 6
178 638 2 2 1
338 638 2 2 8
548 638 2 2 1
554 638 2 2 1
624 638 2 2 1
626 638 2 2 98
106 640 2 2 1
110 640 2 2 1
118 640 2 2 1
124 640 2 2 1
130 640 2 2 1
132 640 2 2 1
150 640 2 2 1
152 640 2 2 1
156 640 2 2 1
158 640 2 2 15
160 640 2 2 8
162 640 2 2 6
164 640 2 2 2
336 640 2 2 1
338 640 2 2 11
544 640 2 2 26
546 640 2 2 1
626 640 2 2 33
628 640 2 2 149
630 640 2 2 559
128 642 2 2 1
130 642 2 2 1
132 642 2 2 2
158 642 2 2 1
160 642 2 2 1
162 642 2 2 1
164 642 2 2 2
166 642 2 2 1
336 642 2 2 1
338 642 2 2 11
544 642 2 2 15
546 642 2 2 1
548 642 2 2 1
550 642 2 2 1
628 642 2 2 25
630 642 2 2 358
130 644 2 2 1
162 644 2 2 1
164 644 2 2 4
166 644 2 2 2
168 644 2 2 5
170 644 2 2 2
172 644 2 2 3
336 644 2 2 1
338 644 2 2 10
340 644 2 2 12
342 644 2 2 11
548 644 2 2 1
550 644 2 2 1
628 644 2 2 5
630 644 2 2 187
98 646 2 2 1
100 646 2 2 1
102 646 2 2 1
104 646 2 2 1
106 646 2 2 1
168 646 2 2 1
172 646 2 2 1
338 646 2 2 1
340 646 2 2 1
548 646 2 2 1
628 646 2 2 7
630 646 2 2 169
100 648 2 2 1
124 648 2 2 1
130 648 2 2 1
132 648 2 2 4
134 648 2 2 1
344 648 2 2 1
346 648 2 2 6
348 648 2 2 7
350 648 2 2 1
352 648 2 2 11
354 648 2 2 19
508 648 2 2 2
510 648 2 2 1
548 648 2 2 3
628 648 2 2 1
630 648 2 2 125
130 650 2 2 2
132 650 2 2 1
134 650 2 2 4
136 650 2 2 1
346 650 2 2 1
348 650 2 2 1
350 650 2 2 1
352 650 2 2 1
354 650 2 2 13
508 650 2 2 15
510 650 2 2 19
548 650 2 2 5
550 650 2 2 1
628 650 2 2 1
630 650 2 2 92
132 652 2 2 4
134 652 2 2 5
136 652 2 2 1
350 652 2 2 1
380 652 2 2 4
382 652 2 2 10
512 652 2 2 14
514 652 2 2 8
548 652 2 2 6
550 652 2 2 1
630 652 2 2 46
632 652 2 2 250
634 652 2 2 895
132 654 2 2 1
134 654 2 2 1
350 654 2 2 1
380 654 2 2 17
382 654 2 2 12
512 654 2 2 14
514 654 2 2 16
548 654 2 2 8
550 654 2 2 1
630 654 2 2 1
632 654 2 2 126
634 654 2 2 633
116 656 2 2 1
130 656 2 2 1
132 656 2 2 1
338 656 2 2 1
340 656 2 2 2
342 656 2 2 1
346 656 2 2 1
350 656 2 2 2
352 656 2 2 5
354 656 2 2 7
512 656 2 2 8
514 656 2 2 9
516 656 2 2 30
518 656 2 2 57
632 656 2 2 38
634 656 2 2 239
338 658 2 2 2
340 658 2 2 1
352 658 2 2 2
354 658 2 2 5
512 658 2 2 4
514 658 2 2 1
516 658 2 2 10
518 658 2 2 53
552 658 2 2 1
632 658 2 2 1
634 658 2 2 146
336 660 2 2 3
354 660 2 2 2
356 660 2 2 3
358 660 2 2 4
360 660 2 2 4
362 660 2 2 1
364 660 2 2 1
366 660 2 2 1
368 660 2 2 1
372 660 2 2 1
374 660 2 2 13
500 660 2 2 25
502 660 2 2 6
552 660 2 2 1
554 660 2 2 1
632 660 2 2 1
634 660 2 2 250
356 662 2 2 2
358 662 2 2 2
360 662 2 2 1
364 662 2 2 1
372 662 2 2 1
374 662 2 2 10
500 662 2 2 34
502 662 2 2 31
552 662 2 2 1
634 662 2 2 167
356 664 2 2 1
358 664 2 2 2
360 664 2 2 2
362 664 2 2 1
364 664 2 2 1
366 664 2 2 1
368 664 2 2 1
512 664 2 2 52
514 664 2 2 29
516 664 2 2 32
518 664 2 2 42
520 664 2 2 38
522 664 2 2 36
552 664 2 2 1
634 664 2 2 33
356 666 2 2 1
358 666 2 2 2
360 666 2 2 2
362 666 2 2 1
364 666 2 2 2
366 666 2 2 2
368 666 2 2 5
370 666 2 2 9
512 666 2 2 34
514 666 2 2 4
516 666 2 2 10
518 666 2 2 7
520 666 2 2 14
522 666 2 2 21
634 666 2 2 1
356 668 2 2 1
358 668 2 2 2
364 668 2 2 1
366 668 2 2 2
368 668 2 2 1
370 668 2 2 7
372 668 2 2 11
374 668 2 2 12
380 668 2 2 13
382 668 2 2 12
384 668 2 2 13
386 668 2 2 16
388 668 2 2 20
390 668 2 2 25
512 668 2 2 16
514 668 2 2 10
516 668 2 2 1
520 668 2 2 1
522 668 2 2 8
524 668 2 2 11
526 668 2 2 15
552 668 2 2 1
634 668 2 2 1
356 670 2 2 1
358 670 2 2 1
362 670 2 2 1
364 670 2 2 1
366 670 2 2 1
368 670 2 2 1
372 670 2 2 4
374 670 2 2 9
380 670 2 2 7
382 670 2 2 1
384 670 2 2 1
386 670 2 2 1
388 670 2 2 1
390 670 2 2 1
512 670 2 2 1
516 670 2 2 7
524 670 2 2 1
526 670 2 2 11
552 670 2 2 1
360 672 2 2 1
362 672 2 2 1
364 672 2 2 4
366 672 2 2 3
374 672 2 2 1
376 672 2 2 2
378 672 2 2 1
380 672 2 2 1
382 672 2 2 1
384 672 2 2 1
390 672 2 2 6
392 672 2 2 10
394 672 2 2 15
512 672 2 2 10
516 672 2 2 3
518 672 2 2 1
522 672 2 2 1
552 672 2 2 1
636 672 2 2 55
638 672 2 2 183
364 674 2 2 1
366 674 2 2 1
378 674 2 2 1
380 674 2 2 1
382 674 2 2 3
384 674 2 2 6
386 674 2 2 1
390 674 2 2 7
392 674 2 2 4
394 674 2 2 10
512 674 2 2 22
514 674 2 2 1
516 674 2 2 1
518 674 2 2 1
520 674 2 2 1
522 674 2 2 2
552 674 2 2 1
636 674 2 2 9
638 674 2 2 111
376 676 2 2 1
378 676 2 2 1
380 676 2 2 1
382 676 2 2 3
384 676 2 2 1
386 676 2 2 1
388 676 2 2 1
392 676 2 2 1
394 676 2 2 7
396 676 2 2 11
398 676 2 2 14
516 676 2 2 6
518 676 2 2 1
520 676 2 2 1
522 676 2 2 4
552 676 2 2 1
636 676 2 2 1
638 676 2 2 149
380 678 2 2 1
382 678 2 2 4
384 678 2 2 1
394 678 2 2 1
396 678 2 2 5
398 678 2 2 3
516 678 2 2 11
518 678 2 2 4
520 678 2 2 3
522 678 2 2 11
552 678 2 2 3
554 678 2 2 1
638 678 2 2 99
380 680 2 2 1
382 680 2 2 6
384 680 2 2 5
386 680 2 2 1
396 680 2 2 1
398 680 2 2 1
400 680 2 2 1
402 680 2 2 9
404 680 2 2 15
406 680 2 2 18
520 680 2 2 1
522 680 2 2 19
552 680 2 2 6
554 680 2 2 4
638 680 2 2 24
386 682 2 2 1
390 682 2 2 1
392 682 2 2 2
394 682 2 2 2
396 682 2 2 3
398 682 2 2 1
402 682 2 2 3
404 682 2 2 3
406 682 2 2 1
520 682 2 2 5
522 682 2 2 18
552 682 2 2 14
554 682 2 2 4
638 682 2 2 29
392 684 2 2 1
394 684 2 2 2
396 684 2 2 2
398 684 2 2 4
400 684 2 2 1
402 684 2 2 4
556 684 2 2 1
638 684 2 2 1
394 686 2 2 1
396 686 2 2 3
398 686 2 2 6
400 686 2 2 1
402 686 2 2 8
556 686 2 2 6
558 686 2 2 2
394 688 2 2 1
396 688 2 2 6
398 688 2 2 6
402 688 2 2 4
408 688 2 2 12
410 688 2 2 13
560 688 2 2 1
640 688 2 2 46
642 688 2 2 515
390 690 2 2 1
394 690 2 2 4
396 690 2 2 1
398 690 2 2 1
402 690 2 2 1
408 690 2 2 1
410 690 2 2 4
560 690 2 2 5
562 690 2 2 1
640 690 2 2 1
642 690 2 2 281
390 692 2 2 1
404 692 2 2 1
406 692 2 2 2
408 692 2 2 1
410 692 2 2 1
412 692 2 2 4
414 692 2 2 8
560 692 2 2 6
562 692 2 2 1
640 692 2 2 2
642 692 2 2 278
406 694 2 2 5
408 694 2 2 5
410 694 2 2 1
412 694 2 2 2
414 694 2 2 11
560 694 2 2 8
562 694 2 2 3
640 694 2 2 1
642 694 2 2 200
406 696 2 2 1
408 696 2 2 4
410 696 2 2 2
414 696 2 2 5
416 696 2 2 10
418 696 2 2 18
564 696 2 2 2
642 696 2 2 1
768 696 2 2 1253
770 696 2 2 1034
772 696 2 2 998
774 696 2 2 1095
410 698 2 2 1
418 698 2 2 3
564 698 2 2 6
566 698 2 2 1
640 698 2 2 1
642 698 2 2 34
768 698 2 2 389
770 698 2 2 149
772 698 2 2 266
774 698 2 2 568
418 700 2 2 5
568 700 2 2 1
642 700 2 2 109
768 700 2 2 1
770 700 2 2 4
772 700 2 2 61
774 700 2 2 302
418 702 2 2 1
568 702 2 2 2
642 702 2 2 29
768 702 2 2 54
770 702 2 2 104
772 702 2 2 257
774 702 2 2 386
420 704 2 2 1
422 704 2 2 7
568 704 2 2 3
644 704 2 2 103
646 704 2 2 435
420 706 2 2 1
422 706 2 2 1
568 706 2 2 9
570 706 2 2 4
572 706 2 2 1
644 706 2 2 93
646 706 2 2 460
420 708 2 2 1
424 708 2 2 1
426 708 2 2 1
428 708 2 2 9
430 708 2 2 15
572 708 2 2 1
644 708 2 2 1
646 708 2 2 334
648 708 2 2 853
650 708 2 2 1299
756 708 2 2 71
758 708 2 2 90
776 708 2 2 418
778 708 2 2 257
780 708 2 2 184
782 708 2 2 493
784 708 2 2 325
786 708 2 2 650
428 710 2 2 4
430 710 2 2 5
572 710 2 2 6
574 710 2 2 1
648 710 2 2 443
650 710 2 2 1374
756 710 2 2 108
758 710 2 2 148
776 710 2 2 43
778 710 2 2 10
780 710 2 2 1
782 710 2 2 98
786 710 2 2 86
432 712 2 2 1
434 712 2 2 21
572 712 2 2 12
574 712 2 2 3
650 712 2 2 824
764 712 2 2 69
766 712 2 2 1
768 712 2 2 1
770 712 2 2 1
778 712 2 2 1
780 712 2 2 1
782 712 2 2 8
788 712 2 2 80
790 712 2 2 14
432 714 2 2 4
434 714 2 2 20
572 714 2 2 19
574 714 2 2 10
576 714 2 2 1
650 714 2 2 275
764 714 2 2 1
778 714 2 2 1
780 714 2 2 3
782 714 2 2 7
788 714 2 2 2
790 714 2 2 2
430 716 2 2 1
576 716 2 2 6
650 716 2 2 1
764 716 2 2 57
766 716 2 2 1
780 716 2 2 1
784 716 2 2 1
786 716 2 2 6
788 716 2 2 23
790 716 2 2 15
792 716 2 2 1
796 716 2 2 2
798 716 2 2 26
428 718 2 2 2
430 718 2 2 6
576 718 2 2 19
578 718 2 2 1
764 718 2 2 86
766 718 2 2 1
768 718 2 2 1
778 718 2 2 1
780 718 2 2 16
782 718 2 2 38
784 718 2 2 27
786 718 2 2 36
788 718 2 2 39
790 718 2 2 17
418 720 2 2 1
420 720 2 2 1
422 720 2 2 1
424 720 2 2 1
426 720 2 2 1
428 720 2 2 5
430 720 2 2 10
432 720 2 2 4
434 720 2 2 2
436 720 2 2 1
438 720 2 2 1
440 720 2 2 2
444 720 2 2 1
446 720 2 2 6
448 720 2 2 7
450 720 2 2 1
452 720 2 2 15
454 720 2 2 20
652 720 2 2 158
654 720 2 2 580
720 720 2 2 686
722 720 2 2 682
724 720 2 2 735
726 720 2 2 701
768 720 2 2 28
772 720 2 2 1
774 720 2 2 1
776 720 2 2 3
778 720 2 2 66
788 720 2 2 31
790 720 2 2 14
792 720 2 2 1
418 722 2 2 1
420 722 2 2 5
422 722 2 2 4
424 722 2 2 1
426 722 2 2 1
428 722 2 2 1
434 722 2 2 1
436 722 2 2 1
440 722 2 2 1
442 722 2 2 1
452 722 2 2 1
454 722 2 2 7
580 722 2 2 8
652 722 2 2 12
654 722 2 2 248
720 722 2 2 62
722 722 2 2 1
724 722 2 2 1
726 722 2 2 293
768 722 2 2 38
770 722 2 2 21
772 722 2 2 11
774 722 2 2 13
776 722 2 2 49
778 722 2 2 97
788 722 2 2 1
416 724 2 2 1
418 724 2 2 3
420 724 2 2 1
426 724 2 2 1
434 724 2 2 1
440 724 2 2 3
444 724 2 2 1
446 724 2 2 1
456 724 2 2 18
458 724 2 2 23
580 724 2 2 22
582 724 2 2 7
654 724 2 2 1
656 724 2 2 221
658 724 2 2 548
720 724 2 2 59
722 724 2 2 1
724 724 2 2 1
726 724 2 2 16
772 724 2 2 9
774 724 2 2 34
792 724 2 2 6
794 724 2 2 23
796 724 2 2 27
800 724 2 2 1
802 724 2 2 61
440 726 2 2 4
442 726 2 2 3
444 726 2 2 4
446 726 2 2 3
450 726 2 2 1
456 726 2 2 10
458 726 2 2 4
580 726 2 2 26
582 726 2 2 19
584 726 2 2 1
654 726 2 2 1
656 726 2 2 107
658 726 2 2 243
720 726 2 2 242
722 726 2 2 142
724 726 2 2 89
726 726 2 2 101
772 726 2 2 24
774 726 2 2 53
792 726 2 2 36
794 726 2 2 49
796 726 2 2 25
798 726 2 2 6
802 726 2 2 17
422 728 2 2 1
424 728 2 2 1
426 728 2 2 1
428 728 2 2 2
432 728 2 2 1
434 728 2 2 1
436 728 2 2 2
438 728 2 2 1
440 728 2 2 5
442 728 2 2 3
444 728 2 2 1
446 728 2 2 3
448 728 2 2 1
450 728 2 2 2
456 728 2 2 5
458 728 2 2 1
460 728 2 2 1
462 728 2 2 9
464 728 2 2 25
466 728 2 2 32
584 728 2 2 8
656 728 2 2 7
658 728 2 2 161
800 728 2 2 16
802 728 2 2 1
804 728 2 2 60
806 728 2 2 166
428 730 2 2 1
430 730 2 2 1
432 730 2 2 4
434 730 2 2 3
440 730 2 2 1
442 730 2 2 1
444 730 2 2 1
446 730 2 2 3
448 730 2 2 4
450 730 2 2 2
456 730 2 2 5
458 730 2 2 1
464 730 2 2 7
466 730 2 2 27
584 730 2 2 16
586 730 2 2 1
656 730 2 2 1
658 730 2 2 91
800 730 2 2 31
804 730 2 2 1
806 730 2 2 98
428 732 2 2 1
432 732 2 2 3
434 732 2 2 3
450 732 2 2 2
452 732 2 2 4
454 732 2 2 1
456 732 2 2 1
464 732 2 2 1
466 732 2 2 20
584 732 2 2 25
586 732 2 2 4
588 732 2 2 1
656 732 2 2 6
658 732 2 2 66
800 732 2 2 116
802 732 2 2 13
804 732 2 2 18
806 732 2 2 114
824 732 2 2 247
826 732 2 2 80
432 734 2 2 1
434 734 2 2 1
450 734 2 2 1
462 734 2 2 1
464 734 2 2 4
466 734 2 2 14
584 734 2 2 43
586 734 2 2 23
588 734 2 2 8
654 734 2 2 3
656 734 2 2 78
658 734 2 2 103
800 734 2 2 204
802 734 2 2 73
804 734 2 2 71
806 734 2 2 146
824 734 2 2 39
826 734 2 2 1
434 736 2 2 3
450 736 2 2 1
462 736 2 2 1
464 736 2 2 1
466 736 2 2 1
468 736 2 2 17
470 736 2 2 27
592 736 2 2 1
654 736 2 2 13
824 736 2 2 11
826 736 2 2 4
856 736 2 2 120
858 736 2 2 310
860 736 2 2 344
862 736 2 2 440
864 736 2 2 582
866 736 2 2 688
872 736 2 2 476
874 736 2 2 462
468 738 2 2 2
470 738 2 2 19
592 738 2 2 16
594 738 2 2 4
654 738 2 2 24
824 738 2 2 49
826 738 2 2 29
856 738 2 2 34
858 738 2 2 8
860 738 2 2 4
862 738 2 2 1
864 738 2 2 81
866 738 2 2 356
872 738 2 2 62
874 738 2 2 239
470 740 2 2 2
596 740 2 2 1
652 740 2 2 1
654 740 2 2 35
824 740 2 2 38
826 740 2 2 8
856 740 2 2 29
858 740 2 2 6
870 740 2 2 1
468 742 2 2 1
470 742 2 2 1
596 742 2 2 9
598 742 2 2 1
652 742 2 2 1
654 742 2 2 40
824 742 2 2 39
826 742 2 2 29
856 742 2 2 19
858 742 2 2 9
860 742 2 2 1
868 742 2 2 7
870 742 2 2 27
462 744 2 2 2
464 744 2 2 3
466 744 2 2 1
468 744 2 2 2
470 744 2 2 4
596 744 2 2 16
598 744 2 2 1
652 744 2 2 1
654 744 2 2 34
660 744 2 2 264
662 744 2 2 146
852 744 2 2 17
854 744 2 2 1
856 744 2 2 1
858 744 2 2 9
860 744 2 2 1
864 744 2 2 1
866 744 2 2 26
462 746 2 2 2
464 746 2 2 4
466 746 2 2 1
468 746 2 2 1
470 746 2 2 1
596 746 2 2 25
598 746 2 2 4
654 746 2 2 29
660 746 2 2 1
662 746 2 2 92
852 746 2 2 23
856 746 2 2 1
858 746 2 2 26
860 746 2 2 9
862 746 2 2 1
864 746 2 2 24
866 746 2 2 28
472 748 2 2 1
474 748 2 2 1
476 748 2 2 3
478 748 2 2 2
480 748 2 2 1
482 748 2 2 1
600 748 2 2 1
654 748 2 2 1
656 748 2 2 49
658 748 2 2 71
860 748 2 2 1
862 748 2 2 6
464 750 2 2 1
480 750 2 2 2
482 750 2 2 1
600 750 2 2 11
656 750 2 2 1
658 750 2 2 49
860 750 2 2 1
862 750 2 2 4
464 752 2 2 1
478 752 2 2 1
480 752 2 2 4
482 752 2 2 1
484 752 2 2 2
486 752 2 2 16
600 752 2 2 30
602 752 2 2 1
658 752 2 2 1
660 752 2 2 55
662 752 2 2 93
484 754 2 2 1
486 754 2 2 9
600 754 2 2 33
602 754 2 2 15
604 754 2 2 1
660 754 2 2 1
662 754 2 2 39
480 756 2 2 1
482 756 2 2 1
484 756 2 2 1
486 756 2 2 10
488 756 2 2 11
490 756 2 2 11
492 756 2 2 11
494 756 2 2 13
604 756 2 2 6
664 756 2 2 58
666 756 2 2 158
476 758 2 2 1
478 758 2 2 4
480 758 2 2 3
482 758 2 2 3
486 758 2 2 7
488 758 2 2 9
490 758 2 2 1
492 758 2 2 1
494 758 2 2 10
604 758 2 2 20
606 758 2 2 4
608 758 2 2 1
660 758 2 2 8
662 758 2 2 28
664 758 2 2 65
666 758 2 2 120
476 760 2 2 1
478 760 2 2 6
480 760 2 2 5
482 760 2 2 8
484 760 2 2 6
486 760 2 2 3
488 760 2 2 4
490 760 2 2 1
492 760 2 2 1
494 760 2 2 7
608 760 2 2 14
610 760 2 2 1
612 760 2 2 1
856 760 2 2 72
858 760 2 2 25
476 762 2 2 1
478 762 2 2 1
480 762 2 2 1
482 762 2 2 5
484 762 2 2 10
486 762 2 2 2
488 762 2 2 1
490 762 2 2 1
492 762 2 2 1
494 762 2 2 6
608 762 2 2 40
610 762 2 2 31
612 762 2 2 19
614 762 2 2 8
616 762 2 2 1
856 762 2 2 158
858 762 2 2 24
480 764 2 2 1
482 764 2 2 6
484 764 2 2 9
488 764 2 2 1
494 764 2 2 4
496 764 2 2 8
498 764 2 2 10
500 764 2 2 10
502 764 2 2 5
512 764 2 2 12
514 764 2 2 11
516 764 2 2 21
518 764 2 2 29
624 764 2 2 1
626 764 2 2 1
652 764 2 2 1
654 764 2 2 35
482 766 2 2 1
484 766 2 2 1
486 766 2 2 1
490 766 2 2 1
492 766 2 2 1
494 766 2 2 1
496 766 2 2 2
498 766 2 2 4
500 766 2 2 1
502 766 2 2 6
512 766 2 2 10
514 766 2 2 1
518 766 2 2 7
624 766 2 2 26
626 766 2 2 10
628 766 2 2 1
646 766 2 2 1
648 766 2 2 16
650 766 2 2 17
652 766 2 2 39
654 766 2 2 71
480 768 2 2 1
482 768 2 2 1
484 768 2 2 3
486 768 2 2 3
488 768 2 2 1
490 768 2 2 1
492 768 2 2 1
502 768 2 2 1
504 768 2 2 3
506 768 2 2 6
508 768 2 2 19
510 768 2 2 1
514 768 2 2 1
516 768 2 2 1
518 768 2 2 1
520 768 2 2 10
522 768 2 2 20
628 768 2 2 5
644 768 2 2 1
646 768 2 2 32
478 770 2 2 1
480 770 2 2 4
482 770 2 2 1
486 770 2 2 1
488 770 2 2 1
492 770 2 2 1
502 770 2 2 1
504 770 2 2 1
506 770 2 2 1
508 770 2 2 9
510 770 2 2 2
514 770 2 2 1
516 770 2 2 2
518 770 2 2 1
520 770 2 2 2
522 770 2 2 2
628 770 2 2 36
630 770 2 2 1
642 770 2 2 7
644 770 2 2 36
646 770 2 2 57
480 772 2 2 1
482 772 2 2 2
484 772 2 2 1
486 772 2 2 1
496 772 2 2 1
504 772 2 2 1
506 772 2 2 1
512 772 2 2 2
514 772 2 2 1
516 772 2 2 7
518 772 2 2 4
524 772 2 2 16
526 772 2 2 10
528 772 2 2 12
530 772 2 2 19
632 772 2 2 5
640 772 2 2 1
642 772 2 2 33
496 774 2 2 1
498 774 2 2 1
502 774 2 2 1
504 774 2 2 1
506 774 2 2 5
512 774 2 2 3
514 774 2 2 11
516 774 2 2 16
518 774 2 2 12
524 774 2 2 8
526 774 2 2 4
528 774 2 2 10
530 774 2 2 9
632 774 2 2 35
634 774 2 2 29
636 774 2 2 23
638 774 2 2 17
640 774 2 2 33
642 774 2 2 51
498 776 2 2 1
500 776 2 2 1
502 776 2 2 4
504 776 2 2 4
506 776 2 2 4
514 776 2 2 6
516 776 2 2 8
518 776 2 2 7
520 776 2 2 1
522 776 2 2 1
524 776 2 2 8
526 776 2 2 1
494 778 2 2 3
496 778 2 2 2
498 778 2 2 2
500 778 2 2 4
502 778 2 2 8
504 778 2 2 10
506 778 2 2 11
512 778 2 2 1
514 778 2 2 1
516 778 2 2 1
518 778 2 2 1
524 778 2 2 3
526 778 2 2 1
492 780 2 2 3
494 780 2 2 5
500 780 2 2 5
502 780 2 2 6
504 780 2 2 6
506 780 2 2 5
508 780 2 2 4
510 780 2 2 2
512 780 2 2 2
514 780 2 2 1
524 780 2 2 1
526 780 2 2 8
528 780 2 2 1
530 780 2 2 1
532 780 2 2 14
534 780 2 2 21
492 782 2 2 1
494 782 2 2 7
500 782 2 2 3
502 782 2 2 1
504 782 2 2 1
506 782 2 2 2
508 782 2 2 2
510 782 2 2 1
512 782 2 2 1
516 782 2 2 1
518 782 2 2 1
522 782 2 2 1
524 782 2 2 1
530 782 2 2 1
532 782 2 2 3
534 782 2 2 15
494 784 2 2 1
496 784 2 2 1
498 784 2 2 2
500 784 2 2 1
504 784 2 2 2
506 784 2 2 4
508 784 2 2 4
510 784 2 2 1
522 784 2 2 1
524 784 2 2 1
504 786 2 2 1
506 786 2 2 4
508 786 2 2 2
510 786 2 2 1
520 786 2 2 1
522 786 2 2 2
524 786 2 2 1
532 786 2 2 1
534 786 2 2 5
520 788 2 2 1
522 788 2 2 2
524 788 2 2 3
526 788 2 2 1
532 788 2 2 1
534 788 2 2 1
536 788 2 2 1
538 788 2 2 21
514 790 2 2 3
520 790 2 2 1
522 790 2 2 2
524 790 2 2 2
526 790 2 2 1
536 790 2 2 1
538 790 2 2 13
514 792 2 2 2
516 792 2 2 1
518 792 2 2 2
520 792 2 2 2
522 792 2 2 3
524 792 2 2 2
534 792 2 2 1
536 792 2 2 1
538 792 2 2 5
512 794 2 2 1
514 794 2 2 3
516 794 2 2 3
520 794 2 2 1
522 794 2 2 2
530 794 2 2 1
532 794 2 2 2
534 794 2 2 11
536 794 2 2 22
538 794 2 2 21
512 796 2 2 1
514 796 2 2 3
516 796 2 2 4
518 796 2 2 1
520 796 2 2 1
522 796 2 2 1
524 796 2 2 1
526 796 2 2 4
528 796 2 2 10
530 796 2 2 6
532 796 2 2 5
534 796 2 2 10
520 798 2 2 1
522 798 2 2 8
524 798 2 2 8
526 798 2 2 9
528 798 2 2 9
530 798 2 2 15
532 798 2 2 20
534 798 2 2 9
522 800 2 2 7
524 800 2 2 11
526 800 2 2 10
754 800 2 2 97
756 800 2 2 13
758 800 2 2 24
522 802 2 2 3
524 802 2 2 1
526 802 2 2 8
752 802 2 2 17
754 802 2 2 14
756 802 2 2 24
758 802 2 2 39
522 804 2 2 8
520 806 2 2 2
522 806 2 2 6
522 808 2 2 3
524 808 2 2 7
526 808 2 2 11
522 810 2 2 1
524 810 2 2 1
526 810 2 2 7
526 812 2 2 4
540 812 2 2 15
542 812 2 2 6
526 814 2 2 1
540 814 2 2 1
542 814 2 2 6
526 816 2 2 1
520 818 2 2 1
522 818 2 2 1
524 818 2 2 2
526 818 2 2 3
516 820 2 2 1
524 820 2 2 2
526 820 2 2 1
1004 820 2 2 37
1006 820 2 2 49
1008 820 2 2 86
1010 820 2 2 161
522 822 2 2 1
524 822 2 2 1
526 822 2 2 1
1004 822 2 2 1
1008 822 2 2 1
1010 822 2 2 64
520 824 2 2 1
524 824 2 2 1
526 824 2 2 3
536 824 2 2 20
538 824 2 2 1
540 824 2 2 1
542 824 2 2 16
984 824 2 2 33
986 824 2 2 42
1000 824 2 2 38
1002 824 2 2 15
1004 824 2 2 1
1010 824 2 2 1
1012 824 2 2 4
1014 824 2 2 35
522 826 2 2 1
524 826 2 2 2
526 826 2 2 4
536 826 2 2 20
538 826 2 2 4
540 826 2 2 1
542 826 2 2 6
984 826 2 2 1
986 826 2 2 7
1000 826 2 2 20
1002 826 2 2 4
1010 826 2 2 1
1014 826 2 2 7
524 828 2 2 1
526 828 2 2 3
540 828 2 2 14
542 828 2 2 1
544 828 2 2 4
546 828 2 2 13
980 828 2 2 3
982 828 2 2 7
984 828 2 2 1
986 828 2 2 1
1000 828 2 2 32
1002 828 2 2 5
1004 828 2 2 1
1010 828 2 2 5
524 830 2 2 1
526 830 2 2 2
540 830 2 2 18
542 830 2 2 7
544 830 2 2 1
546 830 2 2 18
980 830 2 2 48
982 830 2 2 11
984 830 2 2 21
986 830 2 2 46
1000 830 2 2 44
1002 830 2 2 25
1004 830 2 2 9
524 832 2 2 1
526 832 2 2 1
528 832 2 2 1
530 832 2 2 2
532 832 2 2 1
534 832 2 2 9
536 832 2 2 14
538 832 2 2 15
540 832 2 2 21
542 832 2 2 1
948 832 2 2 419
950 832 2 2 155
952 832 2 2 77
954 832 2 2 101
1004 832 2 2 31
1006 832 2 2 8
1008 832 2 2 1
1012 832 2 2 1
1014 832 2 2 10
1016 832 2 2 10
1018 832 2 2 8
532 834 2 2 1
534 834 2 2 3
536 834 2 2 1
538 834 2 2 4
540 834 2 2 22
542 834 2 2 16
948 834 2 2 196
950 834 2 2 3
952 834 2 2 1
954 834 2 2 43
1004 834 2 2 71
1006 834 2 2 39
1008 834 2 2 11
1012 834 2 2 1
1014 834 2 2 4
1016 834 2 2 5
1018 834 2 2 1
526 836 2 2 1
540 836 2 2 4
542 836 2 2 14
572 836 2 2 29
574 836 2 2 36
948 836 2 2 19
952 836 2 2 9
954 836 2 2 149
1008 836 2 2 6
1014 836 2 2 1
1016 836 2 2 1
1018 836 2 2 8
1020 836 2 2 3
1022 836 2 2 13
524 838 2 2 3
526 838 2 2 4
528 838 2 2 1
530 838 2 2 1
536 838 2 2 1
538 838 2 2 2
540 838 2 2 1
542 838 2 2 6
572 838 2 2 1
574 838 2 2 1
948 838 2 2 1
950 838 2 2 1
952 838 2 2 239
954 838 2 2 648
1008 838 2 2 1
1016 838 2 2 1
1018 838 2 2 10
1020 838 2 2 10
1022 838 2 2 1
524 840 2 2 4
526 840 2 2 6
528 840 2 2 7
530 840 2 2 1
532 840 2 2 1
534 840 2 2 1
536 840 2 2 8
538 840 2 2 6
1014 840 2 2 1
1016 840 2 2 10
1018 840 2 2 9
1020 840 2 2 5
1022 840 2 2 8
524 842 2 2 2
526 842 2 2 1
528 842 2 2 1
534 842 2 2 10
536 842 2 2 17
538 842 2 2 15
1008 842 2 2 71
1010 842 2 2 31
1012 842 2 2 1
1014 842 2 2 1
1016 842 2 2 9
1018 842 2 2 3
1020 842 2 2 1
1022 842 2 2 9
522 844 2 2 1
524 844 2 2 1
532 844 2 2 1
534 844 2 2 20
536 844 2 2 22
538 844 2 2 24
544 844 2 2 21
546 844 2 2 14
548 844 2 2 20
550 844 2 2 19
552 844 2 2 13
554 844 2 2 20
1012 844 2 2 68
1014 844 2 2 1
1022 844 2 2 1
532 846 2 2 7
534 846 2 2 8
536 846 2 2 1
538 846 2 2 16
544 846 2 2 11
548 846 2 2 1
550 846 2 2 16
552 846 2 2 12
554 846 2 2 20
1012 846 2 2 323
1014 846 2 2 158
1016 846 2 2 32
1018 846 2 2 1
532 848 2 2 10
538 848 2 2 1
540 848 2 2 8
542 848 2 2 8
544 848 2 2 3
546 848 2 2 7
548 848 2 2 4
550 848 2 2 12
554 848 2 2 13
1020 848 2 2 8
1022 848 2 2 1
532 850 2 2 4
534 850 2 2 1
540 850 2 2 1
542 850 2 2 5
544 850 2 2 10
546 850 2 2 7
548 850 2 2 3
550 850 2 2 1
554 850 2 2 6
1020 850 2 2 31
1022 850 2 2 1
520 852 2 2 1
522 852 2 2 1
528 852 2 2 1
530 852 2 2 1
532 852 2 2 1
534 852 2 2 14
536 852 2 2 1
542 852 2 2 1
544 852 2 2 1
546 852 2 2 6
548 852 2 2 5
550 852 2 2 4
552 852 2 2 1
554 852 2 2 2
564 852 2 2 20
566 852 2 2 23
1016 852 2 2 78
1018 852 2 2 1
1020 852 2 2 1
518 854 2 2 1
520 854 2 2 1
522 854 2 2 4
526 854 2 2 1
528 854 2 2 6
530 854 2 2 3
532 854 2 2 10
534 854 2 2 14
536 854 2 2 1
538 854 2 2 4
540 854 2 2 1
552 854 2 2 7
554 854 2 2 11
564 854 2 2 1
566 854 2 2 14
1016 854 2 2 1
520 856 2 2 1
522 856 2 2 1
524 856 2 2 1
526 856 2 2 1
530 856 2 2 1
532 856 2 2 1
534 856 2 2 2
538 856 2 2 1
540 856 2 2 1
550 856 2 2 1
552 856 2 2 5
554 856 2 2 12
564 856 2 2 14
566 856 2 2 15
1008 856 2 2 112
1010 856 2 2 105
1012 856 2 2 83
1014 856 2 2 42
1016 856 2 2 4
520 858 2 2 1
522 858 2 2 1
524 858 2 2 1
528 858 2 2 1
530 858 2 2 2
538 858 2 2 1
540 858 2 2 1
542 858 2 2 1
552 858 2 2 1
554 858 2 2 7
564 858 2 2 1
566 858 2 2 10
1008 858 2 2 45
1010 858 2 2 1
1012 858 2 2 1
1014 858 2 2 43
1016 858 2 2 43
1018 858 2 2 28
1020 858 2 2 29
1022 858 2 2 20
522 860 2 2 1
526 860 2 2 1
530 860 2 2 1
540 860 2 2 1
542 860 2 2 3
544 860 2 2 2
550 860 2 2 1
552 860 2 2 1
554 860 2 2 7
526 862 2 2 1
530 862 2 2 1
540 862 2 2 1
542 862 2 2 1
544 862 2 2 1
546 862 2 2 1
548 862 2 2 1
552 862 2 2 2
554 862 2 2 5
550 864 2 2 1
552 864 2 2 1
554 864 2 2 4
546 866 2 2 2
548 866 2 2 3
550 866 2 2 1
552 866 2 2 3
554 866 2 2 5
546 868 2 2 1
548 868 2 2 1
550 868 2 2 1
552 868 2 2 3
554 868 2 2 4
556 868 2 2 1
558 868 2 2 9
550 870 2 2 1
552 870 2 2 1
554 870 2 2 1
556 870 2 2 1
558 870 2 2 2
558 872 2 2 1
560 872 2 2 1
562 872 2 2 1
566 872 2 2 1
584 872 2 2 11
586 872 2 2 21
1020 872 2 2 1
1022 872 2 2 29
558 874 2 2 1
560 874 2 2 2
562 874 2 2 2
564 874 2 2 1
566 874 2 2 1
584 874 2 2 14
586 874 2 2 8
1020 874 2 2 12
1022 874 2 2 32
560 876 2 2 1
562 876 2 2 2
584 876 2 2 8
586 876 2 2 1
1020 876 2 2 5
1022 876 2 2 23
562 878 2 2 1
584 878 2 2 22
586 878 2 2 23
1020 878 2 2 1
1022 878 2 2 1
562 880 2 2 2
564 880 2 2 1
566 880 2 2 1
568 880 2 2 2
570 880 2 2 7
1020 880 2 2 52
1022 880 2 2 5
570 882 2 2 6
1020 882 2 2 345
1022 882 2 2 120
570 884 2 2 1
572 884 2 2 4
574 884 2 2 6
576 884 2 2 7
578 884 2 2 12
570 886 2 2 1
574 886 2 2 1
576 886 2 2 1
578 886 2 2 10
570 888 2 2 1
576 888 2 2 2
578 888 2 2 4
576 890 2 2 1
578 890 2 2 2
560 892 2 2 1
576 892 2 2 1
578 892 2 2 2
578 894 2 2 2
576 896 2 2 1
578 896 2 2 1
580 896 2 2 1
582 896 2 2 3
578 898 2 2 1
580 898 2 2 1
582 900 2 2 1
584 900 2 2 1
586 900 2 2 2
604 900 2 2 14
606 900 2 2 15
608 900 2 2 9
610 900 2 2 17
584 902 2 2 1
586 902 2 2 1
604 902 2 2 11
606 902 2 2 1
610 902 2 2 6
586 904 2 2 1
604 904 2 2 13
606 904 2 2 1
610 904 2 2 1
580 906 2 2 1
582 906 2 2 1
584 906 2 2 1
586 906 2 2 2
604 906 2 2 15
606 906 2 2 20
608 906 2 2 16
610 906 2 2 16
580 908 2 2 2
582 908 2 2 4
580 910 2 2 2
582 910 2 2 3
584 912 2 2 2
586 912 2 2 2
592 912 2 2 4
594 912 2 2 5
600 912 2 2 12
602 912 2 2 14
612 912 2 2 14
614 912 2 2 16
616 912 2 2 5
618 912 2 2 19
584 914 2 2 1
586 914 2 2 2
592 914 2 2 2
594 914 2 2 1
600 914 2 2 6
602 914 2 2 1
612 914 2 2 8
614 914 2 2 1
616 914 2 2 1
618 914 2 2 21
584 916 2 2 2
586 916 2 2 2
592 916 2 2 2
594 916 2 2 1
596 916 2 2 2
598 916 2 2 2
600 916 2 2 1
602 916 2 2 1
584 918 2 2 1
586 918 2 2 2
592 918 2 2 1
594 918 2 2 2
596 918 2 2 1
598 918 2 2 1
600 918 2 2 3
602 918 2 2 8
588 920 2 2 1
590 920 2 2 5
608 920 2 2 12
610 920 2 2 8
612 920 2 2 3
614 920 2 2 4
588 922 2 2 1
590 922 2 2 4
608 922 2 2 1
610 922 2 2 8
612 922 2 2 1
614 922 2 2 11
590 924 2 2 1
592 924 2 2 5
594 924 2 2 6
604 924 2 2 3
606 924 2 2 2
608 924 2 2 1
610 924 2 2 1
614 924 2 2 1
592 926 2 2 1
594 926 2 2 5
604 926 2 2 1
606 926 2 2 1
608 926 2 2 1
610 926 2 2 1
594 928 2 2 1
596 928 2 2 4
598 928 2 2 4
604 928 2 2 2
608 928 2 2 1
610 928 2 2 1
612 928 2 2 1
614 928 2 2 1
596 930 2 2 3
598 930 2 2 3
604 930 2 2 2
606 930 2 2 2
608 930 2 2 4
610 930 2 2 1
612 930 2 2 1
614 930 2 2 9
596 932 2 2 1
600 932 2 2 1
602 932 2 2 1
604 932 2 2 1
606 932 2 2 1
608 932 2 2 1
610 932 2 2 1
612 932 2 2 5
614 932 2 2 17
616 932 2 2 9
618 932 2 2 9
592 934 2 2 1
594 934 2 2 2
596 934 2 2 1
598 934 2 2 1
600 934 2 2 1
602 934 2 2 1
604 934 2 2 2
606 934 2 2 1
612 934 2 2 1
614 934 2 2 1
616 934 2 2 1
618 934 2 2 9
588 936 2 2 1
602 936 2 2 1
604 936 2 2 2
606 936 2 2 1
608 936 2 2 1
610 936 2 2 12
612 936 2 2 7
614 936 2 2 4
616 936 2 2 7
618 936 2 2 9
628 936 2 2 9
630 936 2 2 11
604 938 2 2 2
606 938 2 2 2
608 938 2 2 6
610 938 2 2 11
612 938 2 2 3
614 938 2 2 1
616 938 2 2 2
618 938 2 2 4
628 938 2 2 2
630 938 2 2 10
604 940 2 2 2
606 940 2 2 2
612 940 2 2 2
622 940 2 2 2
624 940 2 2 4
626 940 2 2 8
628 940 2 2 1
630 940 2 2 10
632 940 2 2 9
634 940 2 2 1
604 942 2 2 3
606 942 2 2 2
620 942 2 2 1
622 942 2 2 1
624 942 2 2 1
626 942 2 2 1
628 942 2 2 1
630 942 2 2 4
632 942 2 2 3
634 942 2 2 1
604 944 2 2 1
606 944 2 2 1
608 944 2 2 3
610 944 2 2 7
612 944 2 2 1
620 944 2 2 2
622 944 2 2 2
624 944 2 2 1
626 944 2 2 1
628 944 2 2 1
630 944 2 2 2
610 946 2 2 2
612 946 2 2 1
614 946 2 2 1
620 946 2 2 1
622 946 2 2 1
628 946 2 2 2
630 946 2 2 1
610 948 2 2 1
612 948 2 2 2
614 948 2 2 2
616 948 2 2 1
618 948 2 2 1
620 948 2 2 1
628 948 2 2 1
630 948 2 2 1
636 948 2 2 3
638 948 2 2 5
640 948 2 2 8
642 948 2 2 8
612 950 2 2 1
614 950 2 2 1
616 950 2 2 2
618 950 2 2 2
620 950 2 2 1
630 950 2 2 1
636 950 2 2 2
638 950 2 2 1
640 950 2 2 1
642 950 2 2 1
610 952 2 2 1
612 952 2 2 1
614 952 2 2 2
616 952 2 2 2
618 952 2 2 1
630 952 2 2 1
632 952 2 2 1
634 952 2 2 1
636 952 2 2 1
638 952 2 2 1
642 952 2 2 1
644 952 2 2 1
646 952 2 2 5
612 954 2 2 1
614 954 2 2 2
616 954 2 2 3
632 954 2 2 2
634 954 2 2 2
636 954 2 2 1
638 954 2 2 1
644 954 2 2 1
646 954 2 2 4
612 956 2 2 1
616 956 2 2 1
632 956 2 2 1
644 956 2 2 1
646 956 2 2 3
648 956 2 2 7
650 956 2 2 10
640 958 2 2 1
644 958 2 2 1
646 958 2 2 1
648 958 2 2 4
650 958 2 2 11
640 960 2 2 1
642 960 2 2 1
644 960 2 2 1
646 960 2 2 2
656 960 2 2 12
658 960 2 2 3
638 962 2 2 1
640 962 2 2 2
642 962 2 2 1
644 962 2 2 1
646 962 2 2 3
656 962 2 2 1
658 962 2 2 1
638 964 2 2 1
640 964 2 2 1
656 964 2 2 1
658 964 2 2 1
638 966 2 2 1
642 966 2 2 1
656 966 2 2 1
658 966 2 2 1
636 968 2 2 1
638 968 2 2 2
640 968 2 2 1
642 968 2 2 1
636 970 2 2 1
638 970 2 2 1
640 970 2 2 1
642 970 2 2 2
652 972 2 2 3
654 972 2 2 8
634 974 2 2 1
652 974 2 2 7
654 974 2 2 10
632 976 2 2 1
634 976 2 2 1
636 976 2 2 2
638 976 2 2 1
640 976 2 2 1
642 976 2 2 2
648 976 2 2 2
650 976 2 2 1
652 976 2 2 4
654 976 2 2 8
656 976 2 2 11
658 976 2 2 7
660 976 2 2 10
662 976 2 2 13
638 978 2 2 1
640 978 2 2 1
642 978 2 2 1
648 978 2 2 1
650 978 2 2 1
652 978 2 2 3
654 978 2 2 7
656 978 2 2 7
658 978 2 2 1
660 978 2 2 2
662 978 2 2 14
642 980 2 2 1
644 980 2 2 2
646 980 2 2 2
652 980 2 2 4
654 980 2 2 1
656 980 2 2 1
658 980 2 2 4
642 982 2 2 1
644 982 2 2 1
646 982 2 2 2
652 982 2 2 1
654 982 2 2 1
656 982 2 2 1
658 982 2 2 8
646 984 2 2 2
652 984 2 2 2
654 984 2 2 1
656 984 2 2 1
658 984 2 2 10
644 986 2 2 1
646 986 2 2 3
652 986 2 2 1
654 986 2 2 2
656 986 2 2 9
658 986 2 2 10
642 988 2 2 1
644 988 2 2 1
646 988 2 2 2
648 988 2 2 2
650 988 2 2 2
638 990 2 2 1
640 990 2 2 1
642 990 2 2 1
644 990 2 2 1
646 990 2 2 1
648 990 2 2 2
650 990 2 2 2
636 992 2 2 1
648 992 2 2 2
650 992 2 2 3
652 992 2 2 3
654 992 2 2 6
644 994 2 2 1
646 994 2 2 1
648 994 2 2 2
650 994 2 2 1
652 994 2 2 3
654 994 2 2 6
646 996 2 2 1
652 996 2 2 4
654 996 2 2 6
660 996 2 2 9
662 996 2 2 11
644 998 2 2 1
646 998 2 2 2
652 998 2 2 1
654 998 2 2 3
660 998 2 2 1
662 998 2 2 10
642 1000 2 2 1
644 1000 2 2 1
646 1000 2 2 1
648 1000 2 2 3
650 1000 2 2 2
654 1000 2 2 1
656 1000 2 2 4
658 1000 2 2 1
662 1000 2 2 1
640 1002 2 2 1
642 1002 2 2 1
644 1002 2 2 1
646 1002 2 2 2
648 1002 2 2 2
650 1002 2 2 1
652 1002 2 2 1
656 1002 2 2 1
658 1002 2 2 1
632 1004 2 2 1
634 1004 2 2 1
636 1004 2 2 1
640 1004 2 2 2
642 1004 2 2 3
644 1004 2 2 2
646 1004 2 2 2
648 1004 2 2 3
650 1004 2 2 1
654 1004 2 2 1
656 1004 2 2 1
664 1004 2 2 3
666 1004 2 2 5
636 1006 2 2 1
638 1006 2 2 2
640 1006 2 2 2
642 1006 2 2 1
644 1006 2 2 1
646 1006 2 2 1
648 1006 2 2 2
650 1006 2 2 1
658 1006 2 2 1
662 1006 2 2 1
664 1006 2 2 1
636 1008 2 2 3
638 1008 2 2 2
640 1008 2 2 1
650 1008 2 2 1
662 1008 2 2 1
664 1008 2 2 1
666 1008 2 2 1
636 1010 2 2 1
638 1010 2 2 1
650 1010 2 2 1
662 1010 2 2 1
664 1010 2 2 1
666 1010 2 2 4
660 1012 2 2 1
660 1014 2 2 2
662 1014 2 2 2
660 1016 2 2 1
658 1018 2 2 1
660 1018 2 2 2
662 1018 2 2 2
660 1020 2 2 2
662 1020 2 2 1
672 1020 2 2 9
674 1020 2 2 4
676 1020 2 2 7
678 1020 2 2 10
630 1022 2 2 1
636 1022 2 2 1
662 1022 2 2 1
672 1022 2 2 9
674 1022 2 2 3
676 1022 2 2 1
678 1022 2 2 5
656 0 4 4 303
680 0 4 4 1164
684 0 4 4 1011
708 0 4 4 537
772 0 4 4 24
788 0 4 4 8
868 0 4 4 1392
656 4 4 4 379
660 4 4 4 160
708 4 4 4 892
760 4 4 4 134
772 4 4 4 76
784 4 4 4 7
788 4 4 4 5
796 4 4 4 3
864 4 4 4 821
868 4 4 4 2536
592 8 4 4 717
636 8 4 4 189
700 8 4 4 152
752 8 4 4 443
756 8 4 4 332
772 8 4 4 158
776 8 4 4 93
824 8 4 4 10
860 8 4 4 596
592 12 4 4 680
684 12 4 4 500
696 12 4 4 804
700 12 4 4 808
744 12 4 4 350
748 12 4 4 736
752 12 4 4 920
768 12 4 4 122
772 12 4 4 161
800 12 4 4 3
812 12 4 4 14
824 12 4 4 50
828 12 4 4 16
832 12 4 4 8
836 12 4 4 17
840 12 4 4 13
852 12 4 4 55
856 12 4 4 302
860 12 4 4 1412
572 16 4 4 9
584 16 4 4 676
588 16 4 4 889
664 16 4 4 121
736 16 4 4 638
740 16 4 4 725
748 16 4 4 740
752 16 4 4 912
764 16 4 4 116
768 16 4 4 193
796 16 4 4 6
800 16 4 4 4
812 16 4 4 40
840 16 4 4 85
852 16 4 4 714
568 20 4 4 346
572 20 4 4 301
584 20 4 4 1109
636 20 4 4 189
668 20 4 4 138
672 20 4 4 203
676 20 4 4 235
736 20 4 4 751
748 20 4 4 451
752 20 4 4 681
756 20 4 4 426
760 20 4 4 152
764 20 4 4 174
768 20 4 4 142
796 20 4 4 25
800 20 4 4 29
804 20 4 4 56
808 20 4 4 54
812 20 4 4 44
840 20 4 4 611
844 20 4 4 546
848 20 4 4 753
852 20 4 4 1437
584 24 4 4 1321
636 24 4 4 319
640 24 4 4 457
644 24 4 4 496
648 24 4 4 524
652 24 4 4 369
728 24 4 4 588
732 24 4 4 501
760 24 4 4 221
764 24 4 4 111
796 24 4 4 91
584 28 4 4 711
636 28 4 4 359
640 28 4 4 465
652 28 4 4 378
728 28 4 4 459
796 28 4 4 161
584 32 4 4 290
636 32 4 4 387
640 32 4 4 415
652 32 4 4 363
656 32 4 4 473
660 32 4 4 460
720 32 4 4 762
724 32 4 4 342
736 32 4 4 67
740 32 4 4 246
744 32 4 4 310
748 32 4 4 312
796 32 4 4 168
584 36 4 4 112
636 36 4 4 337
640 36 4 4 432
644 36 4 4 294
648 36 4 4 256
652 36 4 4 321
656 36 4 4 86
664 36 4 4 268
668 36 4 4 320
736 36 4 4 161
796 36 4 4 128
664 40 4 4 563
668 40 4 4 601
696 40 4 4 1211
700 40 4 4 1052
712 40 4 4 271
716 40 4 4 175
732 40 4 4 37
736 40 4 4 47
668 44 4 4 616
712 44 4 4 17
728 44 4 4 43
732 44 4 4 65
736 44 4 4 35
772 44 4 4 53
780 44 4 4 117
784 44 4 4 313
568 48 4 4 1016
572 48 4 4 413
648 48 4 4 549
668 48 4 4 622
688 48 4 4 1346
708 48 4 4 29
736 48 4 4 62
568 52 4 4 779
628 52 4 4 104
648 52 4 4 513
688 52 4 4 583
708 52 4 4 97
796 52 4 4 348
560 56 4 4 1966
648 56 4 4 405
676 56 4 4 953
688 56 4 4 276
708 56 4 4 130
728 56 4 4 248
732 56 4 4 216
780 56 4 4 77
620 60 4 4 137
648 60 4 4 348
676 60 4 4 355
708 60 4 4 179
728 60 4 4 502
772 60 4 4 90
776 60 4 4 187
780 60 4 4 289
604 64 4 4 175
608 64 4 4 212
648 64 4 4 390
676 64 4 4 155
680 64 4 4 426
684 64 4 4 284
712 64 4 4 333
716 64 4 4 512
792 64 4 4 87
800 64 4 4 69
804 64 4 4 194
560 68 4 4 1393
564 68 4 4 502
572 68 4 4 580
576 68 4 4 502
580 68 4 4 640
584 68 4 4 528
588 68 4 4 437
592 68 4 4 393
596 68 4 4 274
600 68 4 4 177
612 68 4 4 290
648 68 4 4 437
652 68 4 4 126
676 68 4 4 40
712 68 4 4 502
764 68 4 4 315
552 72 4 4 3136
556 72 4 4 2086
560 72 4 4 1343
572 72 4 4 784
632 72 4 4 704
636 72 4 4 699
672 72 4 4 5
700 72 4 4 91
704 72 4 4 362
708 72 4 4 503
760 72 4 4 178
764 72 4 4 307
768 72 4 4 486
772 72 4 4 829
776 72 4 4 1011
780 72 4 4 734
812 72 4 4 67
552 76 4 4 1551
568 76 4 4 172
572 76 4 4 616
636 76 4 4 600
696 76 4 4 38
700 76 4 4 131
704 76 4 4 422
812 76 4 4 65
544 80 4 4 2588
564 80 4 4 32
576 80 4 4 432
580 80 4 4 286
588 80 4 4 444
592 80 4 4 263
632 80 4 4 205
636 80 4 4 451
656 80 4 4 128
660 80 4 4 58
696 80 4 4 30
700 80 4 4 107
704 80 4 4 121
784 80 4 4 4
812 80 4 4 73
544 84 4 4 1284
576 84 4 4 287
588 84 4 4 295
592 84 4 4 332
636 84 4 4 301
656 84 4 4 45
696 84 4 4 12
732 84 4 4 5
736 84 4 4 6
784 84 4 4 3
788 84 4 4 3
812 84 4 4 61
576 88 4 4 158
588 88 4 4 148
732 88 4 4 4
736 88 4 4 6
776 88 4 4 4
780 88 4 4 4
812 88 4 4 53
544 92 4 4 908
548 92 4 4 392
576 92 4 4 121
732 92 4 4 4
768 92 4 4 3
780 92 4 4 3
808 92 4 4 7
812 92 4 4 102
576 96 4 4 39
664 96 4 4 4
732 96 4 4 3
804 96 4 4 11
576 100 4 4 8
656 100 4 4 3
660 100 4 4 4
732 100 4 4 3
736 100 4 4 3
748 100 4 4 4
784 100 4 4 6
788 100 4 4 4
800 100 4 4 7
804 100 4 4 25
652 104 4 4 4
656 104 4 4 4
732 104 4 4 3
736 104 4 4 3
652 108 4 4 4
664 108 4 4 5
668 108 4 4 4
672 108 4 4 4
720 108 4 4 4
724 108 4 4 4
728 108 4 4 3
732 108 4 4 3
736 108 4 4 3
740 108 4 4 4
576 112 4 4 49
680 112 4 4 3
720 112 4 4 4
724 112 4 4 3
584 116 4 4 6
648 116 4 4 7
652 116 4 4 8
680 116 4 4 5
684 116 4 4 4
688 116 4 4 3
700 116 4 4 3
716 116 4 4 3
724 116 4 4 3
560 120 4 4 249
564 120 4 4 81
580 120 4 4 3
668 120 4 4 5
560 124 4 4 73
592 124 4 4 6
644 124 4 4 9
664 124 4 4 4
668 124 4 4 5
724 124 4 4 8
560 128 4 4 33
644 128 4 4 8
656 128 4 4 5
660 128 4 4 4
580 132 4 4 9
644 132 4 4 9
544 136 4 4 1033
548 136 4 4 147
552 136 4 4 104
580 136 4 4 10
584 136 4 4 8
588 136 4 4 7
592 136 4 4 6
668 136 4 4 4
672 136 4 4 5
676 136 4 4 5
692 136 4 4 9
544 140 4 4 527
668 140 4 4 5
680 140 4 4 4
684 140 4 4 9
692 140 4 4 13
544 144 4 4 432
644 144 4 4 65
544 148 4 4 60
644 148 4 4 105
676 148 4 4 73
544 152 4 4 11
648 152 4 4 245
668 152 4 4 155
676 152 4 4 266
544 156 4 4 8
648 156 4 4 216
668 156 4 4 344
672 156 4 4 498
676 156 4 4 727
400 160 4 4 3063
636 160 4 4 138
400 164 4 4 1974
408 164 4 4 3
636 164 4 4 232
400 168 4 4 1868
536 168 4 4 896
540 168 4 4 201
636 168 4 4 217
400 172 4 4 1782
404 172 4 4 569
408 172 4 4 1117
412 172 4 4 2956
536 172 4 4 624
628 172 4 4 28
632 172 4 4 107
636 172 4 4 268
536 176 4 4 89
632 176 4 4 124
636 176 4 4 316
636 180 4 4 362
636 184 4 4 220
644 192 4 4 973
644 196 4 4 532
176 200 4 4 400
180 200 4 4 18
528 200 4 4 651
644 200 4 4 222
176 204 4 4 408
528 204 4 4 487
640 204 4 4 43
644 204 4 4 91
528 208 4 4 332
640 208 4 4 45
644 208 4 4 113
644 212 4 4 104
48 216 4 4 204
52 216 4 4 321
96 216 4 4 266
100 216 4 4 697
648 216 4 4 96
652 216 4 4 192
656 216 4 4 201
668 216 4 4 2369
48 220 4 4 80
96 220 4 4 25
552 220 4 4 4
556 220 4 4 7
660 220 4 4 65
676 224 4 4 2339
548 228 4 4 4
64 232 4 4 321
68 232 4 4 309
80 232 4 4 351
84 232 4 4 195
88 232 4 4 415
92 232 4 4 603
216 232 4 4 351
220 232 4 4 283
548 232 4 4 5
560 232 4 4 6
68 236 4 4 124
80 236 4 4 348
92 236 4 4 59
220 236 4 4 150
528 236 4 4 572
548 236 4 4 7
560 236 4 4 7
32 240 4 4 176
36 240 4 4 147
48 240 4 4 309
52 240 4 4 674
560 240 4 4 7
32 244 4 4 70
52 244 4 4 427
536 244 4 4 152
540 244 4 4 27
32 248 4 4 232
684 248 4 4 902
32 252 4 4 405
36 252 4 4 332
104 256 4 4 76
560 256 4 4 111
688 256 4 4 670
692 256 4 4 2184
104 260 4 4 777
108 260 4 4 934
560 260 4 4 166
692 260 4 4 1378
80 264 4 4 25
560 264 4 4 199
692 264 4 4 256
80 268 4 4 3
84 268 4 4 47
560 268 4 4 438
72 272 4 4 182
76 272 4 4 9
72 276 4 4 286
32 284 4 4 187
36 284 4 4 125
692 288 4 4 326
692 292 4 4 1087
692 296 4 4 1432
680 300 4 4 2
684 300 4 4 16
688 300 4 4 534
692 300 4 4 1683
560 304 4 4 698
564 304 4 4 311
560 308 4 4 504
676 308 4 4 52
560 312 4 4 319
676 312 4 4 54
560 316 4 4 521
676 316 4 4 214
676 320 4 4 334
676 324 4 4 431
676 328 4 4 388
676 332 4 4 479
568 336 4 4 83
676 336 4 4 552
568 340 4 4 115
676 340 4 4 397
568 344 4 4 161
684 344 4 4 1204
568 348 4 4 288
572 348 4 4 43
684 348 4 4 536
576 356 4 4 73
648 356 4 4 24
652 356 4 4 33
656 356 4 4 37
660 356 4 4 33
664 356 4 4 30
664 360 4 4 60
668 360 4 4 28
684 360 4 4 330
632 364 4 4 105
636 364 4 4 209
664 364 4 4 196
680 364 4 4 210
684 364 4 4 596
576 368 4 4 231
664 368 4 4 348
676 368 4 4 43
576 372 4 4 392
580 372 4 4 367
584 372 4 4 371
600 372 4 4 177
620 372 4 4 99
664 372 4 4 509
668 372 4 4 310
672 372 4 4 81
676 372 4 4 208
616 384 4 4 209
632 384 4 4 451
636 384 4 4 539
648 384 4 4 709
660 384 4 4 1090
636 388 4 4 345
648 388 4 4 480
616 392 4 4 79
620 392 4 4 199
620 396 4 4 226
620 400 4 4 171
672 400 4 4 300
620 404 4 4 283
672 404 4 4 1323
676 404 4 4 1459
56 408 4 4 50
624 408 4 4 764
628 408 4 4 643
632 408 4 4 414
636 408 4 4 315
56 412 4 4 134
60 412 4 4 80
624 420 4 4 146
636 420 4 4 363
668 424 4 4 1673
668 428 4 4 1401
4 448 4 4 17
672 448 4 4 966
676 448 4 4 1935
4 452 4 4 19
676 452 4 4 1459
4 456 4 4 25
0 460 4 4 26
4 460 4 4 30
648 472 4 4 788
660 472 4 4 683
668 480 4 4 1656
656 484 4 4 1081
668 484 4 4 1111
344 488 4 4 497
348 488 4 4 250
352 488 4 4 199
356 488 4 4 283
344 492 4 4 247
356 492 4 4 38
344 496 4 4 62
348 496 4 4 9
352 496 4 4 6
356 496 4 4 19
344 500 4 4 41
356 500 4 4 17
648 500 4 4 509
660 500 4 4 240
648 504 4 4 1251
660 504 4 4 340
648 508 4 4 1811
652 508 4 4 1060
660 508 4 4 416
656 516 4 4 212
660 516 4 4 502
656 520 4 4 309
656 524 4 4 520
660 524 4 4 341
0 536 4 4 11
4 536 4 4 12
8 536 4 4 12
16 536 4 4 12
20 536 4 4 14
8 540 4 4 6
12 540 4 4 6
44 544 4 4 16
48 544 4 4 19
52 544 4 4 20
56 544 4 4 20
60 544 4 4 21
72 544 4 4 21
76 544 4 4 22
104 544 4 4 23
108 544 4 4 26
112 544 4 4 31
116 544 4 4 32
48 548 4 4 9
60 548 4 4 16
76 548 4 4 12
104 548 4 4 16
116 548 4 4 29
76 552 4 4 11
80 552 4 4 12
84 552 4 4 12
60 556 4 4 5
64 556 4 4 6
68 556 4 4 9
72 556 4 4 8
116 556 4 4 18
72 560 4 4 4
92 560 4 4 6
104 560 4 4 4
120 560 4 4 14
124 560 4 4 16
128 560 4 4 18
132 560 4 4 20
176 560 4 4 25
180 560 4 4 27
108 564 4 4 4
112 564 4 4 4
120 564 4 4 5
128 564 4 4 9
176 564 4 4 20
112 568 4 4 5
160 568 4 4 23
164 568 4 4 26
168 568 4 4 28
172 568 4 4 29
188 568 4 4 23
192 568 4 4 38
196 568 4 4 37
584 568 4 4 172
588 568 4 4 105
596 568 4 4 337
640 568 4 4 1350
644 568 4 4 1350
128 572 4 4 3
160 572 4 4 7
172 572 4 4 23
184 572 4 4 22
188 572 4 4 19
196 572 4 4 15
596 572 4 4 262
644 572 4 4 1576
128 576 4 4 6
152 576 4 4 3
156 576 4 4 4
160 576 4 4 6
180 576 4 4 18
188 576 4 4 24
204 576 4 4 20
644 576 4 4 2072
160 580 4 4 2
168 580 4 4 10
172 580 4 4 11
180 580 4 4 14
188 580 4 4 21
192 580 4 4 30
196 580 4 4 29
204 580 4 4 25
640 580 4 4 1025
644 580 4 4 2488
160 584 4 4 3
168 584 4 4 6
180 584 4 4 11
184 584 4 4 12
204 584 4 4 30
144 588 4 4 4
160 588 4 4 3
164 588 4 4 4
168 588 4 4 7
204 588 4 4 20
164 592 4 4 5
560 592 4 4 478
564 592 4 4 228
576 592 4 4 91
164 596 4 4 4
560 596 4 4 329
164 600 4 4 2
216 600 4 4 25
232 600 4 4 27
236 600 4 4 29
560 600 4 4 165
564 600 4 4 115
568 600 4 4 46
604 600 4 4 1060
160 604 4 4 5
164 604 4 4 3
168 604 4 4 4
208 604 4 4 10
236 604 4 4 27
560 604 4 4 33
604 604 4 4 948
168 608 4 4 6
204 608 4 4 5
224 608 4 4 12
228 608 4 4 13
232 608 4 4 9
240 608 4 4 19
244 608 4 4 19
552 608 4 4 250
556 608 4 4 94
632 608 4 4 1694
636 608 4 4 3068
156 612 4 4 2
168 612 4 4 8
224 612 4 4 10
244 612 4 4 15
552 612 4 4 153
636 612 4 4 2227
156 616 4 4 2
160 616 4 4 2
164 616 4 4 4
224 616 4 4 9
248 616 4 4 12
252 616 4 4 14
256 616 4 4 14
260 616 4 4 13
280 616 4 4 9
284 616 4 4 16
288 616 4 4 17
292 616 4 4 23
552 616 4 4 72
612 616 4 4 240
636 616 4 4 1537
152 620 4 4 2
284 620 4 4 11
288 620 4 4 9
552 620 4 4 27
632 620 4 4 649
636 620 4 4 1993
280 624 4 4 9
284 624 4 4 6
316 624 4 4 18
552 624 4 4 19
620 624 4 4 883
148 628 4 4 2
152 628 4 4 2
156 628 4 4 2
156 632 4 4 2
336 632 4 4 19
340 632 4 4 27
544 632 4 4 81
548 632 4 4 20
624 632 4 4 182
628 632 4 4 407
340 636 4 4 20
544 636 4 4 35
628 636 4 4 431
340 640 4 4 17
544 644 4 4 7
356 648 4 4 21
376 648 4 4 8
380 648 4 4 22
504 648 4 4 25
512 648 4 4 14
516 648 4 4 37
544 648 4 4 12
632 648 4 4 763
636 648 4 4 1474
352 652 4 4 8
356 652 4 4 15
376 652 4 4 9
504 652 4 4 19
508 652 4 4 22
516 652 4 4 48
544 652 4 4 10
636 652 4 4 1380
356 656 4 4 9
360 656 4 4 13
364 656 4 4 12
368 656 4 4 3
372 656 4 4 11
496 656 4 4 33
500 656 4 4 22
636 656 4 4 1127
496 660 4 4 38
512 660 4 4 31
516 660 4 4 55
636 660 4 4 1165
372 664 4 4 10
376 664 4 4 9
380 664 4 4 18
384 664 4 4 23
388 664 4 4 26
524 664 4 4 38
636 664 4 4 571
376 668 4 4 10
636 668 4 4 261
396 672 4 4 18
524 672 4 4 11
512 676 4 4 24
524 676 4 4 23
524 680 4 4 49
404 684 4 4 9
520 684 4 4 32
524 684 4 4 70
552 684 4 4 15
404 688 4 4 9
412 688 4 4 14
644 688 4 4 1651
644 692 4 4 1350
420 696 4 4 18
560 696 4 4 11
644 696 4 4 501
420 700 4 4 11
560 700 4 4 19
564 700 4 4 8
644 700 4 4 278
424 704 4 4 9
428 704 4 4 11
648 704 4 4 927
652 704 4 4 1416
752 704 4 4 321
756 704 4 4 213
776 704 4 4 602
780 704 4 4 732
784 704 4 4 915
788 704 4 4 993
568 708 4 4 13
652 708 4 4 2123
752 708 4 4 106
788 708 4 4 572
436 712 4 4 13
568 712 4 4 25
652 712 4 4 1961
760 712 4 4 268
784 712 4 4 9
792 712 4 4 52
796 712 4 4 435
432 716 4 4 8
436 716 4 4 11
568 716 4 4 36
572 716 4 4 26
652 716 4 4 1003
760 716 4 4 278
456 720 4 4 25
460 720 4 4 32
576 720 4 4 24
656 720 4 4 1222
660 720 4 4 2074
780 720 4 4 88
784 720 4 4 101
800 720 4 4 55
804 720 4 4 155
436 724 4 4 3
452 724 4 4 8
460 724 4 4 21
576 724 4 4 37
660 724 4 4 1001
768 724 4 4 169
776 724 4 4 160
780 724 4 4 199
784 724 4 4 193
788 724 4 4 57
804 724 4 4 189
452 728 4 4 5
468 728 4 4 36
660 728 4 4 343
824 728 4 4 273
828 728 4 4 163
468 732 4 4 26
660 732 4 4 150
828 732 4 4 57
828 736 4 4 64
868 736 4 4 478
876 736 4 4 457
592 740 4 4 24
828 740 4 4 71
872 740 4 4 72
876 740 4 4 157
472 744 4 4 7
476 744 4 4 13
480 744 4 4 21
484 744 4 4 27
592 744 4 4 45
656 744 4 4 177
848 744 4 4 184
868 744 4 4 39
484 748 4 4 18
592 748 4 4 58
596 748 4 4 35
660 748 4 4 108
848 748 4 4 348
852 748 4 4 79
856 748 4 4 37
864 748 4 4 37
868 748 4 4 65
488 752 4 4 16
492 752 4 4 20
664 752 4 4 173
668 752 4 4 545
600 756 4 4 51
668 756 4 4 280
496 760 4 4 11
500 760 4 4 12
512 760 4 4 21
516 760 4 4 31
660 760 4 4 52
860 760 4 4 64
608 764 4 4 58
612 764 4 4 43
616 764 4 4 30
620 764 4 4 25
656 764 4 4 68
660 764 4 4 152
856 764 4 4 620
860 764 4 4 692
524 768 4 4 24
528 768 4 4 34
532 768 4 4 47
624 768 4 4 43
508 772 4 4 10
520 772 4 4 12
532 772 4 4 29
624 772 4 4 68
628 772 4 4 46
644 772 4 4 91
508 776 4 4 10
528 776 4 4 11
532 776 4 4 13
496 780 4 4 5
536 784 4 4 18
540 784 4 4 18
540 788 4 4 16
540 792 4 4 16
536 796 4 4 24
540 796 4 4 22
524 804 4 4 11
752 804 4 4 86
756 804 4 4 73
536 808 4 4 18
540 808 4 4 24
536 812 4 4 12
1000 816 4 4 220
1004 816 4 4 439
1008 816 4 4 437
1012 816 4 4 587
1000 820 4 4 51
1012 820 4 4 167
544 824 4 4 22
548 824 4 4 26
976 824 4 4 92
980 824 4 4 28
988 824 4 4 65
536 828 4 4 19
548 828 4 4 20
976 828 4 4 95
988 828 4 4 27
1012 828 4 4 10
568 832 4 4 44
572 832 4 4 50
944 832 4 4 627
956 832 4 4 147
1000 832 4 4 71
1020 832 4 4 22
568 836 4 4 31
944 836 4 4 231
956 836 4 4 395
1000 836 4 4 310
1004 836 4 4 86
540 840 4 4 20
544 840 4 4 12
548 840 4 4 9
552 840 4 4 15
556 840 4 4 18
540 844 4 4 17
556 844 4 4 21
1008 844 4 4 367
556 848 4 4 19
560 848 4 4 21
564 848 4 4 24
1016 848 4 4 180
556 852 4 4 15
560 852 4 4 17
556 856 4 4 13
560 856 4 4 10
556 860 4 4 12
560 860 4 4 17
564 860 4 4 22
1008 860 4 4 287
1012 860 4 4 259
1016 860 4 4 284
1020 860 4 4 214
556 864 4 4 11
588 872 4 4 25
1016 872 4 4 40
564 876 4 4 2
588 876 4 4 24
1016 876 4 4 68
572 880 4 4 14
576 880 4 4 16
580 880 4 4 19
1016 880 4 4 430
580 884 4 4 15
1016 884 4 4 601
1020 884 4 4 549
580 888 4 4 10
580 892 4 4 5
584 896 4 4 6
588 896 4 4 11
600 896 4 4 16
604 896 4 4 13
608 896 4 4 19
612 896 4 4 27
588 900 4 4 6
600 900 4 4 12
612 900 4 4 25
588 904 4 4 5
600 904 4 4 9
612 904 4 4 21
584 908 4 4 2
588 908 4 4 4
600 908 4 4 12
604 908 4 4 17
608 908 4 4 18
612 908 4 4 20
588 912 4 4 2
596 912 4 4 7
604 912 4 4 12
608 912 4 4 10
620 912 4 4 25
588 916 4 4 2
604 916 4 4 10
608 916 4 4 9
612 916 4 4 7
616 916 4 4 16
620 916 4 4 20
592 920 4 4 4
596 920 4 4 3
600 920 4 4 5
604 920 4 4 8
596 924 4 4 4
600 924 4 4 3
600 928 4 4 2
616 928 4 4 10
620 928 4 4 12
620 932 4 4 11
620 936 4 4 8
624 936 4 4 10
632 936 4 4 14
636 936 4 4 13
608 940 4 4 8
636 940 4 4 8
632 944 4 4 4
636 944 4 4 9
640 944 4 4 11
644 944 4 4 15
632 948 4 4 2
644 948 4 4 9
648 952 4 4 10
652 952 4 4 15
652 956 4 4 16
660 960 4 4 15
644 964 4 4 4
660 964 4 4 10
644 968 4 4 4
648 968 4 4 8
652 968 4 4 10
636 972 4 4 2
640 972 4 4 2
644 972 4 4 3
648 972 4 4 4
644 976 4 4 2
648 980 4 4 3
660 980 4 4 13
648 984 4 4 2
660 984 4 4 11
652 988 4 4 3
656 988 4 4 8
660 988 4 4 10
656 992 4 4 10
660 992 4 4 11
648 996 4 4 3
656 996 4 4 9
664 1000 4 4 11
668 1000 4 4 15
668 1004 4 4 10
668 1008 4 4 9
664 1012 4 4 6
668 1012 4 4 10
672 1016 4 4 13
676 1016 4 4 17
592 0 8 8 649
632 0 8 8 339
672 0 8 8 1211
712 0 8 8 522
776 0 8 8 23
872 0 8 8 3621
656 8 8 8 444
688 8 8 8 412
704 8 8 8 971
712 8 8 8 773
792 8 8 8 5
816 8 8 8 26
864 8 8 8 2802
872 8 8 8 4103
560 16 8 8 667
576 16 8 8 582
640 16 8 8 487
648 16 8 8 594
656 16 8 8 543
680 16 8 8 760
720 16 8 8 782
728 16 8 8 662
832 16 8 8 504
856 16 8 8 1979
560 24 8 8 1313
568 24 8 8 1351
576 24 8 8 1547
656 24 8 8 469
672 24 8 8 279
680 24 8 8 1006
720 24 8 8 862
744 24 8 8 430
752 24 8 8 440
800 24 8 8 136
808 24 8 8 114
832 24 8 8 1878
840 24 8 8 2327
848 24 8 8 3035
856 24 8 8 3570
576 32 8 8 898
688 32 8 8 1573
696 32 8 8 1621
704 32 8 8 1392
712 32 8 8 956
576 40 8 8 465
640 40 8 8 450
648 40 8 8 441
656 40 8 8 429
688 40 8 8 1382
704 40 8 8 503
560 48 8 8 2122
632 48 8 8 276
640 48 8 8 517
672 48 8 8 1067
680 48 8 8 1124
712 48 8 8 123
720 48 8 8 123
728 48 8 8 119
624 56 8 8 221
632 56 8 8 411
640 56 8 8 522
680 56 8 8 842
712 56 8 8 204
720 56 8 8 354
784 56 8 8 264
792 56 8 8 664
544 64 8 8 3042
552 64 8 8 2938
616 64 8 8 279
624 64 8 8 418
632 64 8 8 542
640 64 8 8 587
704 64 8 8 272
768 64 8 8 510
776 64 8 8 840
784 64 8 8 329
808 64 8 8 343
544 72 8 8 3223
576 72 8 8 747
584 72 8 8 604
640 72 8 8 517
648 72 8 8 283
656 72 8 8 128
664 72 8 8 34
568 80 8 8 436
640 80 8 8 296
648 80 8 8 168
552 88 8 8 129
560 88 8 8 83
568 88 8 8 322
784 88 8 8 3
808 96 8 8 244
744 104 8 8 5
784 104 8 8 21
792 104 8 8 34
800 104 8 8 85
808 104 8 8 757
560 112 8 8 587
568 112 8 8 196
656 112 8 8 5
664 112 8 8 5
672 112 8 8 5
728 112 8 8 4
584 120 8 8 6
648 120 8 8 8
656 120 8 8 5
672 120 8 8 6
680 120 8 8 6
688 120 8 8 5
696 120 8 8 4
704 120 8 8 3
728 120 8 8 10
544 128 8 8 1250
552 128 8 8 316
584 128 8 8 7
592 128 8 8 6
648 128 8 8 9
664 128 8 8 5
672 128 8 8 6
680 128 8 8 7
688 128 8 8 8
696 128 8 8 6
648 136 8 8 54
696 136 8 8 32
648 144 8 8 142
680 144 8 8 49
640 152 8 8 158
680 152 8 8 699
528 160 8 8 2070
536 160 8 8 681
528 168 8 8 1626
528 176 8 8 1202
528 184 8 8 1340
176 192 8 8 58
184 192 8 8 7
528 192 8 8 784
648 192 8 8 1754
184 200 8 8 6
648 200 8 8 1099
48 208 8 8 786
56 208 8 8 910
96 208 8 8 1402
104 208 8 8 1418
648 208 8 8 302
656 208 8 8 1442
664 208 8 8 3141
56 216 8 8 634
104 216 8 8 1072
64 224 8 8 512
72 224 8 8 758
80 224 8 8 699
88 224 8 8 897
208 224 8 8 279
216 224 8 8 150
552 224 8 8 6
560 224 8 8 7
680 224 8 8 3204
72 232 8 8 438
208 232 8 8 404
552 232 8 8 6
680 232 8 8 1575
40 240 8 8 151
56 240 8 8 662
528 240 8 8 495
680 240 8 8 1081
40 248 8 8 118
48 248 8 8 334
56 248 8 8 690
528 248 8 8 761
536 248 8 8 305
80 256 8 8 354
88 256 8 8 858
96 256 8 8 899
696 256 8 8 3348
88 264 8 8 511
96 264 8 8 1210
104 264 8 8 1439
696 264 8 8 1661
32 272 8 8 781
40 272 8 8 891
64 272 8 8 681
560 272 8 8 496
696 272 8 8 990
40 280 8 8 666
64 280 8 8 859
72 280 8 8 945
560 280 8 8 888
696 280 8 8 1090
560 288 8 8 1088
696 288 8 8 2267
560 296 8 8 983
696 296 8 8 2608
680 304 8 8 472
680 312 8 8 1407
560 320 8 8 375
680 320 8 8 1498
560 328 8 8 407
680 328 8 8 1890
560 336 8 8 438
680 336 8 8 1745
560 344 8 8 442
640 360 8 8 107
648 360 8 8 54
656 360 8 8 63
656 368 8 8 451
680 368 8 8 635
576 376 8 8 1411
584 376 8 8 1144
592 376 8 8 681
600 376 8 8 680
608 376 8 8 190
616 376 8 8 331
656 376 8 8 1026
664 376 8 8 877
672 376 8 8 827
680 376 8 8 903
608 384 8 8 506
640 384 8 8 665
664 384 8 8 1021
608 392 8 8 716
624 392 8 8 440
632 392 8 8 521
640 392 8 8 619
648 392 8 8 281
664 392 8 8 295
48 400 8 8 66
56 400 8 8 64
608 400 8 8 593
624 400 8 8 617
632 400 8 8 775
680 400 8 8 2233
48 408 8 8 122
608 408 8 8 737
616 408 8 8 445
672 408 8 8 2320
680 408 8 8 2768
656 416 8 8 1352
664 416 8 8 1872
624 424 8 8 1353
632 424 8 8 518
8 432 8 8 40
8 440 8 8 34
8 448 8 8 23
680 448 8 8 3418
8 456 8 8 39
672 456 8 8 2061
680 456 8 8 3402
640 464 8 8 1490
648 464 8 8 793
656 464 8 8 1505
664 464 8 8 2599
640 472 8 8 1535
664 472 8 8 1875
336 480 8 8 612
344 480 8 8 542
352 480 8 8 540
360 480 8 8 608
336 488 8 8 450
360 488 8 8 371
656 488 8 8 860
664 488 8 8 1393
336 496 8 8 239
360 496 8 8 147
640 496 8 8 1658
664 496 8 8 1834
336 504 8 8 207
344 504 8 8 213
352 504 8 8 184
360 504 8 8 197
640 504 8 8 2282
664 504 8 8 1904
664 512 8 8 2198
664 520 8 8 2359
0 528 8 8 15
8 528 8 8 17
16 528 8 8 20
24 528 8 8 24
24 536 8 8 16
64 544 8 8 16
80 544 8 8 18
88 544 8 8 18
96 544 8 8 17
120 544 8 8 30
120 552 8 8 23
136 560 8 8 20
160 560 8 8 31
168 560 8 8 29
184 560 8 8 35
192 560 8 8 51
200 560 8 8 51
576 560 8 8 833
584 560 8 8 488
592 560 8 8 395
600 560 8 8 820
640 560 8 8 904
648 560 8 8 3069
176 568 8 8 28
200 568 8 8 33
576 568 8 8 472
600 568 8 8 1009
648 568 8 8 3320
576 576 8 8 385
600 576 8 8 1070
624 576 8 8 2157
648 576 8 8 3691
576 584 8 8 310
600 584 8 8 936
624 584 8 8 1724
632 584 8 8 1034
640 584 8 8 3032
648 584 8 8 4015
168 592 8 8 8
208 592 8 8 29
216 592 8 8 31
224 592 8 8 29
232 592 8 8 32
568 592 8 8 91
600 592 8 8 838
224 600 8 8 21
160 608 8 8 3
248 608 8 8 18
256 608 8 8 19
264 608 8 8 20
272 608 8 8 23
280 608 8 8 26
288 608 8 8 30
296 608 8 8 32
544 608 8 8 379
608 608 8 8 748
616 608 8 8 1147
624 608 8 8 1241
296 616 8 8 18
544 616 8 8 177
616 616 8 8 1011
624 616 8 8 960
320 624 8 8 18
328 624 8 8 24
336 624 8 8 30
344 624 8 8 33
544 624 8 8 93
624 624 8 8 649
632 624 8 8 1579
344 632 8 8 27
632 632 8 8 1826
344 640 8 8 18
352 640 8 8 25
360 640 8 8 27
368 640 8 8 28
376 640 8 8 28
496 640 8 8 41
504 640 8 8 41
512 640 8 8 63
520 640 8 8 95
632 640 8 8 1273
360 648 8 8 20
368 648 8 8 17
496 648 8 8 38
520 648 8 8 44
376 656 8 8 19
384 656 8 8 23
392 656 8 8 23
504 656 8 8 31
520 656 8 8 63
544 656 8 8 9
392 664 8 8 21
496 664 8 8 55
504 664 8 8 52
544 664 8 8 8
400 672 8 8 21
408 672 8 8 22
544 672 8 8 15
408 680 8 8 19
512 680 8 8 35
544 680 8 8 21
416 688 8 8 22
424 688 8 8 22
648 688 8 8 3542
768 688 8 8 2541
776 688 8 8 2698
424 696 8 8 16
648 696 8 8 1813
776 696 8 8 1087
432 704 8 8 17
440 704 8 8 23
560 704 8 8 27
760 704 8 8 212
768 704 8 8 204
792 704 8 8 875
440 712 8 8 14
560 712 8 8 47
752 712 8 8 464
464 720 8 8 40
472 720 8 8 48
664 720 8 8 1566
728 720 8 8 445
808 720 8 8 372
816 720 8 8 418
824 720 8 8 352
472 728 8 8 43
576 728 8 8 48
664 728 8 8 289
720 728 8 8 691
728 728 8 8 687
768 728 8 8 1340
776 728 8 8 779
784 728 8 8 298
792 728 8 8 213
808 728 8 8 344
816 728 8 8 317
472 736 8 8 25
480 736 8 8 34
488 736 8 8 42
656 736 8 8 168
664 736 8 8 128
816 736 8 8 279
848 736 8 8 72
488 744 8 8 28
664 744 8 8 427
816 744 8 8 348
824 744 8 8 119
872 744 8 8 111
496 752 8 8 20
504 752 8 8 14
512 752 8 8 32
520 752 8 8 60
592 752 8 8 68
848 752 8 8 509
856 752 8 8 37
504 760 8 8 12
520 760 8 8 37
592 760 8 8 78
600 760 8 8 71
664 760 8 8 179
848 760 8 8 939
536 768 8 8 58
648 768 8 8 106
536 776 8 8 19
624 776 8 8 87
632 776 8 8 87
640 776 8 8 112
648 776 8 8 145
528 800 8 8 17
536 800 8 8 23
760 800 8 8 161
528 808 8 8 15
752 808 8 8 125
760 808 8 8 124
528 816 8 8 10
536 816 8 8 20
544 816 8 8 26
552 816 8 8 40
976 816 8 8 113
984 816 8 8 180
992 816 8 8 124
1016 816 8 8 588
528 824 8 8 11
552 824 8 8 32
992 824 8 8 62
1016 824 8 8 56
544 832 8 8 12
552 832 8 8 19
560 832 8 8 31
992 832 8 8 414
560 840 8 8 23
568 840 8 8 25
944 840 8 8 826
952 840 8 8 1184
992 840 8 8 622
1000 840 8 8 416
568 848 8 8 27
1008 848 8 8 271
568 856 8 8 23
560 864 8 8 15
568 864 8 8 19
576 864 8 8 24
584 864 8 8 28
1008 864 8 8 327
1016 864 8 8 180
568 872 8 8 13
576 872 8 8 20
1008 872 8 8 278
584 880 8 8 21
1008 880 8 8 677
584 888 8 8 15
1008 888 8 8 697
1016 888 8 8 629
592 896 8 8 15
616 896 8 8 32
592 904 8 8 9
616 904 8 8 27
616 920 8 8 13
624 928 8 8 13
632 928 8 8 19
648 944 8 8 18
648 960 8 8 10
664 960 8 8 37
656 968 8 8 9
664 968 8 8 32
664 976 8 8 28
664 984 8 8 22
664 992 8 8 17
672 1008 8 8 17
680 1008 8 8 26
664 1016 8 8 9
680 1016 8 8 19
544 0 16 16 178
560 0 16 16 452
576 0 16 16 509
640 0 16 16 529
720 0 16 16 481
880 0 16 16 5840
544 16 16 16 793
688 16 16 16 1296
704 16 16 16 1256
816 16 16 16 423
864 16 16 16 4623
880 16 16 16 6995
544 32 16 16 3305
560 32 16 16 2001
672 32 16 16 1057
544 48 16 16 2717
816 64 16 16 1239
816 80 16 16 1397
544 96 16 16 1048
560 96 16 16 242
752 96 16 16 6
768 96 16 16 8
816 96 16 16 2425
544 112 16 16 1331
736 112 16 16 16
752 112 16 16 39
768 112 16 16 41
784 112 16 16 700
800 112 16 16 1628
816 112 16 16 3395
688 144 16 16 443
384 160 16 16 3576
512 160 16 16 2312
384 176 16 16 4144
400 176 16 16 3752
512 176 16 16 2397
32 192 16 16 1241
48 192 16 16 1023
96 192 16 16 1650
112 192 16 16 2419
160 192 16 16 1280
512 192 16 16 2334
656 192 16 16 1987
32 208 16 16 831
112 208 16 16 1946
160 208 16 16 2138
176 208 16 16 551
512 208 16 16 1872
32 224 16 16 253
48 224 16 16 315
192 224 16 16 1156
512 224 16 16 1371
688 224 16 16 3868
64 240 16 16 533
80 240 16 16 517
192 240 16 16 2432
208 240 16 16 2314
512 240 16 16 1735
544 240 16 16 65
688 240 16 16 3789
32 256 16 16 798
48 256 16 16 912
64 256 16 16 520
112 256 16 16 1587
544 256 16 16 787
48 272 16 16 835
80 272 16 16 594
96 272 16 16 1106
112 272 16 16 1605
544 272 16 16 1378
544 288 16 16 708
544 304 16 16 1341
688 304 16 16 2603
544 320 16 16 1943
688 320 16 16 3109
544 336 16 16 1833
688 336 16 16 2717
688 352 16 16 1875
624 368 16 16 410
640 368 16 16 585
688 368 16 16 1551
32 384 16 16 177
48 384 16 16 181
672 384 16 16 1518
688 384 16 16 1922
32 400 16 16 142
640 400 16 16 914
656 400 16 16 1330
688 400 16 16 2452
0 416 16 16 64
16 416 16 16 97
608 416 16 16 2079
640 416 16 16 1215
16 432 16 16 79
608 432 16 16 2945
624 432 16 16 1173
640 432 16 16 1438
656 432 16 16 1101
16 448 16 16 57
640 448 16 16 1065
656 448 16 16 1582
688 448 16 16 3213
0 464 16 16 32
16 464 16 16 62
672 464 16 16 2891
688 464 16 16 3231
320 480 16 16 602
368 480 16 16 570
640 480 16 16 1079
320 496 16 16 377
368 496 16 16 487
0 512 16 16 25
16 512 16 16 31
640 512 16 16 2033
640 528 16 16 1975
656 528 16 16 2751
128 544 16 16 30
144 544 16 16 34
160 544 16 16 37
176 544 16 16 45
192 544 16 16 61
208 544 16 16 72
576 544 16 16 944
592 544 16 16 715
640 544 16 16 1337
656 544 16 16 3525
144 560 16 16 19
208 560 16 16 59
656 560 16 16 4506
208 576 16 16 39
224 576 16 16 46
240 576 16 16 57
544 576 16 16 1076
560 576 16 16 662
608 576 16 16 1336
656 576 16 16 4562
240 592 16 16 31
544 592 16 16 640
608 592 16 16 1083
624 592 16 16 2216
640 592 16 16 4140
656 592 16 16 4568
304 608 16 16 29
320 608 16 16 34
336 608 16 16 39
384 640 16 16 25
400 640 16 16 21
480 640 16 16 28
528 640 16 16 125
400 656 16 16 22
480 656 16 16 50
528 656 16 16 91
416 672 16 16 27
432 672 16 16 42
528 672 16 16 77
640 672 16 16 2654
656 672 16 16 3452
768 672 16 16 3227
784 672 16 16 2867
432 688 16 16 28
512 688 16 16 59
528 688 16 16 40
544 688 16 16 21
656 688 16 16 2919
784 688 16 16 2295
448 704 16 16 32
464 704 16 16 51
544 704 16 16 29
656 704 16 16 2867
704 704 16 16 927
720 704 16 16 513
736 704 16 16 507
800 704 16 16 910
816 704 16 16 1237
544 720 16 16 52
560 720 16 16 51
704 720 16 16 825
736 720 16 16 1018
752 720 16 16 1086
496 736 16 16 47
512 736 16 16 66
528 736 16 16 58
576 736 16 16 59
800 736 16 16 942
832 736 16 16 307
880 736 16 16 493
528 752 16 16 65
576 752 16 16 69
800 752 16 16 1873
816 752 16 16 1509
832 752 16 16 1443
864 752 16 16 212
880 752 16 16 468
608 768 16 16 77
656 768 16 16 175
608 784 16 16 80
624 784 16 16 99
640 784 16 16 130
656 784 16 16 121
544 800 16 16 37
560 800 16 16 57
736 800 16 16 149
960 800 16 16 1007
976 800 16 16 753
992 800 16 16 1245
1008 800 16 16 1696
560 816 16 16 50
736 816 16 16 125
752 816 16 16 133
960 816 16 16 660
928 832 16 16 1366
928 848 16 16 1645
944 848 16 16 1254
992 848 16 16 396
592 864 16 16 38
992 864 16 16 615
592 880 16 16 21
992 880 16 16 742
624 896 16 16 41
624 912 16 16 27
640 928 16 16 28
656 928 16 16 52
656 944 16 16 35
672 992 16 16 28
688 992 16 16 46
688 1008 16 16 36
512 0 32 32 963
512 32 32 32 3663
800 32 32 32 1674
832 32 32 32 3397
864 32 32 32 6358
512 64 32 32 3160
512 96 32 32 2461
384 128 32 32 4222
416 128 32 32 4180
512 128 32 32 2259
416 160 32 32 3525
640 160 32 32 1470
672 160 32 32 2536
0 192 32 32 786
64 192 32 32 971
128 192 32 32 2505
192 192 32 32 101
224 192 32 32 2640
672 192 32 32 4022
0 224 32 32 784
96 224 32 32 1080
128 224 32 32 2117
160 224 32 32 2465
224 224 32 32 2257
0 256 32 32 925
512 256 32 32 1976
0 288 32 32 1280
32 288 32 32 1209
64 288 32 32 1398
96 288 32 32 1412
512 288 32 32 2559
512 320 32 32 2924
512 352 32 32 3226
544 352 32 32 2314
0 384 32 32 117
576 384 32 32 2816
32 416 32 32 103
576 416 32 32 2463
672 416 32 32 2712
32 448 32 32 81
320 448 32 32 998
352 448 32 32 1300
0 480 32 32 42
32 480 32 32 58
672 480 32 32 3390
32 512 32 32 31
64 512 32 32 38
96 512 32 32 47
128 512 32 32 56
160 512 32 32 71
192 512 32 32 86
224 512 32 32 100
576 512 32 32 1091
608 512 32 32 2590
672 512 32 32 4281
224 544 32 32 79
608 544 32 32 1719
672 544 32 32 4782
256 576 32 32 55
288 576 32 32 57
320 576 32 32 61
352 576 32 32 63
512 576 32 32 1477
672 576 32 32 4854
352 608 32 32 36
512 608 32 32 259
640 608 32 32 4255
672 608 32 32 5204
416 640 32 32 26
448 640 32 32 33
640 640 32 32 3571
672 640 32 32 4791
768 640 32 32 4780
800 640 32 32 5322
448 672 32 32 51
480 672 32 32 62
672 672 32 32 3245
800 672 32 32 2643
480 704 32 32 62
512 704 32 32 44
672 704 32 32 1037
832 704 32 32 1172
864 704 32 32 1405
544 736 32 32 60
672 736 32 32 938
704 736 32 32 1513
736 736 32 32 1874
768 736 32 32 1787
544 768 32 32 50
576 768 32 32 80
672 768 32 32 411
704 768 32 32 1038
736 768 32 32 1369
960 768 32 32 1884
992 768 32 32 2625
576 800 32 32 74
608 800 32 32 82
640 800 32 32 102
672 800 32 32 110
704 800 32 32 128
576 832 32 32 58
608 832 32 32 79
896 832 32 32 1762
960 832 32 32 797
608 864 32 32 55
896 864 32 32 1162
928 864 32 32 1665
960 864 32 32 1016
640 896 32 32 66
672 896 32 32 89
672 928 32 32 73
672 960 32 32 51
832 64 64 64 5460
0 128 64 64 1428
64 128 64 64 2397
128 128 64 64 3144
192 128 64 64 3971
448 128 64 64 3921
704 128 64 64 1659
384 192 64 64 3937
448 192 64 64 3554
704 192 64 64 4609
704 256 64 64 4135
0 320 64 64 1187
64 320 64 64 1737
704 320 64 64 4249
64 384 64 64 210
256 384 64 64 2401
320 384 64 64 2828
512 384 64 64 3558
704 384 64 64 4724
64 448 64 64 84
256 448 64 64 694
512 448 64 64 3429
576 448 64 64 2675
704 448 64 64 5034
256 512 64 64 152
320 512 64 64 276
512 512 64 64 2659
704 512 64 64 4962
704 576 64 64 5109
704 640 64 64 3785
832 640 64 64 4356
896 768 64 64 942
640 832 64 64 93
704 832 64 64 122
704 896 64 64 92
704 960 64 64 71
0 0 128 128 2773
128 0 128 128 4157
256 0 128 128 4145
384 0 128 128 3570
896 0 128 128 5274
256 128 128 128 4039
768 128 128 128 3907
896 128 128 128 5072
128 256 128 128 2831
256 256 128 128 3817
384 256 128 128 3817
128 384 128 128 625
384 384 128 128 3008
384 512 128 128 1037
768 512 128 128 5549
896 512 128 128 5472
896 640 128 128 4603
768 768 128 128 892
768 896 128 128 97
896 896 128 128 660
768 256 256 256 5048
